state,x1,x2
on,0.8351285124179849,0.08683728708464537
off,1.5921245122097945,-0.5962854843014576
edge,1.144560728980435,0.258014610416246
