state,x1,x2
on,0.7891275106468626,0.08159514280131631
off,1.309468681998503,-0.5659797108695561
edge,0.9665213991858321,0.2324621706049544
