state,time,x1,x2,amoc_strength
on,1.0,35.499147151115636,36.15163647898134,14.980992068465678
on,2.0,35.498813364865626,36.152193993752505,14.712389709241112
on,3.0,35.49724537578534,36.150884054303134,14.443354753349947
on,4.0,35.4953229424972,36.1514658569788,14.706469265495528
on,5.0,35.49360729574225,36.15245188029238,15.040111030838512
on,6.0,35.49089174913247,36.152544268962174,15.782592024693535
on,7.0,35.48696613836386,36.1522843877281,15.335012631577394
on,8.0,35.485101909380994,36.150809411907225,14.669578648283549
on,9.0,35.482907859411206,36.14827503763042,13.650760044379336
on,10.0,35.48100197267155,36.14708926415554,14.459042890609688
on,11.0,35.479950715102625,36.146099542157344,14.157862898822973
on,12.0,35.48096991372608,36.145705848386434,14.32641199053907
on,13.0,35.482495663094056,36.146968319159065,14.741253582822884
on,14.0,35.48392800709193,36.14675589130232,14.713473169564484
on,15.0,35.4851518061327,36.146501563028615,15.863190208183305
on,16.0,35.48648592703857,36.14665350873791,14.909594051035736
on,17.0,35.487970749041295,36.14565352046193,14.780102425828122
on,18.0,35.48839146720084,36.14531021237116,15.438859186243526
on,19.0,35.48814806309515,36.14589877818798,15.259791433207086
on,20.0,35.48791224674519,36.14594238256746,14.581302127620964
on,21.0,35.48896601005064,36.14618462816031,15.334823514241476
on,22.0,35.487511909949504,36.144432190175664,15.243267047103028
on,23.0,35.487970805547995,36.14366739229249,15.092835975703096
on,24.0,35.4882696660041,36.14402812860514,15.236280410588169
on,25.0,35.49044264159178,36.143294536578686,14.842544780618766
on,26.0,35.48936806966373,36.14280654668041,14.780598414137565
on,27.0,35.4873127658664,36.14443125391907,14.43176507416536
on,28.0,35.486890366662124,36.145681346136406,14.404382082395143
on,29.0,35.48569469879199,36.14682470748575,14.7843403929032
on,30.0,35.4827151158752,36.147681277876956,14.40779550007457
on,31.0,35.480123434317925,36.14819087763399,14.632155103186193
on,32.0,35.4782692796543,36.14832394921767,15.023102894650417
on,33.0,35.477033260600976,36.14777444772893,15.388436643321949
on,34.0,35.47619295249089,36.14638784960004,14.984923165211018
on,35.0,35.477340535734555,36.14675003712038,15.483499332320076
on,36.0,35.47856435917719,36.14906098482019,15.565043694976975
on,37.0,35.47970978453534,36.14939550594102,16.3226285372587
on,38.0,35.48185335841563,36.150597960096306,15.363618848191717
on,39.0,35.484760424564264,36.1509003673702,15.476031873342531
on,40.0,35.48776074593299,36.150457031350435,15.155308011098459
on,41.0,35.49086920882195,36.1501886163589,15.395272438225247
on,42.0,35.49477279913384,36.14960743103278,15.062081617569374
on,43.0,35.499375401780064,36.14975835150999,15.068851198151515
on,44.0,35.502460027371015,36.14613979290398,14.687427331112373
on,45.0,35.50535860008023,36.14486756850115,15.074713723507951
on,46.0,35.507990557052636,36.14396914125806,15.182760721832182
on,47.0,35.51061869601838,36.14058796515541,14.372635383533119
on,48.0,35.511485935088075,36.13838337049929,15.26995360716328
on,49.0,35.51288879888122,36.13768199438258,15.502581597458235
on,50.0,35.514350018972955,36.13696635033074,15.245593760990836
on,51.0,35.515476849820516,36.135073664335025,15.239369480047158
on,52.0,35.516213284110734,36.13376270663941,15.864778779353532
on,53.0,35.51764563284404,36.13289085044895,15.112808857669425
on,54.0,35.51973947996966,36.1304437207246,14.819357423401186
on,55.0,35.52223190361112,36.12916503747316,15.684149564361938
on,56.0,35.52258390373475,36.13039955861532,15.869811734866946
on,57.0,35.52287575593447,36.13046457491307,15.648188708172622
on,58.0,35.52289210432199,36.13138038152885,15.162264075114969
on,59.0,35.522934595707795,36.13457182373472,15.165215921723005
on,60.0,35.52286269857644,36.136270183663854,16.01751218327575
on,61.0,35.52232730581216,36.136054488733265,15.795050944652807
on,62.0,35.5212258841544,36.13570554170783,15.484301028395365
on,63.0,35.51986639362427,36.1342026888907,14.994362522637786
on,64.0,35.51716756264168,36.131488123445145,14.983821211375869
on,65.0,35.51446938882456,36.1318632793659,15.437642819974116
on,66.0,35.513140774925276,36.13245709571962,15.627724479063664
on,67.0,35.51122272859691,36.13215006664696,15.766354702853397
on,68.0,35.50936027236992,36.1312295068171,15.805668677744071
on,69.0,35.506237359472664,36.129544625430256,16.32167091137287
on,70.0,35.50280219517848,36.128840871598904,15.418634207170669
on,71.0,35.50018658974283,36.12819348083221,14.62252987929049
on,72.0,35.4955904415724,36.12757869058166,16.323625222741505
on,73.0,35.49277623834464,36.12859856506486,15.451046777608465
on,74.0,35.49203113855371,36.12918540747633,15.534288557473129
on,75.0,35.492872294110555,36.12976843532511,14.314932280161308
on,76.0,35.49245535478024,36.13121929644449,15.16951032361954
on,77.0,35.49104258673479,36.12940868658005,14.51938688392448
on,78.0,35.49078884119444,36.1294100754011,13.736040112736465
on,79.0,35.49001038541333,36.13161982480603,14.395026664098117
on,80.0,35.490141294789375,36.13173203332574,14.829871913825553
on,81.0,35.48988552833323,36.13450067845547,15.14074133504025
on,82.0,35.49190006007319,36.136884664238586,15.71658352396499
on,83.0,35.49519775980512,36.13838821584938,15.481449834406082
on,84.0,35.49967779453591,36.13733991509408,15.286455756033595
on,85.0,35.50373037653299,36.135845972200485,15.745397261981028
on,86.0,35.50805241401849,36.13598814315041,15.361158926003005
on,87.0,35.510387355420804,36.13705572846966,15.49782599787319
on,88.0,35.51265101675034,36.137156786096575,15.332731448039821
on,89.0,35.51270042449525,36.13661948993966,15.370823238768303
on,90.0,35.51313385828196,36.13507362953768,14.73880552388082
on,91.0,35.51111184732549,36.13487973753901,14.931153845139427
on,92.0,35.50857683306853,36.13599298619982,14.751119114749716
on,93.0,35.50533220764281,36.136351090650365,14.98815968971882
on,94.0,35.502878559743664,36.13673476104337,16.05301911962059
on,95.0,35.50082881983185,36.13809027883562,15.991800109232344
on,96.0,35.499873479677824,36.1379121384461,15.952619939615978
on,97.0,35.49913250370104,36.137846971016835,15.72610560642478
on,98.0,35.4972251605618,36.13955705646941,14.989266341435432
on,99.0,35.49770350698076,36.140449183111606,15.883306422203361
on,100.0,35.497335842375946,36.140672492669594,15.356081558214619
on,101.0,35.49693856137134,36.142297934447264,15.42538413530851
on,102.0,35.49760833212084,36.1420084408514,15.346683666453128
on,103.0,35.497826472734694,36.138873999369046,15.20667628859022
on,104.0,35.49754536932562,36.13524531717943,15.305071771869855
on,105.0,35.49597708778383,36.13360115910119,14.588647702405542
on,106.0,35.49496329193767,36.13229071899914,14.356877901657732
on,107.0,35.49368353753439,36.131701998116725,15.020083033727744
on,108.0,35.49428349640146,36.13209171282174,15.127714682216178
on,109.0,35.49323589569367,36.13173606164798,14.00521853050531
on,110.0,35.49211392059486,36.132756114473075,15.48331146122283
on,111.0,35.49153719576414,36.13373823637588,16.073603346802457
on,112.0,35.49159086176754,36.13425297260412,16.602909396659623
on,113.0,35.490713337746826,36.13608992686292,16.176543733436954
on,114.0,35.49181164618114,36.137208253634334,15.356946342229612
on,115.0,35.492564816534,36.13836557157295,15.34396789771148
on,116.0,35.49289741671525,36.14112176406495,15.640699653380118
on,117.0,35.49389875463219,36.143673161952094,16.480259728972772
on,118.0,35.49589956414456,36.14428604093651,16.075435799932567
on,119.0,35.497378611666136,36.14230520999852,15.707587208848617
on,120.0,35.498002851040994,36.13990795285826,15.51886394412783
on,121.0,35.498578700887755,36.138200398927616,15.658159408436223
on,122.0,35.50029491485523,36.13853721483564,15.561302441429033
on,123.0,35.50196787952694,36.13914966868906,15.029488627092285
on,124.0,35.503410867259085,36.13869165962031,15.45176072251763
on,125.0,35.503685238657624,36.139685317648876,15.279217049945444
on,126.0,35.50314102584772,36.14115882668942,15.253348922411076
on,127.0,35.50292468128599,36.14026368312226,15.6437150837098
on,128.0,35.503504273147406,36.13856565025746,15.813649688075191
on,129.0,35.503333335675194,36.136736569953726,14.991470719101592
on,130.0,35.50293990379117,36.13533079603188,15.815315623103356
on,131.0,35.5012574077701,36.135036080228616,16.068715880214487
on,132.0,35.500452436069786,36.1350403166306,14.963710385678404
on,133.0,35.498693391559,36.136795507012316,15.230459385730434
on,134.0,35.49755770778407,36.13638425331596,15.5535715525428
on,135.0,35.495804475347526,36.136190972095946,15.158808694369306
on,136.0,35.49339385199917,36.13608137360836,15.650005869566161
on,137.0,35.4924139420748,36.13563774282448,16.491803805696225
on,138.0,35.489915935122916,36.13404320100219,16.717228745192763
on,139.0,35.48820455834522,36.131192675831564,15.892792932706318
on,140.0,35.48798656948038,36.133294242296884,16.45495191326044
on,141.0,35.48722590891103,36.13260877926193,16.492967895020698
on,142.0,35.48661647902419,36.13213168964763,17.169059807841847
on,143.0,35.48599772536227,36.13361565610328,15.853880738768863
on,144.0,35.48531530009508,36.13323839611884,15.181388326755169
on,145.0,35.48582456377123,36.132117366032794,15.10953620139096
on,146.0,35.48498407324168,36.134128278361075,15.051181659097495
on,147.0,35.48613886171749,36.13298697875772,15.749416009889178
on,148.0,35.48770166482177,36.13033182707923,15.376895521465219
on,149.0,35.48835318605009,36.129239979877745,15.1724473736204
on,150.0,35.48845406054871,36.12738038745945,15.845308296784978
on,151.0,35.48893593312538,36.128761885898314,15.61227657326221
on,152.0,35.488931062257166,36.13000795522235,15.36801308522153
on,153.0,35.488501092333856,36.13083483817668,15.167991553119322
on,154.0,35.48838912256674,36.129845561054914,15.627791664237233
on,155.0,35.48907754802622,36.131282288023755,14.843519251404498
on,156.0,35.48927820545174,36.13342656734296,14.799772767338265
on,157.0,35.489179933783674,36.13562701194673,14.519286844366205
on,158.0,35.48888127474695,36.138242104519016,14.936302132655676
on,159.0,35.48757096552592,36.137884785700365,15.043010852106923
on,160.0,35.4860303824167,36.14031269048214,15.721896391422309
on,161.0,35.4854276755637,36.14179590677476,15.652141806225242
on,162.0,35.486037208377184,36.13996763776357,14.46499923112071
on,163.0,35.48642961080688,36.13843749070147,15.379640275722476
on,164.0,35.487127042894684,36.137538965298816,14.495931744272422
on,165.0,35.48580312811874,36.13748195394373,14.941828779064057
on,166.0,35.483495441466246,36.13738471204616,14.811289382031838
on,167.0,35.482634604020994,36.13791863437465,15.005249716564595
on,168.0,35.482043783421794,36.13690960093589,15.648125824932627
on,169.0,35.48293588363616,36.13537250703703,15.156199359130213
on,170.0,35.481769266994974,36.13686872655967,14.728824249364218
on,171.0,35.47987809663673,36.137503455378166,14.194041744253008
on,172.0,35.47616123725939,36.136823849491414,14.22497212907415
on,173.0,35.47049826767263,36.136017987642425,13.833160782045692
on,174.0,35.465609021913046,36.13585594767813,13.468991348310368
on,175.0,35.45953080560818,36.13610783783798,13.912882217337184
on,176.0,35.454731808773474,36.138694309628306,14.375522954968641
on,177.0,35.45320831571788,36.138353025928815,14.209859828439434
on,178.0,35.453746195926264,36.139469047809115,14.73669161360533
on,179.0,35.45421044285401,36.139235883444435,13.727555345253203
on,180.0,35.45453050141004,36.13989063824733,13.890608440775576
on,181.0,35.45631126277093,36.14057472282684,13.954291597920252
on,182.0,35.459867828467004,36.140924178188996,14.118471293074153
on,183.0,35.46302139969287,36.140414307710856,14.592103422393343
on,184.0,35.46539773319191,36.14120490760439,15.018527044446426
on,185.0,35.46866306476462,36.14151627042179,14.11068157308743
on,186.0,35.47264207096666,36.140610088341475,13.845497984556765
on,187.0,35.47553291850557,36.13694557886077,13.875163955431791
on,188.0,35.47764459662996,36.13676626548694,13.219347058752279
on,189.0,35.47970320382164,36.13576264197685,13.883292410627606
on,190.0,35.481559649227044,36.13703811474317,13.667847238985676
on,191.0,35.48401011601806,36.13516689236014,13.805477092829873
on,192.0,35.48673234136248,36.13402127156674,14.395812932243103
on,193.0,35.49031597215248,36.13304208045319,14.74354337057172
on,194.0,35.49165408221587,36.131732426068936,14.45783375860014
on,195.0,35.49204647633248,36.13059664889573,15.482313036242253
on,196.0,35.493379182604365,36.130883846464215,18.045158907174823
on,197.0,35.49520266751172,36.132007322198994,16.103567739302903
on,198.0,35.49541245579083,36.13353315216337,15.039869708257818
on,199.0,35.49330625262293,36.13488344209173,15.900494478175538
on,200.0,35.491892887724745,36.13802542825829,15.577328126017624
on,201.0,35.4901145924987,36.1396105402304,15.0517106470808
on,202.0,35.48917032148121,36.141057141022515,15.244596802588791
on,203.0,35.48854365636619,36.14130663720603,15.307675224706996
on,204.0,35.488096081815414,36.140982172329544,14.579964699199085
on,205.0,35.48804166683342,36.139967497900535,14.909209818841077
on,206.0,35.486576806851524,36.13998760379634,15.720564614452861
on,207.0,35.48405396581373,36.13836674138871,15.566882607718165
on,208.0,35.480135872074506,36.136583768915905,14.935883471035968
on,209.0,35.47809843645087,36.13576413740289,14.766124614078933
on,210.0,35.477201016511394,36.134071164449836,14.798658856968313
on,211.0,35.47735935203261,36.13488544904056,14.851622353820309
on,212.0,35.47785267891198,36.13572323159056,14.236166179499506
on,213.0,35.47765318912767,36.137347329786685,14.407591629381592
on,214.0,35.47683856717783,36.139981837168506,14.078312427322864
on,215.0,35.47631565094468,36.13834817277128,14.444071758446107
on,216.0,35.47642427898973,36.137272884590985,14.535719875925324
on,217.0,35.47744849614363,36.13995488001122,15.82338309310811
on,218.0,35.47932047870042,36.14074682882255,16.019500307762506
on,219.0,35.48137345941347,36.14124254536765,14.964305233411782
on,220.0,35.48244460765298,36.14261141152608,15.05834111472463
on,221.0,35.48487164576817,36.14243417930412,14.861936942089342
on,222.0,35.48652957276472,36.142909057725966,14.651364407404827
on,223.0,35.487344769950475,36.14375546931482,14.567575963544726
on,224.0,35.48852640785452,36.144050901195,14.845041698204563
on,225.0,35.488571112018825,36.1461245931213,15.321932429153101
on,226.0,35.48937111994724,36.14687853964241,14.58419722309145
on,227.0,35.49119304495532,36.14686994159271,14.247041044886263
on,228.0,35.493136991501956,36.14692471349053,14.431250207323401
on,229.0,35.494671472483994,36.147558858443716,14.578783811649501
on,230.0,35.494630481286855,36.15032629117448,14.993486216815565
on,231.0,35.49279863277796,36.1492344412131,14.18211422924286
on,232.0,35.49267886356337,36.14807403947186,15.577688913923218
on,233.0,35.492925439390575,36.1452734329386,15.367765400268947
on,234.0,35.494579086188224,36.14099159364156,14.90050248906055
on,235.0,35.495595824184804,36.13745558477044,14.717569251879514
on,236.0,35.49471559830865,36.13563030524856,15.358254515680134
on,237.0,35.49160447321125,36.13660545028265,14.799293832211529
on,238.0,35.487900932257546,36.13840133394298,15.52057482881072
on,239.0,35.48310634650147,36.13754474924155,14.882947170665
on,240.0,35.47931502084202,36.13719679389167,14.957968798801701
on,241.0,35.477132324499706,36.138948990150574,14.970732348101226
on,242.0,35.474680497422725,36.141867658895656,14.176543502227183
on,243.0,35.47303016683826,36.144148149889176,14.895066100803312
on,244.0,35.47365959898364,36.14402401128188,15.081128364516118
on,245.0,35.47511224171982,36.14547626685298,15.641061288803494
on,246.0,35.47654858355542,36.146097877770316,16.211514656911103
on,247.0,35.47747459812313,36.1451097701845,15.332213463008525
on,248.0,35.47787001042664,36.14217100829655,15.39736027523897
on,249.0,35.47823850299746,36.139734310342696,15.134363834565551
on,250.0,35.47845210729318,36.13798111928652,15.201592869199926
on,251.0,35.47916419484251,36.13742878964408,14.589502971296778
on,252.0,35.48000519674059,36.13739660234628,14.74970065922767
on,253.0,35.48052949421601,36.136891310014,14.38207100247152
on,254.0,35.48137150270491,36.13823119140487,14.079324996071893
on,255.0,35.4817263486587,36.138905850727966,14.631679409178634
on,256.0,35.48290925720816,36.13778754256114,14.45134841467722
on,257.0,35.484978496192625,36.1373189411183,13.882568501662274
on,258.0,35.48721376109764,36.13645757731705,13.319237373718492
on,259.0,35.48716785273681,36.13754593900825,14.791966348259152
on,260.0,35.48690187436749,36.13521000287035,13.727554615231599
on,261.0,35.486591222524595,36.13421800705486,14.018708376108997
on,262.0,35.48679999626493,36.13277098217421,14.50076001582979
on,263.0,35.48761514441958,36.13315770770174,15.713440907626754
on,264.0,35.48778878569805,36.13319115020988,15.358900772991523
on,265.0,35.48734366122753,36.13005478860527,15.737190274117637
on,266.0,35.48691098739243,36.12913485853734,15.114658624305104
on,267.0,35.485009263441846,36.12811752269579,15.321681418325468
on,268.0,35.481866916857605,36.12762292695238,15.005625928778766
on,269.0,35.480547336773576,36.1281725238919,14.899028505055586
on,270.0,35.47935432832154,36.12818973174175,14.98601003571008
on,271.0,35.477968377393616,36.127996856765165,14.483864873995149
on,272.0,35.47561623693304,36.127876190213364,14.816420673940474
on,273.0,35.47362064872467,36.128357028743935,14.81965674230285
on,274.0,35.472567710138364,36.131297426984155,14.210696370205858
on,275.0,35.47141852071336,36.13342303302284,13.708995727384439
on,276.0,35.46968185559102,36.13379318377851,13.173374826974012
on,277.0,35.46739421174894,36.134716768337235,14.030697248432821
on,278.0,35.465483249317245,36.13562083487341,14.295065945729263
on,279.0,35.46286198252066,36.13623738671629,13.739189116306243
on,280.0,35.45998354973379,36.13696660920943,13.988635049311567
on,281.0,35.45740634190688,36.136827231248255,14.44703466841587
on,282.0,35.45667589819873,36.13649353678622,13.778485378418608
on,283.0,35.45563202696239,36.136901476054774,13.836611174665391
on,284.0,35.457026337787084,36.13477774616087,14.169379801452768
on,285.0,35.460005407253995,36.13339418283782,15.45194363861508
on,286.0,35.463965981473876,36.13290237103119,14.709671360572571
on,287.0,35.46623606973629,36.13041912346005,14.526649406293805
on,288.0,35.46828268877516,36.12986503562932,14.0632340480241
on,289.0,35.469016340987544,36.12871153814988,13.79100197832101
on,290.0,35.47040248828301,36.12954514247266,14.009301480402076
on,291.0,35.471270818149634,36.13049203613225,14.321837269504446
on,292.0,35.472374680152676,36.12998735580255,14.594727880303463
on,293.0,35.47375319639831,36.12907492020402,14.148879572894007
on,294.0,35.4754077126935,36.1305339785339,14.05174579578455
on,295.0,35.47602416516286,36.13134257522667,14.539712608717089
on,296.0,35.47659641022141,36.13364656010442,14.640704516239808
on,297.0,35.47763625422704,36.13489146890055,14.300476522009108
on,298.0,35.47822863842037,36.135653966687364,13.539112878433695
on,299.0,35.477707914695245,36.136658785899506,14.470601540743516
on,300.0,35.47760707892997,36.13732166479773,14.281192960319682
on,301.0,35.478413849391146,36.13852912790164,14.602942030182202
on,302.0,35.47938504853065,36.14038198473562,14.521797641597866
on,303.0,35.478387610823994,36.14129131827385,14.240454179915325
on,304.0,35.47562117521127,36.14058289286883,14.354236044904482
on,305.0,35.47465896190636,36.13916923574363,13.870666193192818
on,306.0,35.47289137719047,36.138959767637076,14.111813174182142
on,307.0,35.47104413588898,36.139463904570604,14.798484272623202
on,308.0,35.46967129777905,36.13930704724908,14.190454953647812
on,309.0,35.46813475666727,36.13985675577961,14.522329130682849
on,310.0,35.46806304403179,36.13874344618562,14.913256366282196
on,311.0,35.470428462408385,36.13839649827666,14.402106625442183
on,312.0,35.473717234341585,36.13705638314702,14.7893799179949
on,313.0,35.47838777229155,36.13481974817993,14.519382587165012
on,314.0,35.48345292068411,36.13269705054577,13.98612193529525
on,315.0,35.48731115371913,36.13079798126445,14.426731083514461
on,316.0,35.4898679433066,36.1309811620585,14.445573909873106
on,317.0,35.49072467518548,36.13238219369821,14.29394478985541
on,318.0,35.491074164470824,36.13444674612659,13.008044671597101
on,319.0,35.490160617876015,36.13431581310895,14.113681157185098
on,320.0,35.48803018161074,36.13442824983127,13.856139715980682
on,321.0,35.48561285514439,36.135275667031124,14.64635326738714
on,322.0,35.48417296788447,36.13540958468697,14.963387179208398
on,323.0,35.48509826156936,36.13581446586024,14.988862921036285
on,324.0,35.48493003128638,36.134605723447876,14.316808237903741
on,325.0,35.4853170774947,36.13300639727072,14.714509262750903
on,326.0,35.48552463718529,36.13183672210405,14.445499337325838
on,327.0,35.48584893140057,36.132057298323254,14.207535598166182
on,328.0,35.48633855542031,36.13224640090359,14.339200657880394
on,329.0,35.48546011987788,36.132606324940724,14.244186523584283
on,330.0,35.48427687179379,36.135440970175736,14.922905185725067
on,331.0,35.48455798847223,36.13733899256904,14.66983486789984
on,332.0,35.48576535356271,36.139131884215296,14.820612056064057
on,333.0,35.48647966330412,36.13998563744166,15.135495941330166
on,334.0,35.487607236122315,36.13987981100934,15.477599902332154
on,335.0,35.48913175119163,36.138537517945544,14.95699642597289
on,336.0,35.48965640233308,36.13507679343173,15.018349111056391
on,337.0,35.49161544477793,36.13441495262694,14.874771459818444
on,338.0,35.49357494496931,36.13644315461953,14.619348833490953
on,339.0,35.49586284336138,36.13874985428142,14.081949353178683
on,340.0,35.496004667945776,36.140315893236554,14.974004312629145
on,341.0,35.49718307874491,36.142711371724324,14.775363941330276
on,342.0,35.49835255263321,36.14308962707712,14.003081729804755
on,343.0,35.49798593008264,36.14231388396573,14.734698679186828
on,344.0,35.4992893647833,36.1414175873448,14.539710016171608
on,345.0,35.501809140238755,36.14043498129803,14.869095345762299
on,346.0,35.5039974542612,36.13849770206622,15.215366882699694
on,347.0,35.5028042837159,36.13837561594489,15.457681011418835
on,348.0,35.50282883992532,36.140715807151466,15.01248644773769
on,349.0,35.50297623310733,36.14527808907754,14.923538465120968
on,350.0,35.502001952135466,36.14922270723764,14.830263465575522
on,351.0,35.50164941806409,36.150091807010114,15.072773787502513
on,352.0,35.50274074611384,36.150141076202765,15.370770127830024
on,353.0,35.50563232371328,36.150786510733525,15.69379245713274
on,354.0,35.50940249380646,36.14985354057454,14.814973256561034
on,355.0,35.51258359609629,36.146207813224144,15.645299331615277
on,356.0,35.51279126635896,36.14657805703509,15.203605881529288
on,357.0,35.51106198443224,36.14763872825037,16.319552929527646
on,358.0,35.50790230936263,36.14824214794228,16.40805908428697
on,359.0,35.50406976771898,36.149800876567895,16.98653854700704
on,360.0,35.50209415605082,36.151166941654765,16.02961130291005
on,361.0,35.500524306013205,36.15254595655567,16.07482771346269
on,362.0,35.50055890573136,36.150701113347765,16.288555926278928
on,363.0,35.50078641610741,36.15118299022764,15.927197074867877
on,364.0,35.50126670329836,36.153369874175276,16.132539802442828
on,365.0,35.50321265246713,36.152534574862955,16.169222364544023
on,366.0,35.50485843590713,36.14918370422181,15.784562430479268
on,367.0,35.505653923562484,36.1469148944503,15.675141039502858
on,368.0,35.5062573284027,36.14678615901449,16.989364483466044
on,369.0,35.50731885863824,36.148569206638946,17.126175178421327
on,370.0,35.50791827572575,36.148367613178465,15.85521558885921
on,371.0,35.507492366753816,36.14892037010393,15.580378561820748
on,372.0,35.50695039161798,36.14629657137763,14.779785075995314
on,373.0,35.506405526721,36.14385077215768,15.0178727252793
on,374.0,35.50671132955128,36.14289624016193,14.906805482373123
on,375.0,35.50581287896096,36.143594634236266,15.323043362720417
on,376.0,35.504084001821504,36.14228369482884,14.829466831894656
on,377.0,35.50228155514079,36.14304057007304,15.199946109932586
on,378.0,35.501803804005455,36.14325785883504,15.589150691452016
on,379.0,35.50313143039389,36.14242512344146,15.419954157150558
on,380.0,35.50269948896037,36.142878026640375,15.689499558104355
on,381.0,35.502480544364474,36.14333985352451,14.858929055765621
on,382.0,35.50115411058602,36.14155156796288,15.183666028597965
on,383.0,35.50090162067336,36.140300699963454,16.63415032012901
on,384.0,35.5018218731037,36.13957937942047,15.550284551755956
on,385.0,35.5018064016047,36.13953950196137,16.281935851534453
on,386.0,35.501596156803416,36.140471527135105,15.047223210923349
on,387.0,35.502528353854835,36.14102749285257,16.310686052365632
on,388.0,35.503769126114214,36.138251423708056,16.457381810824174
on,389.0,35.50707142857229,36.13599485375171,15.041262124998607
on,390.0,35.510738515832166,36.136277484044626,15.542968622829182
on,391.0,35.51210055417683,36.13859822450809,16.071438054069546
on,392.0,35.512362447133675,36.140497198637725,15.778064653927682
on,393.0,35.51109412767638,36.14177303763049,15.163726076700783
on,394.0,35.51016413489633,36.141271371618856,14.978951545394148
on,395.0,35.50919352918022,36.14292472248286,16.884372259368213
on,396.0,35.5085045242654,36.1446236317758,15.87184309074765
on,397.0,35.508801362590496,36.14545984408779,16.332942934164514
on,398.0,35.51038772150427,36.14635816759049,15.79000688528468
on,399.0,35.51055366512252,36.14629743405629,14.958842937855774
on,400.0,35.51140105892458,36.14676958524222,15.63335549550413
on,401.0,35.51096735533572,36.145978357940166,15.585884284918865
on,402.0,35.51002388543762,36.14587103867447,15.920442026762483
on,403.0,35.50721635090507,36.14775222819399,17.27309727091622
on,404.0,35.50541805387135,36.15094843280732,17.195447879435363
on,405.0,35.50403663668631,36.15065983610986,17.013898353785894
on,406.0,35.50238399593197,36.14958645239582,16.765721113903982
on,407.0,35.500120208417,36.149995955415626,16.835823105784257
on,408.0,35.498414333434376,36.1479121017874,16.499683442219634
on,409.0,35.4961033425891,36.14824676456623,15.568167529730813
on,410.0,35.49292331879517,36.148094783026906,15.323768446589664
on,411.0,35.4914971785209,36.14695108412505,16.20433310427849
on,412.0,35.491498951905506,36.14538068491728,15.867903915857895
on,413.0,35.491002977856525,36.14404310052171,16.096758969003403
on,414.0,35.49092423217359,36.1442088578422,14.795155040439882
on,415.0,35.49083459594873,36.144860295104486,15.329572511818212
on,416.0,35.49235447770795,36.144162759264304,14.547291909736913
on,417.0,35.49267286129071,36.14382396640757,14.430679164070828
on,418.0,35.49090718094422,36.14342598063936,14.346859354291166
on,419.0,35.49008282763657,36.14359946081861,14.087334195058256
on,420.0,35.488752779709685,36.14403965340127,14.68566220393011
on,421.0,35.488134338012394,36.144306899339874,13.974367635798977
on,422.0,35.48759555473376,36.144791597898056,13.960774974487046
on,423.0,35.486899302781566,36.144703673184424,14.784478794914799
on,424.0,35.486601432636476,36.14320982958035,15.0578388886967
on,425.0,35.48621633990044,36.14476055797671,14.987416987540133
on,426.0,35.484267836277446,36.146312773876126,14.905387318406051
on,427.0,35.48279241751172,36.1462936907369,15.082472499302607
on,428.0,35.48224974188976,36.147010253817086,14.795934117738112
on,429.0,35.482330144037356,36.147533867524565,14.65829164266005
on,430.0,35.48339889424138,36.14896059905538,14.649448048867734
on,431.0,35.48664993954804,36.14784685485512,15.134596969298608
on,432.0,35.48895077394275,36.14819562164043,14.461406247662937
on,433.0,35.4897130013223,36.14658201788348,13.574524501452515
on,434.0,35.488753498414695,36.14444997570723,14.466743128666351
on,435.0,35.4874127078207,36.14521798164917,14.693981288730473
on,436.0,35.48693056570868,36.144690958686,15.796660431779575
on,437.0,35.48590687801143,36.14382489596611,15.380591107217422
on,438.0,35.4862387894986,36.14268418087905,15.033922662638817
on,439.0,35.48611736949285,36.14204813739209,15.088230587367836
on,440.0,35.48541379023985,36.142662110959634,14.759779553825297
on,441.0,35.484328408744275,36.142101860528065,15.40555898094006
on,442.0,35.48173319184588,36.14157162980272,14.566796928927172
on,443.0,35.47765342313865,36.14054023975952,14.407417302216112
on,444.0,35.47277668992165,36.14029588163726,14.577483385375723
on,445.0,35.46808100124246,36.13964586013149,14.509149648991977
on,446.0,35.463679743965855,36.13948600825987,14.969289766209965
on,447.0,35.461968574488075,36.13885717360191,14.726991186140488
on,448.0,35.463383615451164,36.14087822859863,15.533855381387063
on,449.0,35.46645826769596,36.14285764822317,15.009977584953981
on,450.0,35.47059185945323,36.142901448192895,15.440697943947573
on,451.0,35.47487356462933,36.142522015005675,14.027081776491869
on,452.0,35.47647811227729,36.14122794943848,14.488284614107457
on,453.0,35.47750354008269,36.140647588527756,14.264387403352913
on,454.0,35.47796484369484,36.1417024193014,14.405021506420578
on,455.0,35.479973539368274,36.14211383254896,15.29021299410082
on,456.0,35.482144250558804,36.142928841139266,14.7280553772535
on,457.0,35.48551687423756,36.143730477011744,14.877246208195258
on,458.0,35.48797779674029,36.144406073945035,14.777837310057627
on,459.0,35.489297658947535,36.14441480933117,15.348837994905633
on,460.0,35.491484902179245,36.14495197150594,14.64504566156345
on,461.0,35.493162990864924,36.14545326755511,14.356921689576545
on,462.0,35.49392347860861,36.14520092075806,14.548033587417667
on,463.0,35.49356197881259,36.146687778232156,14.12203217692563
on,464.0,35.492634784617046,36.14719036638741,14.059411803200119
on,465.0,35.49219166591506,36.148101405644404,14.659379874753512
on,466.0,35.49189472309019,36.146948955092256,14.553741873072465
on,467.0,35.49239657799282,36.14653152401562,14.655414294956156
on,468.0,35.49210037160403,36.14659604164636,14.921793612541277
on,469.0,35.492430145914625,36.14746932741663,14.378927443181066
on,470.0,35.494012452833054,36.14675506551873,14.658870741015978
on,471.0,35.494421632578685,36.14582255656085,13.855338053454517
on,472.0,35.49543379621533,36.14392392740909,13.617556087243614
on,473.0,35.495456107947824,36.14165716276467,14.298361441585545
on,474.0,35.49467372229534,36.14091624953103,14.192526227589685
on,475.0,35.49551768812529,36.13959026805591,14.229179266424442
on,476.0,35.49765557831837,36.140324962964485,14.107667487921969
on,477.0,35.49885169956749,36.14175890533849,13.789714016308
on,478.0,35.49897418274046,36.14162361049269,13.963349921331034
on,479.0,35.49919682345328,36.142712624035795,14.069393233356731
on,480.0,35.49796719125806,36.14296097939275,14.407018110025742
on,481.0,35.49651110151287,36.142605490904465,14.471227932635664
on,482.0,35.49665178249869,36.14322761155409,15.387331225010808
on,483.0,35.49773276502018,36.14411474428343,15.589320794894707
on,484.0,35.49982871236986,36.145558392263126,15.275249319202103
on,485.0,35.50262078771977,36.14600583605472,15.39984433592009
on,486.0,35.50533538174289,36.1450923436924,14.921089796214458
on,487.0,35.50735525691137,36.146279131481066,14.526756323336215
on,488.0,35.50905680019633,36.146774367911696,13.728336070683536
on,489.0,35.51013017114881,36.146714915617196,14.314313818793007
on,490.0,35.511024323847124,36.148314615454424,15.080204002630172
on,491.0,35.51179189002605,36.14902369704414,14.879436741967147
on,492.0,35.512143292944444,36.14917378796967,15.829812294531834
on,493.0,35.51325095675351,36.14956328487,16.83741025946155
on,494.0,35.51490774662457,36.14700699651487,16.193929779306714
on,495.0,35.51638937543944,36.14537208303075,16.243317898117
on,496.0,35.517599944382944,36.14578999721288,16.046846944781755
on,497.0,35.519043918354434,36.143461166701144,15.457510994575287
on,498.0,35.52047786876374,36.141728634052505,15.509579589498843
on,499.0,35.521334476104336,36.14312627506025,14.384811846851964
on,500.0,35.51962117922311,36.14472725887845,16.2118073480421
on,501.0,35.51801605191336,36.143626412193576,15.756650609853391
on,502.0,35.51566403159801,36.141932461204874,15.803916768729817
on,503.0,35.51264084511092,36.14155859917881,15.919002855304166
on,504.0,35.50987193385505,36.142690203219985,16.048042832577572
on,505.0,35.50622604465006,36.14249414658148,15.02686249123084
on,506.0,35.5032090845721,36.14460827863173,14.985581851621191
on,507.0,35.499826848009754,36.14436004322119,14.819402628006998
on,508.0,35.496114153402715,36.141919887521915,15.051801395573836
on,509.0,35.494766116088506,36.14079041212328,15.428635501678489
on,510.0,35.49326819195475,36.140070776652315,16.30047572217566
on,511.0,35.49276320979953,36.13937903503598,15.795997407292905
on,512.0,35.492954423583924,36.13786151813493,15.411119484536592
on,513.0,35.4946571063995,36.136234978147975,15.371350985361243
on,514.0,35.49669523758868,36.13456139384918,15.388425660347265
on,515.0,35.49919480912263,36.13392888735797,15.359279465492513
on,516.0,35.50120106646059,36.13354209347967,15.63003128590805
on,517.0,35.50146590265735,36.13259721898628,15.207598578143216
on,518.0,35.502253922159014,36.13300281072791,15.366150504837126
on,519.0,35.503173193536135,36.1317275714444,15.288892711750533
on,520.0,35.50351299336948,36.13330788715456,15.619713782296675
on,521.0,35.50640098682265,36.13354116284175,15.3057225055129
on,522.0,35.50671035182856,36.133595055972364,15.503152119324591
on,523.0,35.5072320677645,36.13397797123768,15.841913530448366
on,524.0,35.50886735793513,36.13551170611944,15.49817014345944
on,525.0,35.51047497493226,36.13639202574346,15.573266147332076
on,526.0,35.51025069130223,36.13839098827093,15.178460312137716
on,527.0,35.50950286528423,36.13768428593515,15.091683581628004
on,528.0,35.50930756683524,36.13739265328602,15.249094440304146
on,529.0,35.509767968141155,36.13481450397042,14.83862714638774
on,530.0,35.51138502114422,36.13414095974796,15.080106762643759
on,531.0,35.51162385119726,36.13369373617638,14.228596406227245
on,532.0,35.512296707258585,36.13205559500236,14.806338088670024
on,533.0,35.5126285925278,36.13122927532688,15.262287474499196
on,534.0,35.5131169916828,36.129837923602125,14.833009264148103
on,535.0,35.511790797620236,36.13051517306733,15.63960966897546
on,536.0,35.509883882047646,36.13244739187214,16.75902054029406
on,537.0,35.507705342662454,36.13305178849247,15.485280158076947
on,538.0,35.5061937013231,36.13142550392151,16.07163280214593
on,539.0,35.504952893130174,36.12899704926124,16.878759429932995
on,540.0,35.50289624533999,36.12714033205885,16.427977861970916
on,541.0,35.50151973801026,36.125286203028196,16.454135958202205
on,542.0,35.50041654169061,36.12700027076605,16.168362335685394
on,543.0,35.499336946999435,36.12594129844918,14.99621202640595
on,544.0,35.49831103412676,36.125050030771014,14.672266479245518
on,545.0,35.49827612343596,36.123579280478275,14.338003299859395
on,546.0,35.497689489500644,36.12422548840891,14.095476337046431
on,547.0,35.497175022839976,36.12409747179661,14.838045548843454
on,548.0,35.49596851577724,36.12507658112791,14.452244234048962
on,549.0,35.49534809726824,36.12381334714411,14.776669055805424
on,550.0,35.495208919634415,36.123682358874895,15.421758111913363
on,551.0,35.49534893381029,36.12216526592558,15.793466786182375
on,552.0,35.49637860344811,36.12175044412793,14.859048885778416
on,553.0,35.49770223799653,36.12132572366769,13.936029490897845
on,554.0,35.49883330041401,36.12051203869788,15.177975035283435
on,555.0,35.499905722148036,36.12021204927579,15.194726979338899
on,556.0,35.5009174280422,36.121555844802636,14.624856387606808
on,557.0,35.500718001986485,36.122640107753554,14.382657881365393
on,558.0,35.499199538934676,36.122147766288364,16.444835278145902
on,559.0,35.498095256914446,36.12275148823662,15.313179035535233
on,560.0,35.49797930143325,36.124598134254576,15.12592291379077
on,561.0,35.498232233266975,36.12546875335981,16.020419446547354
on,562.0,35.498257953687116,36.12765186589432,15.950743603792109
on,563.0,35.496966368811314,36.129312562678784,14.976173002066108
on,564.0,35.49633560008987,36.12868381894006,15.312862258434805
on,565.0,35.494779746424584,36.12945208906799,14.523904272058552
on,566.0,35.49367776622858,36.13006090320599,14.376566938854491
on,567.0,35.491473911908294,36.132314447249506,14.148178019395647
on,568.0,35.489443598199266,36.13523473798162,15.046079847780966
on,569.0,35.488095676487994,36.13381010567521,15.504740922899774
on,570.0,35.48623797232309,36.133837188029176,15.3691537560923
on,571.0,35.48438803374423,36.13446240936303,15.83714689685995
on,572.0,35.483987213435014,36.13478599522276,15.757528043840477
on,573.0,35.48257029559989,36.133574072016096,15.320156167052474
on,574.0,35.48211296722083,36.13103027570678,16.043018469355655
on,575.0,35.4812627255405,36.1291371607778,14.94330956994039
on,576.0,35.48047278390848,36.12854702694187,15.348082034089
on,577.0,35.47980556811431,36.12958472476061,15.263322554253945
on,578.0,35.48095686514045,36.128540065800784,15.052945397287708
on,579.0,35.48333126564016,36.12880850174997,14.651244354280664
on,580.0,35.485399128234626,36.1284997455347,14.860639454323687
on,581.0,35.48694962228462,36.12754748321234,14.800997145903157
on,582.0,35.489303722448675,36.128684143848254,14.891018223086473
on,583.0,35.49151132159091,36.12937692063646,15.648480903021817
on,584.0,35.494692713420356,36.13062635691011,15.595795667141417
on,585.0,35.49676088281049,36.13221555983726,15.401979517015336
on,586.0,35.4985266377949,36.1323228679838,15.510468911390525
on,587.0,35.5000171578768,36.13418097636079,15.735397373274182
on,588.0,35.50067083426443,36.135305686016544,14.975995341366069
on,589.0,35.501419840153,36.13353191517859,14.42361162504994
on,590.0,35.501599858051364,36.133679404643324,14.658063781399346
on,591.0,35.50151285029517,36.1372329091344,14.514288947462589
on,592.0,35.50185165482964,36.13887690418949,15.594805787798016
on,593.0,35.502990458872375,36.137577385061135,15.032481089235862
on,594.0,35.503471202120906,36.138512224141806,15.266907354991645
on,595.0,35.503075592213776,36.139596887688356,14.350800359098587
on,596.0,35.503309571881466,36.138604401712264,14.996487054359395
on,597.0,35.50378600838124,36.13787515930963,15.340804942748623
on,598.0,35.50332841178381,36.13840772230224,16.14847172383129
on,599.0,35.50387800792816,36.13851302965086,15.966384056393071
on,600.0,35.50556645535636,36.13799072453277,15.897811751977475
on,601.0,35.50533897195847,36.140141808434564,15.63185740446713
on,602.0,35.50421877264512,36.14106995082904,15.463984958570837
on,603.0,35.5044121065301,36.139390386335336,15.128987663701075
on,604.0,35.50402615342376,36.140042986761685,14.839685528834035
on,605.0,35.501915092341235,36.13772876099335,15.511814259030363
on,606.0,35.49901324184097,36.13602226970539,15.155398726994974
on,607.0,35.49663927730394,36.13809250216744,14.867408253177754
on,608.0,35.49454264378805,36.13801497675245,15.02899819565282
on,609.0,35.49217328829264,36.13711840925615,15.151800119348783
on,610.0,35.490309234774806,36.14010111984587,14.84170232322116
on,611.0,35.48757548637739,36.1419777161885,14.727765309836062
on,612.0,35.486259339693795,36.14159768533564,15.31299886152466
on,613.0,35.48375933503996,36.14057216490816,15.466035747607986
on,614.0,35.481315219980246,36.13994618012318,14.779695317706366
on,615.0,35.478195294222665,36.13759456230941,14.385447116065286
on,616.0,35.476448617387895,36.13646380611538,14.826790166736
on,617.0,35.47562818168784,36.13564323566174,14.68431712554041
on,618.0,35.47485205515169,36.13398532848723,13.985380305192717
on,619.0,35.473887616369964,36.13524627038193,13.289795178331321
on,620.0,35.47128948176709,36.13611609033385,13.683800124745462
on,621.0,35.47000997399346,36.13644648397902,14.25712256208913
on,622.0,35.46916539630553,36.13625297120585,13.435537407374468
on,623.0,35.46783650650821,36.138529237032124,13.86354829632889
on,624.0,35.46819306805712,36.13977386529962,13.527740966301009
on,625.0,35.469047071181635,36.13961338639867,14.62535062113125
on,626.0,35.46923379874739,36.13933918516221,14.35631715176753
on,627.0,35.46986855697598,36.13974990510058,13.694469780967772
on,628.0,35.469964501857525,36.13970617437913,14.004908994609291
on,629.0,35.47064397676961,36.140810407336275,13.204148132470003
on,630.0,35.471600676846776,36.139731966836926,13.61405302574278
on,631.0,35.472799676017424,36.13958249642437,13.803886311450793
on,632.0,35.474242986099604,36.13855857433629,14.275082337167742
on,633.0,35.4751152402428,36.13861068601141,14.141384426196765
on,634.0,35.47621664897819,36.13956671623052,13.734878912379019
on,635.0,35.477295512819325,36.139553998259885,14.509805959507318
on,636.0,35.47830714093412,36.13830324611006,14.420341066294691
on,637.0,35.479214287578145,36.13813686310403,14.289270865923342
on,638.0,35.4806073173898,36.137352922859186,14.995508854218588
on,639.0,35.48315256234766,36.13703853035659,14.891403458882358
on,640.0,35.486138060127644,36.13782621384253,14.612089605123966
on,641.0,35.486522766685106,36.13780302870483,14.067891616876697
on,642.0,35.4846653115511,36.13776101553396,14.080671774013691
on,643.0,35.48377367777924,36.13821043892868,14.206857831923255
on,644.0,35.48383213899073,36.137823433858365,13.972833520986994
on,645.0,35.482598532986614,36.13836067517486,14.093660239466082
on,646.0,35.48133267398911,36.140123089724256,14.543476278877389
on,647.0,35.48089100744475,36.141191228124654,14.523212515524516
on,648.0,35.4808687669368,36.14125132210302,14.994858301768694
on,649.0,35.48203248637087,36.14078264296304,14.600533997413503
on,650.0,35.483089315876995,36.139507315956884,13.908262335851433
on,651.0,35.482344486258775,36.141042165874595,14.423731340916953
on,652.0,35.4833527894863,36.14213115397347,14.572916304123527
on,653.0,35.48279162664348,36.14349711018102,14.505367670607885
on,654.0,35.48165123672275,36.143851424769046,13.795569862526621
on,655.0,35.47929000336103,36.143109718408155,13.911824148420939
on,656.0,35.47763716241626,36.14040090878047,13.099283714134927
on,657.0,35.47593570569292,36.139928503221704,14.165143205667022
on,658.0,35.4748634325117,36.140540847053536,14.86464274108649
on,659.0,35.47539537270013,36.14077754623752,14.672144281332503
on,660.0,35.47675806257226,36.14046880494413,13.7606197245645
on,661.0,35.47584745837354,36.14199404235531,15.133724458405553
on,662.0,35.47501837196422,36.14105337949571,14.241778087398203
on,663.0,35.47442890092988,36.141789981230396,13.980133205824504
on,664.0,35.47538403429219,36.141745780029765,14.212944736247845
on,665.0,35.47662953968928,36.141274318108124,14.538671799535447
on,666.0,35.4781965271052,36.14266102749785,14.3398415297528
on,667.0,35.48023793188405,36.1440317372239,14.324486512096708
on,668.0,35.483445071911326,36.143749284215815,14.112849756678205
on,669.0,35.48795313889687,36.14282457455422,14.477255713584483
on,670.0,35.491548447395914,36.1420620522926,14.473067409743994
on,671.0,35.493428924830766,36.14231324564798,13.889503407180083
on,672.0,35.4951428931746,36.14357299318001,14.444760400586029
on,673.0,35.497867805012376,36.14366188205528,15.002457138227108
on,674.0,35.498564645902306,36.14157182321391,14.56307412867088
on,675.0,35.49768751937687,36.14079051070829,13.801181957074025
on,676.0,35.49577132396108,36.14052396798675,13.339578241297499
on,677.0,35.49173364661827,36.14123351803556,14.411614104923878
on,678.0,35.48687409660422,36.14132540384703,14.175346084899637
on,679.0,35.482117184182385,36.14264338182581,13.899749665106775
on,680.0,35.47792921742848,36.14344885263163,14.259284097528854
on,681.0,35.47447921202773,36.14524376410605,13.811483273583455
on,682.0,35.47087913458047,36.146887801018515,13.491399965964757
on,683.0,35.468123781294544,36.146973102424774,14.006047708131634
on,684.0,35.46722539572089,36.14709096310372,13.769917426740225
on,685.0,35.46865873872885,36.14620105012278,13.86813564466204
on,686.0,35.47038116511041,36.14634248614905,14.172174974021733
on,687.0,35.47193391553361,36.148021189603654,14.215644729160761
on,688.0,35.47422826838188,36.14805522943029,14.006294974298768
on,689.0,35.47506537659754,36.148076396546855,14.784060089238926
on,690.0,35.475202449809224,36.14969230287307,14.853681072414087
on,691.0,35.477919003651834,36.1482314471567,15.016154787108846
on,692.0,35.48207550388462,36.14618596342722,14.988265351363339
on,693.0,35.48614337059101,36.14378849063028,14.883766931609507
on,694.0,35.49038111995576,36.144600517676395,14.17046862250015
on,695.0,35.49475570680199,36.14433766141992,14.357644578583312
on,696.0,35.4979029459442,36.14377550327133,14.929179843809417
on,697.0,35.49979035242001,36.14508984371844,15.405770681647851
on,698.0,35.501714369320425,36.144553747486135,14.878285739401818
on,699.0,35.50390636139076,36.14500448419481,15.121922555409725
on,700.0,35.50632380961232,36.14480527933521,14.331061510492903
on,701.0,35.504646587353065,36.146542790687164,14.42134621016649
on,702.0,35.50441136003162,36.147868482857504,14.681621983911842
on,703.0,35.50557118713654,36.14664971783791,14.98131395629147
on,704.0,35.506812192621524,36.14664098513117,14.00124979922879
on,705.0,35.50935361669147,36.14496314251085,14.59676951806113
on,706.0,35.51046691353523,36.14468607690311,15.71869016395495
on,707.0,35.5111196026512,36.144254345356636,15.984442640172194
on,708.0,35.51317661863771,36.1426820808498,16.565079019519164
on,709.0,35.51452506782741,36.14055755439771,15.205431430424426
on,710.0,35.51524577249316,36.141530910726075,15.249643679743922
on,711.0,35.51563323645006,36.14306838143221,16.06103013302808
on,712.0,35.51451170794518,36.14455014618004,15.408430817849325
on,713.0,35.512574816817704,36.14441122915423,14.783754044605447
on,714.0,35.51074950203194,36.142922755268216,14.75831600175826
on,715.0,35.5102735348049,36.13910280773979,14.373586610271296
on,716.0,35.51085404145693,36.140150322415884,14.533169350707375
on,717.0,35.51199364284638,36.14114350519243,14.450223688748581
on,718.0,35.510578212715664,36.14270879673868,14.06458583076275
on,719.0,35.50633406082136,36.14441675811084,14.312494731255956
on,720.0,35.50342327225436,36.14601578621855,14.919520225783515
on,721.0,35.500802849058,36.145096036329235,14.799551641869098
on,722.0,35.49808798248684,36.14359967599998,13.91788776646689
on,723.0,35.49524169492792,36.143872655223916,14.404465719045861
on,724.0,35.49311263855195,36.14667815178478,14.3618575798035
on,725.0,35.49162707855234,36.14844852018174,15.004228985057612
on,726.0,35.4922880060312,36.1482209056814,14.91074328453935
on,727.0,35.492869148402896,36.14740536679782,14.325115456257238
on,728.0,35.49358363658123,36.147783372570956,14.58674187729589
on,729.0,35.49482059651826,36.14872435246447,14.827663081314201
on,730.0,35.49589503448451,36.14848647908175,14.71547011563769
on,731.0,35.49939570537959,36.1484521608131,14.74321967909892
on,732.0,35.50404193685998,36.146433387883945,14.554070790401578
on,733.0,35.508758538906385,36.14764070329145,14.417898079487898
on,734.0,35.511763431236616,36.146858292746394,14.945923430966637
on,735.0,35.51291648170593,36.14498150469919,15.123380759177362
on,736.0,35.51482653077226,36.14428925195034,15.201383939980582
on,737.0,35.516500403573325,36.14350677989968,14.48904356947192
on,738.0,35.51655965174138,36.14392591143195,14.997058305663517
on,739.0,35.51564121569463,36.144549780996066,14.705731655222142
on,740.0,35.51486417933682,36.14313217785692,15.220943443392267
on,741.0,35.51284485782991,36.14097927596218,14.751051582506312
on,742.0,35.511257537176526,36.14049235414555,14.391105057254737
on,743.0,35.50932102164057,36.14080089250895,16.380127328309836
on,744.0,35.50604415190111,36.13981042252013,14.693725689045046
on,745.0,35.50596592288825,36.136889301515644,15.141097725403956
on,746.0,35.50720942389179,36.13481129224588,14.23574516168744
on,747.0,35.50786400728291,36.13605677384404,14.997216596474187
on,748.0,35.50615288495012,36.138859887795924,14.534985798631947
on,749.0,35.504579728834585,36.141159128543755,14.974220305515061
on,750.0,35.50397423573431,36.1422477555228,15.02553530687188
on,751.0,35.50452222431499,36.14163721808585,14.691182811501658
on,752.0,35.50674967487769,36.14086646167567,15.0529255054864
on,753.0,35.50759566232009,36.14141921015529,15.210887384519324
on,754.0,35.50882050282975,36.141979026304085,14.888743820737991
on,755.0,35.50923373317064,36.14456026118574,15.27478386081013
on,756.0,35.50860097048668,36.147939486446504,16.360775582080578
on,757.0,35.50836167388906,36.1494183944322,15.305842628829144
on,758.0,35.50912623370603,36.150096607453456,14.462350418166665
on,759.0,35.50930256169977,36.15038392679141,15.102407009131898
on,760.0,35.50958798821327,36.149869269653244,15.14472195671651
on,761.0,35.50895757111388,36.14717509860225,14.706761078540753
on,762.0,35.50789913019941,36.14680129955719,15.736104168276807
on,763.0,35.507727942960926,36.14378551051448,16.08649746417646
on,764.0,35.50963155237787,36.143355994702866,15.05005379854672
on,765.0,35.511087905568445,36.141455440817204,15.510255457619373
on,766.0,35.51366282524652,36.139689759621035,15.869757323904741
on,767.0,35.51365123534613,36.13683952274216,16.22687958579101
on,768.0,35.5148713699446,36.13544147774088,15.204780418525758
on,769.0,35.51432603370092,36.13496092066182,16.493316099100447
on,770.0,35.51443954857817,36.13429232467267,15.690011252975355
on,771.0,35.511940573664965,36.13575383539402,15.527188928493302
on,772.0,35.50968859151847,36.134639828473546,14.496601186283119
on,773.0,35.50864466156675,36.13309464852345,15.325054056384843
on,774.0,35.50661694664304,36.13304809185444,15.529929264762199
on,775.0,35.50508139424238,36.13325532835656,15.41724865859968
on,776.0,35.50345418109357,36.133036578421084,14.78154449720304
on,777.0,35.502033214935004,36.13355439798117,15.764201265006646
on,778.0,35.50124801162007,36.13334989857459,15.303011123729247
on,779.0,35.50200622441602,36.13488194919951,15.744147154246285
on,780.0,35.50324669873189,36.13682592478049,15.157154722613114
on,781.0,35.50358004514786,36.13812483375885,15.346645764726425
on,782.0,35.503354762105396,36.138285922540796,15.781876171263265
on,783.0,35.50382652183034,36.139577410004776,15.881114813827471
on,784.0,35.50527999092337,36.14144823357723,15.45409945684562
on,785.0,35.50661084249658,36.140087194760696,15.27633186138575
on,786.0,35.50900527323666,36.139749203720456,15.00966012650452
on,787.0,35.51096955642071,36.138662543001,14.58219194466322
on,788.0,35.51298975524003,36.138486308740376,14.857898089135675
on,789.0,35.5147331579888,36.1388516561727,15.92911063880749
on,790.0,35.514700261230196,36.14037077848568,14.978603795070415
on,791.0,35.51343777266304,36.14062906917172,14.826615608626579
on,792.0,35.51331248897927,36.14049327011261,15.836416667730738
on,793.0,35.51290918056178,36.1417486441323,15.039252212402232
on,794.0,35.512333530134185,36.142565231843264,15.586917422189075
on,795.0,35.510060541896344,36.14189031696752,16.20185416122957
on,796.0,35.506597832057636,36.13999335683731,15.319772432539633
on,797.0,35.50485901655732,36.1378139893637,15.345948338195921
on,798.0,35.50340702846325,36.13767042228628,15.010961534625736
on,799.0,35.502791074316775,36.13735234446347,15.124469471854066
on,800.0,35.504180901781105,36.13765966796212,15.54453906048278
on,801.0,35.505254495023564,36.136955592005094,16.569429341805055
on,802.0,35.50893234119418,36.13782522800741,16.309676006044647
on,803.0,35.512170545451845,36.13774401509912,15.975146085761533
on,804.0,35.514819730972704,36.13940468272367,15.635261667058046
on,805.0,35.5152939889287,36.14095628596422,15.155240475977354
on,806.0,35.51607193906959,36.140247472883786,15.45650537421579
on,807.0,35.51495689003296,36.138505244206065,14.59693559529637
on,808.0,35.513984573151525,36.13840122573415,13.805807932703637
on,809.0,35.5110196179197,36.13776006808512,14.506692788816359
on,810.0,35.50824296377829,36.137926005679724,14.375538634157234
on,811.0,35.506990555433916,36.13793441193268,13.974331609491284
on,812.0,35.50625704331754,36.13840158217695,14.136541791336786
on,813.0,35.50670670492704,36.14039482210159,14.726084880224516
on,814.0,35.50801485429218,36.14074327494112,15.823926891558155
on,815.0,35.50977587689058,36.14097175127512,16.958376393346832
on,816.0,35.51160613833319,36.140990140642025,16.09633321769097
on,817.0,35.51224785870612,36.14004259442613,15.869273343036063
on,818.0,35.51220706603498,36.14037828337207,15.27742761548938
on,819.0,35.511141604698636,36.14021657908724,15.894203119631792
on,820.0,35.50917298646943,36.1415600866685,16.04335037206528
on,821.0,35.50873706225046,36.14152509716704,16.166235392952146
on,822.0,35.50729571082201,36.14256709762641,15.894078396054118
on,823.0,35.50636654489728,36.14174626356619,15.12161004129698
on,824.0,35.50526833764512,36.14009218874811,15.312765556210277
on,825.0,35.50479602534562,36.138706943578676,14.556065359757469
on,826.0,35.505337836740914,36.13850944403863,14.112126949875348
on,827.0,35.50537211929181,36.13951781843796,15.157387167185611
on,828.0,35.504682823313054,36.138480172977964,15.862828192450873
on,829.0,35.50359643737852,36.13879236109464,15.500826873074558
on,830.0,35.50246293613142,36.13755469571074,15.00354034130746
on,831.0,35.502417598840374,36.136118687189715,14.895070016476796
on,832.0,35.50198994346456,36.136416952084645,15.766964390508594
on,833.0,35.50274476153454,36.134756486636704,15.690699053676148
on,834.0,35.503844836151146,36.13403072665653,16.049672246711427
on,835.0,35.505148926104845,36.13310123443092,15.313279759796885
on,836.0,35.50715816165556,36.132501353848724,15.701861408229817
on,837.0,35.507938221525656,36.13136366468373,15.25734496417057
on,838.0,35.506183299509956,36.13166556674774,16.22493743940467
on,839.0,35.50608003057653,36.13405061928424,15.501314878333318
on,840.0,35.5082960208493,36.13454065645209,15.839173184021142
on,841.0,35.51036794131468,36.13465086559313,16.880585602081652
on,842.0,35.51206202587862,36.132335883198536,15.91134315719506
on,843.0,35.51356753507219,36.130362937975306,15.955180637181545
on,844.0,35.513141097754676,36.130423764735184,16.160679332915752
on,845.0,35.51194098725368,36.132126517011706,16.163568553393105
on,846.0,35.51048609964718,36.13289905625934,14.993857708649086
on,847.0,35.508371862362175,36.13161192203102,16.36982126089337
on,848.0,35.508407466255804,36.13217380322046,16.901065177899564
on,849.0,35.509885463334,36.133300827345984,16.767085697635007
on,850.0,35.51084067346715,36.13375941654624,15.800617649381106
on,851.0,35.51053304011554,36.133447849248014,15.326166853313595
on,852.0,35.51119531178547,36.13188077919153,15.921961881463254
on,853.0,35.51157191011025,36.13219319742983,15.489047549408053
on,854.0,35.511736109351865,36.13304041347013,15.251531682427762
on,855.0,35.512858500828614,36.134048234315124,16.352078174386094
on,856.0,35.51412712792814,36.13559594779755,15.564666471564006
on,857.0,35.513660743621465,36.13745162387974,14.84592558623853
on,858.0,35.51308110040236,36.13705104717903,15.13919889508762
on,859.0,35.51286242342968,36.13764657211581,15.310782159303635
on,860.0,35.51225906939556,36.1383777937093,15.04790035535678
on,861.0,35.51102405419984,36.13946282076854,14.9903486637251
on,862.0,35.510529800789044,36.13976146509377,14.773958346772837
on,863.0,35.50883251302734,36.13722716400371,15.574320959849459
on,864.0,35.506609818710345,36.13698101070029,14.751793205759602
on,865.0,35.5040941934527,36.13785281990211,15.006790984232556
on,866.0,35.50256488611772,36.13743525797818,15.406779795237773
on,867.0,35.501345588043975,36.13563236750832,14.841257271842043
on,868.0,35.49990230383681,36.1362229360606,14.948555714023371
on,869.0,35.49947049446989,36.13743039932788,15.337191507222789
on,870.0,35.49950208696835,36.13574250467094,15.189040076834637
on,871.0,35.498509197993315,36.136025763340584,15.582930613406841
on,872.0,35.49758533548641,36.1387048849545,15.225320549724136
on,873.0,35.496735564017165,36.1406869813375,15.255501617651184
on,874.0,35.49714392868577,36.14198823967836,16.2233929345068
on,875.0,35.49922730545663,36.142169309731706,15.573806124445188
on,876.0,35.50049741912738,36.14077376242532,15.658114591982981
on,877.0,35.501636279280845,36.139256380400056,14.86269267433801
on,878.0,35.502300431261794,36.13777202422325,14.618701611156151
on,879.0,35.50246829845989,36.13680795931404,14.649870904225372
on,880.0,35.50433917892161,36.13504290589602,14.501686700635355
on,881.0,35.506062839674605,36.13300927849622,14.360207577351318
on,882.0,35.507603584344444,36.13329336389145,14.620733646575228
on,883.0,35.50843289190899,36.13398354182552,14.66461209295685
on,884.0,35.50894696666773,36.13219051406316,14.84050865415375
on,885.0,35.508293628491835,36.132010707554336,15.491762151601716
on,886.0,35.50830654119648,36.13204073420979,15.33277298194868
on,887.0,35.50894178097956,36.132562312396075,15.654545730820198
on,888.0,35.50861832603627,36.1331557694452,15.549865244766165
on,889.0,35.508847556769815,36.13153962503016,14.351994053173648
on,890.0,35.50880187102189,36.13197189907091,14.386431937381584
on,891.0,35.507346781065955,36.13572462204466,15.436378889561906
on,892.0,35.50757529045158,36.137734117446776,15.105002951535287
on,893.0,35.508086720873216,36.13961846223023,15.030649081774644
on,894.0,35.508140930479684,36.14062758798187,14.863548716873048
on,895.0,35.50846823321007,36.13821943835615,15.112788056731603
on,896.0,35.507952437296815,36.137690873387925,15.05161453140284
on,897.0,35.50557996167935,36.13835248500519,14.694110949536455
on,898.0,35.50244189626608,36.13969829676998,15.12969728728033
on,899.0,35.50224521786915,36.14233041765446,14.60850611872915
on,900.0,35.502877349487584,36.1433375550301,15.74382715033559
on,901.0,35.50441188448048,36.14225613582136,15.469129758270773
on,902.0,35.50666939719478,36.14101755055133,14.742360602779641
on,903.0,35.507687831664725,36.141927818806906,14.604959614986429
on,904.0,35.5088564685315,36.14189107094133,14.732019911902661
on,905.0,35.50871954875784,36.142319273272534,15.196129804601558
on,906.0,35.50956570253359,36.14373777352436,14.87651161206908
on,907.0,35.50894631179498,36.14514338606901,14.87530059801999
on,908.0,35.50795950764765,36.145019994588665,15.422144965160204
on,909.0,35.508326251318735,36.14494887677111,15.470845067951313
on,910.0,35.50865957546533,36.14585839653785,15.324395536565278
on,911.0,35.50969610512194,36.14575087456225,15.535577471637222
on,912.0,35.51107026756228,36.14212877832106,15.414547871776172
on,913.0,35.512189481405294,36.137618745767035,14.820665354007552
on,914.0,35.51332522626206,36.13534133494324,14.52870804976141
on,915.0,35.51298267496966,36.133458274561455,15.094096577107344
on,916.0,35.51147667218347,36.13113710193301,14.422424783276645
on,917.0,35.51066596204082,36.13072625883472,14.547933313235369
on,918.0,35.50921872648624,36.13222041420762,14.774290112567417
on,919.0,35.50755646911168,36.13573324002101,14.854064457490104
on,920.0,35.50561697981916,36.139115555131255,15.857258534514663
on,921.0,35.50497519050972,36.13903669437736,15.900276488426664
on,922.0,35.50433800247089,36.13792754530314,15.298113107341486
on,923.0,35.50347988921672,36.13645284784212,15.532865324498081
on,924.0,35.502230702719814,36.13542968580547,16.03757248306764
on,925.0,35.4998494040115,36.136271024952656,16.513705171078755
on,926.0,35.49975126457821,36.13665877142313,16.0334294154921
on,927.0,35.501328238109956,36.13577328118421,16.12821249912081
on,928.0,35.50381184239266,36.134825750657825,15.59738470258672
on,929.0,35.504408453682345,36.13438878046252,16.011207566982428
on,930.0,35.504924101102375,36.135125256059034,15.862834843747518
on,931.0,35.5052845986958,36.13388230731976,15.747767051747129
on,932.0,35.50555775083882,36.132955614839595,16.127674907269835
on,933.0,35.506817005320826,36.130670492721,15.217917706200323
on,934.0,35.50831031124258,36.13032085225565,16.050046451577074
on,935.0,35.5084991851677,36.1287335537241,16.053987898628822
on,936.0,35.508130237961026,36.12964527558552,15.043286818887026
on,937.0,35.50769916031163,36.12958750247591,15.259927448360347
on,938.0,35.5085629578943,36.128611046051155,15.68293768701096
on,939.0,35.51044836895721,36.12825549147752,14.783624149612663
on,940.0,35.51356369039877,36.12851340162006,14.745779051511724
on,941.0,35.51627320337359,36.12849631469329,14.453347211538297
on,942.0,35.51764992856063,36.12757627627003,14.783986751482157
on,943.0,35.51807851577103,36.12611043179477,14.875517142693852
on,944.0,35.51931190659718,36.12631080005104,16.193329835614797
on,945.0,35.519731040633914,36.12555473664605,15.013914193716898
on,946.0,35.51797299891419,36.12610043224857,14.987389581586443
on,947.0,35.51606157953895,36.12453439378211,16.421744571124783
on,948.0,35.514637058738494,36.12545418647998,15.498753870916236
on,949.0,35.51342386203937,36.1248925919887,15.29062770502599
on,950.0,35.51212456525044,36.12591875704244,15.642396382129622
on,951.0,35.50953689402358,36.12695239242574,15.877692216449327
on,952.0,35.507124874659304,36.12670031239265,14.737590115430809
on,953.0,35.50294301082788,36.12669224769955,14.973981893244435
on,954.0,35.49921853796097,36.12668647750024,14.239270538225517
on,955.0,35.49630806191872,36.12839389960363,15.229998617596365
on,956.0,35.49301534770204,36.129031730171995,14.864310635004937
on,957.0,35.4919819819951,36.12715691320521,14.567741635972551
on,958.0,35.49165336779729,36.12553304919004,15.073610622295327
on,959.0,35.490897298628724,36.124877756531504,15.849431935364382
on,960.0,35.49067548109278,36.12560241780219,15.447600387432946
on,961.0,35.4898325450692,36.124605368237944,15.492817345772
on,962.0,35.49068146935601,36.12324518976422,14.467849435651594
on,963.0,35.49304560154435,36.12369826046953,14.66054007702662
on,964.0,35.49585175478205,36.12424566370622,15.646031531894977
on,965.0,35.49900215820357,36.12554700465223,15.140464964087315
on,966.0,35.50237146472224,36.12518463740312,15.006166101628008
on,967.0,35.5041714661461,36.12426829126462,16.309387684034743
on,968.0,35.50600640501194,36.1231998712093,16.105491561204367
on,969.0,35.507932471309815,36.12164378443169,15.845645815729801
on,970.0,35.50886737011773,36.12070996913261,15.131066036952129
on,971.0,35.50964871854827,36.11965715312726,14.460483351053812
on,972.0,35.50859538530569,36.12033454718899,14.126103791329196
on,973.0,35.50607640905957,36.12213476965902,13.696676209336935
on,974.0,35.503056108154375,36.1235746024575,13.46073308218055
on,975.0,35.499396165123194,36.12315784402334,13.886297576136876
on,976.0,35.495448145745236,36.12300031692134,14.152700717824661
on,977.0,35.491401240810305,36.122202473757426,13.724970119836929
on,978.0,35.48901473641594,36.12121279121115,14.389265483381159
on,979.0,35.487695606557956,36.119968306373714,15.369347586637446
on,980.0,35.4874779520534,36.11986256713659,15.106356741106556
on,981.0,35.488071035509826,36.1208068121711,15.865946155675537
on,982.0,35.49079421155563,36.12109189279528,15.277760798730199
on,983.0,35.49222345593221,36.12231464550568,14.919267977703106
on,984.0,35.49271323010999,36.12134777893498,14.872819554577399
on,985.0,35.49329928912204,36.12286576246438,16.133335841787453
on,986.0,35.49310061612212,36.126556954243235,14.981539608613682
on,987.0,35.49195633257021,36.12594535918125,14.85164438319309
on,988.0,35.48944447140959,36.12526251099464,14.616580871376952
on,989.0,35.486988034433764,36.124199920891144,14.80265445567489
on,990.0,35.48423233302621,36.12531319505759,14.2872970243657
on,991.0,35.48015028551315,36.127047359281455,13.833400974508763
on,992.0,35.476093627033265,36.12719372262739,14.625320628533782
on,993.0,35.47290809542903,36.127144057037654,15.344854938488979
on,994.0,35.473032431477215,36.12361180541445,15.242560375502329
on,995.0,35.4732448889459,36.121508073052645,14.799401828342454
on,996.0,35.47346949654155,36.12145229145755,14.287731543657454
on,997.0,35.47433602642853,36.12070265079709,15.255668060119618
on,998.0,35.47445983009416,36.11929107218823,14.894791758600938
on,999.0,35.47507924687339,36.117335058981986,15.041748146733347
on,1000.0,35.476634059559295,36.113988636810014,14.283544646829352
on,1001.0,35.477016633213815,36.11368583273379,14.215279557443388
on,1002.0,35.475909115372815,36.113379765204904,14.067351481568576
on,1003.0,35.475166450337895,36.11479705094995,14.40440919307381
on,1004.0,35.47615548118399,36.11524296065885,14.880397832894412
on,1005.0,35.477361214698725,36.11257499794605,14.284187286661712
on,1006.0,35.478382208200514,36.11255681357599,14.162471895179833
on,1007.0,35.48072503955302,36.11361482811277,14.291427601200972
on,1008.0,35.48151954250201,36.114953797578636,14.38039238917973
on,1009.0,35.483252697275795,36.117018189112436,14.075267445038232
on,1010.0,35.48561344264007,36.120547245391734,14.474960389805968
on,1011.0,35.486653657358666,36.12237511218556,13.972261226322587
on,1012.0,35.48624239030951,36.12289772975392,14.693536538265029
on,1013.0,35.48659236946107,36.12442810198938,14.00278703961463
on,1014.0,35.48648771538648,36.12464553932896,14.96031332085542
on,1015.0,35.48506148950157,36.123941097342836,15.079054255679672
on,1016.0,35.48278444516635,36.12435094474982,14.198110537249214
on,1017.0,35.479961079388396,36.12607040261968,14.243813168877764
on,1018.0,35.47708890270209,36.12713736056143,14.733569831976663
on,1019.0,35.476550453299154,36.12701325427609,14.644062048272637
on,1020.0,35.47814204420166,36.12651308310363,14.627796936705057
on,1021.0,35.47941188872572,36.12682030427982,15.39202194578014
on,1022.0,35.479979379583106,36.12662368834402,14.483140253956611
on,1023.0,35.47979369307117,36.124691544032004,14.30030833510839
on,1024.0,35.48165710767551,36.12447417894598,13.88707252444334
on,1025.0,35.48094851156838,36.12280215262031,13.957694948625424
on,1026.0,35.47988086910569,36.1233953184305,14.131556352284173
on,1027.0,35.479814902220674,36.124749933069104,14.915639931562442
on,1028.0,35.481474723248375,36.125532744222824,15.029815524931305
on,1029.0,35.484901571003945,36.127057132160154,14.039617925275381
on,1030.0,35.48768780641622,36.12959335983708,14.256215424968236
on,1031.0,35.49072931577812,36.1306061579922,14.258099616879342
on,1032.0,35.49315602429896,36.13198038164792,14.165261497386556
on,1033.0,35.49505821215794,36.13225648621233,14.141595352743192
on,1034.0,35.49652826566093,36.131380082367926,14.328634191897986
on,1035.0,35.4971148092677,36.12999589455969,14.875533312204539
on,1036.0,35.49688910121015,36.12757099617266,14.899698156341039
on,1037.0,35.497337707451976,36.12468240171211,14.34603727810849
on,1038.0,35.49747885594257,36.124288006319134,14.079202704503
on,1039.0,35.49578447550695,36.123408132043565,14.261395805445133
on,1040.0,35.49321582794129,36.12361910158005,14.370340480339259
on,1041.0,35.49075850592101,36.12444583896394,14.300734885647145
on,1042.0,35.48867354699478,36.12534717674853,14.220592893125826
on,1043.0,35.48661229817875,36.126135735821336,13.566625256235394
on,1044.0,35.486886502108824,36.126422018901515,14.135479485873988
on,1045.0,35.48659695934505,36.12649460279513,14.152473593095472
on,1046.0,35.48553797208198,36.12622527423416,13.469518179303307
on,1047.0,35.486305929994074,36.126160516315906,14.334325871474597
on,1048.0,35.48444338345302,36.126825450625205,14.038396249575964
on,1049.0,35.48410627042771,36.127753267400166,14.03432243654382
on,1050.0,35.48411760352536,36.129382557162124,14.791202402227594
on,1051.0,35.48742791917245,36.12845725128732,14.780418236036388
on,1052.0,35.49146098921629,36.12867627397721,15.61370388297274
on,1053.0,35.49478383503578,36.12984999501607,15.757650270636447
on,1054.0,35.49811928501483,36.129230837153145,15.16237180055914
on,1055.0,35.49976080792715,36.12814562225344,14.49449124395819
on,1056.0,35.500952198673964,36.12878103350723,14.677130521553908
on,1057.0,35.50172093389719,36.13011667733294,15.135283386151333
on,1058.0,35.50091689627668,36.1329322570079,14.157613399866149
on,1059.0,35.500228411091946,36.13346885444468,14.210709711881883
on,1060.0,35.50116097571751,36.133417106695504,15.025183817341539
on,1061.0,35.50258111550175,36.13376116590474,14.894677268107708
on,1062.0,35.50412067243998,36.13376983255453,15.019908019157596
on,1063.0,35.50663510827683,36.13374701354887,15.637215847716526
on,1064.0,35.50998078244587,36.13548485073015,14.650487349658105
on,1065.0,35.511418283782426,36.13513185342996,15.130945671378502
on,1066.0,35.513503802513526,36.13337735127318,15.012203920170627
on,1067.0,35.51420145103306,36.13062290929648,14.576343634092982
on,1068.0,35.51504279971475,36.12947866070377,15.735047765295668
on,1069.0,35.51630394244354,36.12909810140633,14.840784858948098
on,1070.0,35.51622592466159,36.130555546182045,16.945613544857906
on,1071.0,35.51512566636871,36.133261884528416,16.536021685625307
on,1072.0,35.515904145314984,36.13428157409647,16.2723868741012
on,1073.0,35.51530305603008,36.134203988091,15.47287959233066
on,1074.0,35.51498199855619,36.13595155641612,16.203151486856985
on,1075.0,35.51335916187108,36.136091575994826,15.30205715743308
on,1076.0,35.511032696241365,36.13649986686337,15.076208479313795
on,1077.0,35.5085323453101,36.13837582301732,14.23875978668227
on,1078.0,35.50562626339395,36.13969032953703,14.890568073543765
on,1079.0,35.50368795999057,36.14109953679905,16.139598374632335
on,1080.0,35.50290350925886,36.14049569463441,15.610776345770724
on,1081.0,35.50208794415023,36.138808638917915,14.85061321699315
on,1082.0,35.5013046113011,36.13684155610579,15.042423434200268
on,1083.0,35.50148456251212,36.135840051191714,16.117260194008345
on,1084.0,35.49946742939505,36.13507137818234,14.387315611196392
on,1085.0,35.49831197686974,36.13502990914471,14.57473343266626
on,1086.0,35.4979058330186,36.13394929415576,14.514537667201736
on,1087.0,35.49728739901924,36.13434737054225,15.120207863013322
on,1088.0,35.49485798239654,36.133085686838406,14.883902482830955
on,1089.0,35.495044344289425,36.13218339729435,15.128163372574686
on,1090.0,35.4971972355872,36.13160118421016,14.906886709182045
on,1091.0,35.499225020142845,36.130175285429296,15.707660364115037
on,1092.0,35.500001814324975,36.130911772238164,15.280081290144931
on,1093.0,35.500431882821324,36.13263880984026,15.111218845675198
on,1094.0,35.50131680429773,36.13363702335608,14.770881077040514
on,1095.0,35.50034311073945,36.13493534513799,14.548258875943528
on,1096.0,35.50012297586813,36.13513669402954,15.248884593266517
on,1097.0,35.49988282789891,36.13365224078018,15.342104669451814
on,1098.0,35.50064768073288,36.132480597871954,15.73973691755433
on,1099.0,35.50145493433293,36.13204966999081,14.924618473901473
on,1100.0,35.50194138473214,36.129970787082094,15.529305561679362
on,1101.0,35.501720658445535,36.128334492297746,14.497840087788502
on,1102.0,35.500857092206545,36.12842035613343,15.16012668378282
on,1103.0,35.501987779072174,36.12970109090381,16.58199449942665
on,1104.0,35.500814470101,36.12962327193749,16.46155214063569
on,1105.0,35.502300485560994,36.128978572870004,15.987594915659674
on,1106.0,35.503684157475604,36.128481006597454,16.572108481487934
on,1107.0,35.50469995021805,36.12473426567456,15.751660228682862
on,1108.0,35.505593360850504,36.124105709492824,14.913187262474779
on,1109.0,35.50558314110314,36.12264240250754,14.987748362308704
on,1110.0,35.50558324383302,36.124296098444766,14.823966354921708
on,1111.0,35.50424418401162,36.12612008254864,15.58779090997342
on,1112.0,35.50529307962926,36.12616417424468,15.87683944348099
on,1113.0,35.50797084495044,36.12572697223807,16.664089256648918
on,1114.0,35.51060128234432,36.12537457777417,16.165831666102104
on,1115.0,35.51274249067915,36.12513063092059,15.31820323202431
on,1116.0,35.51406210241123,36.12549675699184,15.164842100915111
on,1117.0,35.51330592997939,36.124876690557954,14.408915565692723
on,1118.0,35.511602747972816,36.125240863821475,15.143401459231058
on,1119.0,35.50949857729347,36.127392799728334,16.015371538216165
on,1120.0,35.50714079159011,36.1304658540662,14.117484690524842
on,1121.0,35.505579514015274,36.13316065852117,14.685177991787784
on,1122.0,35.50248706583067,36.134821060628916,14.489666327791141
on,1123.0,35.49981493449197,36.13668327024754,14.48689117501183
on,1124.0,35.49858214283001,36.13709680937738,15.286924430531823
on,1125.0,35.496727315891775,36.13493959125425,14.139004462628275
on,1126.0,35.49427304247091,36.13342604908082,15.076065238074772
on,1127.0,35.49197392972136,36.13304285111332,14.910096505498299
on,1128.0,35.48944502793615,36.132622322280554,15.378862078485458
on,1129.0,35.48779394384637,36.1320363718963,15.3103666183436
on,1130.0,35.48623703099534,36.13381513929262,14.59182289518334
on,1131.0,35.484048560169335,36.13693454701652,15.296763795813742
on,1132.0,35.48240025753579,36.137766685501795,15.390023219562032
on,1133.0,35.481925433397784,36.1370938318307,14.57357595785414
on,1134.0,35.48288832061017,36.13724454307795,14.878285111801976
on,1135.0,35.48313494823458,36.138763020939884,14.765166839001509
on,1136.0,35.484361716538565,36.13791040534938,14.63429617484962
on,1137.0,35.48387738011015,36.136697693133925,14.555661904904522
on,1138.0,35.48599978168806,36.137810594310295,14.381768866912019
on,1139.0,35.486986851407885,36.1375272492222,15.19502626153175
on,1140.0,35.48792885405379,36.13667780225919,15.21790043612129
on,1141.0,35.487848969612976,36.13749617273674,15.621803247871178
on,1142.0,35.48803311072372,36.138913969870934,14.691468178700836
on,1143.0,35.48718400922668,36.13902359942835,14.696626606578334
on,1144.0,35.4870357580235,36.13944307246031,14.824270330142236
on,1145.0,35.487658740278846,36.1387618361764,15.514958615928494
on,1146.0,35.489464248194295,36.13677984919474,15.24398903428942
on,1147.0,35.49088543355293,36.13578712604822,14.401999800614046
on,1148.0,35.49006184991499,36.13579272199737,14.959307568470027
on,1149.0,35.49073093000916,36.13447698645773,15.109396903591964
on,1150.0,35.490071962956286,36.134191975373895,14.657333337025246
on,1151.0,35.4886245113216,36.13275260281776,15.393641621371462
on,1152.0,35.489702206641475,36.13196910642319,15.02328951338413
on,1153.0,35.48963357454028,36.13260751439266,15.14890997751564
on,1154.0,35.48970371010382,36.133410979501946,15.10742987997105
on,1155.0,35.489097611880645,36.13302906116472,15.160586617731653
on,1156.0,35.48946991392478,36.13209184099117,14.218383531110394
on,1157.0,35.4901724357529,36.13016041508843,14.962215311273344
on,1158.0,35.49016796423042,36.12805944481788,14.992091346935396
on,1159.0,35.49044053587899,36.127168807790845,14.56707400122599
on,1160.0,35.49090239026107,36.12664700395458,14.68166046806182
on,1161.0,35.489385482911906,36.127662548094236,14.39422716840745
on,1162.0,35.48546531169412,36.128675636042146,14.123376609432881
on,1163.0,35.48208493020633,36.12968769519262,14.98227337001018
on,1164.0,35.47851920349764,36.131842163830626,15.364416203046908
on,1165.0,35.47564245967645,36.131283418938104,14.715970565266666
on,1166.0,35.47297152654975,36.130713348181004,14.710078532891432
on,1167.0,35.471506669413415,36.12915870406565,14.533702026163457
on,1168.0,35.47076942642761,36.12935367069501,14.654317267436
on,1169.0,35.471077593715144,36.12950770140755,14.249162767016134
on,1170.0,35.47310654843119,36.1306146819093,14.229536419294895
on,1171.0,35.475578950653215,36.13110268973274,14.153522155141115
on,1172.0,35.47761351800882,36.13266405116601,14.585794829626657
on,1173.0,35.480320359331664,36.13415425694808,15.827417766995628
on,1174.0,35.484011536902045,36.1344350865626,15.14988444131242
on,1175.0,35.487155968210075,36.13448319672049,15.88343765404199
on,1176.0,35.490446407621064,36.13546085190276,14.73600942578809
on,1177.0,35.49171160072698,36.13809221302378,15.51563991522511
on,1178.0,35.49280805875401,36.13843780387177,16.175377604547283
on,1179.0,35.49352480986951,36.13830833693732,16.01211082128109
on,1180.0,35.49444490397448,36.139804776983006,15.482754488460206
on,1181.0,35.4953132016102,36.1414465053989,15.598890161636184
on,1182.0,35.49687424729924,36.14283772941995,15.381265695104666
on,1183.0,35.49735664972744,36.14346601728915,14.932973487571271
on,1184.0,35.498183759464155,36.14402184803847,16.17327383490325
on,1185.0,35.4979344373141,36.14513309193138,16.670760335156633
on,1186.0,35.499861593142036,36.14400021679401,15.51499155055265
on,1187.0,35.50122015185929,36.143788679197534,15.409861643909426
on,1188.0,35.50206757299951,36.14462514248055,15.317378834488501
on,1189.0,35.50277059221018,36.143062134455285,15.924994021190676
on,1190.0,35.50301383862543,36.143382843706,15.357948408720794
on,1191.0,35.50249292223545,36.142331962902354,15.174784063958633
on,1192.0,35.49901063405595,36.14038304358759,14.240042454246229
on,1193.0,35.49645632523308,36.138807696122164,15.239267425707176
on,1194.0,35.49484278255077,36.138624445109734,16.221629761417468
on,1195.0,35.49333579237709,36.13720602813975,15.573549916769966
on,1196.0,35.49138191833673,36.13555556098987,15.058114518552081
on,1197.0,35.49023588228516,36.13584263198651,16.212675765360398
on,1198.0,35.48821474969755,36.13243635299624,15.653857191368726
on,1199.0,35.48769006822054,36.130473288587645,14.444322207298477
on,1200.0,35.48703193768709,36.13217485107802,15.369144785808711
on,1201.0,35.486684314272836,36.13267998657279,15.609692688566515
on,1202.0,35.487555834258636,36.134348354539505,15.171742897571747
on,1203.0,35.48780350704311,36.13532916243081,14.585951571542005
on,1204.0,35.48701927083759,36.13561329531921,13.711782605420902
on,1205.0,35.48690494847319,36.13536008401244,14.307630452521696
on,1206.0,35.48668038345553,36.13558401162469,14.392370443911174
on,1207.0,35.48769014270374,36.13604723067756,14.413851763725969
on,1208.0,35.48948447539996,36.13540424530151,14.783757842597861
on,1209.0,35.49133182388253,36.13606218868384,14.46312809736548
on,1210.0,35.49415089242805,36.13593976707928,15.448362409257992
on,1211.0,35.49757613152684,36.13542444859583,15.667439718485769
on,1212.0,35.50159962525414,36.133525476937756,15.820559407490931
on,1213.0,35.504717962564015,36.129723621442125,15.67678694687162
on,1214.0,35.505486393717284,36.12743599266902,14.833452651189166
on,1215.0,35.50466303627922,36.12639531800169,15.940387561302465
on,1216.0,35.50323507737032,36.125618047043965,15.472042257127665
on,1217.0,35.5002752303308,36.124990337103924,15.769243671961163
on,1218.0,35.49778706039561,36.125434979314,14.868212472025718
on,1219.0,35.49640704886376,36.12651801640122,14.98020994304809
on,1220.0,35.49565344734858,36.125596086243824,15.409935486436703
on,1221.0,35.493852064069586,36.12678086501572,15.013344978833052
on,1222.0,35.492986215703674,36.127246791361266,15.692093429862432
on,1223.0,35.49223266121261,36.127629079563036,14.581996001033094
on,1224.0,35.49073309152299,36.126847856050034,15.152841411415558
on,1225.0,35.49020304623296,36.12607938817291,15.194554987010044
on,1226.0,35.48905565477189,36.125355569039186,14.932322165494888
on,1227.0,35.487165379639144,36.12531395423629,15.146260833385368
on,1228.0,35.4877815720988,36.123465666190086,15.503994239721404
on,1229.0,35.4871075265182,36.12191192377777,15.848112476814538
on,1230.0,35.48545502918497,36.11989234829806,14.465639590751081
on,1231.0,35.48423176600253,36.11971833936299,14.660187062454952
on,1232.0,35.48366379115229,36.11953513815291,14.478968603017796
on,1233.0,35.483562166668364,36.11738018279127,14.55219498871609
on,1234.0,35.48595566848238,36.116777281516036,15.27444962786269
on,1235.0,35.48676125856034,36.11717198375714,15.57185220857647
on,1236.0,35.4875152610195,36.11690398210246,14.827417775872378
on,1237.0,35.48868447872313,36.117463686168996,14.775337595029297
on,1238.0,35.48831649857489,36.118000610559044,14.89707231316176
on,1239.0,35.48795059344758,36.11555004835013,15.821447306724917
on,1240.0,35.488308288776835,36.11531003021626,15.669385875510235
on,1241.0,35.48874754378914,36.11472055077676,15.564978685887311
on,1242.0,35.48871255850306,36.11465829969658,15.67476757362784
on,1243.0,35.489450864425436,36.11336528417604,14.94536936484786
on,1244.0,35.490138364727585,36.113015315253655,15.133102855873457
on,1245.0,35.491890659411595,36.111848031488314,15.547938674640971
on,1246.0,35.4909869064211,36.1101807607674,14.630051888976226
on,1247.0,35.4887452607497,36.11002888252086,14.240760223073726
on,1248.0,35.48535440411637,36.110852064891965,13.984285275343776
on,1249.0,35.482898530266915,36.112300729334954,14.553626927839359
on,1250.0,35.48272907917683,36.1167211546954,14.642475138176774
on,1251.0,35.48163981742974,36.1210720483497,15.699481699821568
on,1252.0,35.48167152186986,36.122076886668346,15.111408640790662
on,1253.0,35.47968872898948,36.12020975878979,15.138216997666119
on,1254.0,35.47934388777004,36.12081700032818,15.80941512871043
on,1255.0,35.479979506670084,36.120988066861756,15.272375704280911
on,1256.0,35.479698851661325,36.12145687642657,15.329111347739229
on,1257.0,35.47884501639457,36.12058822491959,14.899461758203945
on,1258.0,35.480329131147236,36.11929365065598,15.373283546610782
on,1259.0,35.48105544794935,36.11970339093918,15.659508817288133
on,1260.0,35.48117295022516,36.11915355314079,14.913220415528269
on,1261.0,35.48025630893383,36.11901179727755,15.249060843802699
on,1262.0,35.47740277435672,36.11862857399968,14.13973053945328
on,1263.0,35.47569483194335,36.120088786544734,14.371070742086777
on,1264.0,35.47409364902133,36.122966139416036,13.66382421366766
on,1265.0,35.47011714887756,36.12454384358037,13.627675400083996
on,1266.0,35.4670787266197,36.12537527216448,13.428594927094808
on,1267.0,35.46526058732464,36.12663937891099,14.383723331764974
on,1268.0,35.46478770843747,36.12561632840566,13.759386796188846
on,1269.0,35.465624364056396,36.12480547669437,14.726458791900935
on,1270.0,35.46604387960736,36.12451811035617,15.077836664702243
on,1271.0,35.46755442874735,36.125001986177686,15.566646134198194
on,1272.0,35.46778558319503,36.12652839384988,14.211403285102492
on,1273.0,35.4681436819916,36.128600741474436,14.285592916330128
on,1274.0,35.46614992394892,36.13029398454907,13.995009562909551
on,1275.0,35.465529264761564,36.13111171571402,13.960894170424915
on,1276.0,35.46694098346709,36.13105699095567,14.022731864049714
on,1277.0,35.46817205510529,36.13245599912106,13.565581780278944
on,1278.0,35.46906329685799,36.132699631629485,13.462031365986238
on,1279.0,35.46881209237647,36.13401541130376,14.644075969100061
on,1280.0,35.469963600664926,36.134490214039836,14.740964569195647
on,1281.0,35.47099143128181,36.133828400839825,14.19019787091111
on,1282.0,35.47143268571798,36.13388092658158,14.268504799204308
on,1283.0,35.47173176861068,36.1333858144885,14.246223816565086
on,1284.0,35.47172035511291,36.13125304831163,14.254084849765626
on,1285.0,35.47320015415446,36.13149160238085,14.192306013187022
on,1286.0,35.47452304125875,36.13295028844374,13.853200241803004
on,1287.0,35.473867064167266,36.13421885917226,14.505253025349226
on,1288.0,35.475880470623004,36.13375662251428,14.917096262788869
on,1289.0,35.4778378516567,36.13213066237695,14.018727885668948
on,1290.0,35.47883322501545,36.12978476162162,14.036002552395917
on,1291.0,35.47817085912135,36.13015992121349,14.029780169310706
on,1292.0,35.47732401429283,36.13029550415993,13.660791946303036
on,1293.0,35.477648006416686,36.130924897883844,14.121775047236282
on,1294.0,35.47811250290125,36.13259475080595,14.035789426739731
on,1295.0,35.477566584884315,36.13162120528489,14.119203491868198
on,1296.0,35.476056857432155,36.13269425162249,13.80333782457405
on,1297.0,35.47360060980536,36.132900650265775,14.798774796406585
on,1298.0,35.47203529742876,36.13305419386085,14.796907976094937
on,1299.0,35.46994439824862,36.13321227383858,14.783718675018646
on,1300.0,35.47017170889097,36.13206992032489,14.750110269539007
on,1301.0,35.47078369257392,36.133708354522916,14.722690101719948
on,1302.0,35.47172473208509,36.13535359354789,13.73809785749029
on,1303.0,35.47085718846471,36.13447497980865,14.043503256213945
on,1304.0,35.470235756217825,36.13315522010476,14.944207790259686
on,1305.0,35.47362535608151,36.13239219200527,14.686051181811425
on,1306.0,35.47497161288094,36.135041647771665,14.470321516685154
on,1307.0,35.475732310391706,36.1387931518924,13.380739671973924
on,1308.0,35.47497529725363,36.13976681267852,13.669120708587723
on,1309.0,35.47354969705154,36.14100578791298,13.282254642752855
on,1310.0,35.472665615516576,36.14165749913439,13.536159805169257
on,1311.0,35.47190511968265,36.143063686229894,13.828043940070716
on,1312.0,35.473170164732444,36.141464945703845,13.538655886335194
on,1313.0,35.474477764747135,36.141576098318,13.929380753684988
on,1314.0,35.47445180238135,36.142064891610566,13.814703966174427
on,1315.0,35.47370107603234,36.14128000283779,14.027679917068156
on,1316.0,35.47435952054692,36.140668517215545,13.354349066668714
on,1317.0,35.47478858589675,36.141718377321276,14.218073051973558
on,1318.0,35.476654304297845,36.14094507684525,14.860589692772773
on,1319.0,35.48016042947227,36.14142541294291,14.173102188892582
on,1320.0,35.48211828941307,36.1442200898499,13.87391701510338
on,1321.0,35.483439470403255,36.14485396487288,13.469615649889992
on,1322.0,35.48321966822849,36.14373515502298,12.808958110192119
on,1323.0,35.481954482865284,36.14344150781345,14.424643707982888
on,1324.0,35.4808090790798,36.14571903989535,14.642114174554376
on,1325.0,35.4798643199919,36.145337362424385,14.596770018608222
on,1326.0,35.47878591928235,36.14629169937743,13.968985063639678
on,1327.0,35.47927671019896,36.14829877311133,14.353051402660917
on,1328.0,35.479674562721584,36.15018716363065,14.313212173939814
on,1329.0,35.47938406762062,36.15233852180527,14.297321871618639
on,1330.0,35.48074208451368,36.15448295101498,13.654057840415076
on,1331.0,35.48314014248774,36.15696338561892,14.171585750967232
on,1332.0,35.48606956584096,36.15923002563215,14.620395609640175
on,1333.0,35.489281273228194,36.16090030910052,14.008138808399742
on,1334.0,35.49135264406552,36.16230725296249,14.188896642581007
on,1335.0,35.49432069128006,36.16481695610074,15.287576356563829
on,1336.0,35.4969227200456,36.16557935159914,15.674581316256244
on,1337.0,35.500150970765915,36.1649477769742,16.628529051089853
on,1338.0,35.50385135157155,36.16459805507318,16.78242282752991
on,1339.0,35.5078003597569,36.162090547188804,15.539504691381715
on,1340.0,35.50864215436598,36.16229174209809,15.33180217697711
on,1341.0,35.50920320627684,36.16307271504446,15.366679774065323
on,1342.0,35.50863691669422,36.160217469593086,15.278126490539327
on,1343.0,35.50962397638577,36.15790024400233,14.960654901673971
on,1344.0,35.5086704045533,36.1576251205489,15.101271172480272
on,1345.0,35.50897802468576,36.155169011123256,15.183961354942303
on,1346.0,35.51037780830474,36.15438491182481,14.875845295857275
on,1347.0,35.50919730951469,36.15332697755307,14.711948842387544
on,1348.0,35.50602768890096,36.1533272239045,14.571142419823278
on,1349.0,35.50449243122041,36.15223538629549,15.129363442324731
on,1350.0,35.50196337296248,36.15062705003006,15.4870831949688
on,1351.0,35.50155685865764,36.14853029014194,15.711590682403418
on,1352.0,35.50298958420463,36.14874030570437,15.816594473550492
on,1353.0,35.50496090730653,36.148450486261495,15.398437612205992
on,1354.0,35.507548908608655,36.147803667710505,15.773781801135211
on,1355.0,35.510611294591406,36.14591349887718,15.063387670262323
on,1356.0,35.51262274139071,36.14599621842627,15.300070784306342
on,1357.0,35.515137779101266,36.14283394307391,15.504824048116308
on,1358.0,35.51852604367378,36.14181267130459,16.36898007723221
on,1359.0,35.521594550762906,36.141707857194355,15.411820780121214
on,1360.0,35.52400486239043,36.14239647021291,15.332642990521752
on,1361.0,35.52484278778487,36.14081605984691,15.830465937078033
on,1362.0,35.52460423472295,36.1378597654488,14.882139186211901
on,1363.0,35.5221119052699,36.136186738256185,14.773066925398897
on,1364.0,35.51880750804161,36.13488757821114,14.511145712311446
on,1365.0,35.51780904155049,36.13273695676633,14.390180064773741
on,1366.0,35.515722980661,36.130532159145694,15.548922681197533
on,1367.0,35.51264763996529,36.129923765735015,16.043848029188084
on,1368.0,35.508215623267205,36.129103789001014,16.222784865649636
on,1369.0,35.503419148010344,36.12934259640372,15.744097790657907
on,1370.0,35.499036687976584,36.1299195817668,15.661359550673183
on,1371.0,35.494397638545,36.1324700014223,16.26963340910762
on,1372.0,35.48978672897934,36.13216910549528,15.295821724496292
on,1373.0,35.48709177215532,36.13225048583677,15.587467722632212
on,1374.0,35.48614231041144,36.13139846670658,15.53260537002339
on,1375.0,35.48641757307265,36.132591989956424,15.459812535410787
on,1376.0,35.48805752340862,36.13514371734508,14.884130181693877
on,1377.0,35.490566744527975,36.137730202861086,15.14269083712603
on,1378.0,35.49310366134231,36.13889013649299,14.817482935175533
on,1379.0,35.49414628481018,36.139442997316934,14.72244582402193
on,1380.0,35.497042866451345,36.13810274925135,14.759409200868953
on,1381.0,35.49960333546161,36.13766397840325,14.898644806053419
on,1382.0,35.50150201460693,36.13785628259861,14.439470126379259
on,1383.0,35.50384621140182,36.13819685363435,15.003576480395918
on,1384.0,35.503875400126056,36.13815189579022,14.32262155979865
on,1385.0,35.505457708654845,36.136806270229634,14.606413555625169
on,1386.0,35.505749695425244,36.1352141250712,13.96128883712639
on,1387.0,35.50701043527677,36.13371613915276,13.562279138754405
on,1388.0,35.50536141850121,36.13149228663379,14.728150792980006
on,1389.0,35.5027351871186,36.1314398127018,15.570685683219878
on,1390.0,35.50000849069019,36.13214066895642,14.845758662993536
on,1391.0,35.49698267911278,36.13210835418838,15.560894117793362
on,1392.0,35.49570848152038,36.13315906022927,15.887579808586176
on,1393.0,35.49436397430408,36.13374177955894,16.377944144946426
on,1394.0,35.49372991794791,36.131874118666374,16.65124042030837
on,1395.0,35.49415691512983,36.13044276257866,16.094050872820336
on,1396.0,35.49472297328482,36.13065388002377,15.51040259491641
on,1397.0,35.494410988720816,36.12971337599967,14.984564980359671
on,1398.0,35.495149395505116,36.1291213856356,14.358196682473716
on,1399.0,35.49571402483869,36.12988286539176,14.664230618818934
on,1400.0,35.49405643496596,36.12914140083239,14.65469150939095
on,1401.0,35.49512093355532,36.1312161453871,15.218300236214377
on,1402.0,35.49726430048833,36.131809810006054,14.389085017329444
on,1403.0,35.497881624148285,36.13173438470448,15.732550957506893
on,1404.0,35.49747580008583,36.12982637981933,15.324454187317308
on,1405.0,35.49571258296991,36.1278186148604,14.793292134583936
on,1406.0,35.49553204709768,36.12874019366178,14.97622685650806
on,1407.0,35.49480701037497,36.13029489928066,14.266379593707356
on,1408.0,35.49400067069676,36.13076848953657,14.890309052614931
on,1409.0,35.49255866555091,36.13099781301172,14.819653084367157
on,1410.0,35.49077140793249,36.13181986070561,14.89456735244718
on,1411.0,35.49119937976304,36.13151857730223,14.580474010134829
on,1412.0,35.489989739637785,36.13179718433682,14.891589428939334
on,1413.0,35.489576196081615,36.131328871620795,14.736546191468253
on,1414.0,35.489777775106695,36.13055157363491,14.9175509229838
on,1415.0,35.491489079908426,36.128487507197875,15.449944920649996
on,1416.0,35.49225593759499,36.12828189880737,14.644664967911883
on,1417.0,35.49289940558447,36.128982546602685,14.344308860907946
on,1418.0,35.49314313267946,36.12898994351409,14.558706681974764
on,1419.0,35.490834953699746,36.129001975769654,14.506168511851554
on,1420.0,35.489186384077065,36.13029005424379,15.007489446289863
on,1421.0,35.487751736629136,36.13078777097594,15.452324093665162
on,1422.0,35.48762302829656,36.13147183798914,14.888378492230649
on,1423.0,35.48840355204877,36.13100163914204,15.092693422412095
on,1424.0,35.489353215326204,36.13072066785148,15.289588111673911
on,1425.0,35.49091000552535,36.13051792410402,15.002866978917998
on,1426.0,35.49161571956257,36.13206893145901,14.449690958341385
on,1427.0,35.49135579531581,36.13286608840843,13.933168513300831
on,1428.0,35.490957655212036,36.13175548285568,13.826273321873696
on,1429.0,35.49108810893775,36.130671337872585,14.619647649144042
on,1430.0,35.48992952641759,36.13073112433773,14.201401627632753
on,1431.0,35.49033944676065,36.13048807967787,14.961186926443823
on,1432.0,35.490486747775655,36.13028130189283,15.480156831334462
on,1433.0,35.49042276818047,36.13223297449799,14.917951904911483
on,1434.0,35.49025903215331,36.13290537705436,15.779786787387359
on,1435.0,35.48948271857025,36.13316080096755,15.682323946446989
on,1436.0,35.48867341229266,36.13180387896827,15.073640954923214
on,1437.0,35.48725109810559,36.130385777620994,13.668076495369252
on,1438.0,35.484898762147694,36.13051096494478,14.326475400000344
on,1439.0,35.48301491792139,36.12895606271756,15.290962980305384
on,1440.0,35.48034184925769,36.12834140282628,14.478498668836647
on,1441.0,35.47831041767118,36.128429090212904,13.881353515586191
on,1442.0,35.475245946162254,36.12848389294994,14.389689870548494
on,1443.0,35.473076989539166,36.12803399710243,14.459475552658475
on,1444.0,35.47287261156685,36.127805351391146,14.655763867209838
on,1445.0,35.4744620950006,36.12749924025485,15.457025928317746
on,1446.0,35.4742894471953,36.12870609981444,15.337487543635877
on,1447.0,35.475658832393385,36.12994253930432,15.063133726241642
on,1448.0,35.47764743940053,36.13007366580953,15.042898178733457
on,1449.0,35.4769315283902,36.13186350073563,14.696307484843912
on,1450.0,35.47425944713564,36.13011468935963,15.106568683156357
on,1451.0,35.4739265317846,36.129467067682484,14.959268957335677
on,1452.0,35.474634969766875,36.12945937784851,14.740009590936328
on,1453.0,35.474938748638806,36.12955536636691,14.455436882021363
on,1454.0,35.475677732246155,36.12883374239633,14.243589500882958
on,1455.0,35.478362289432475,36.129088328062736,14.287091168579348
on,1456.0,35.48033758117888,36.12871970734588,14.146412105385298
on,1457.0,35.48127782707591,36.12957483428391,14.07771795265932
on,1458.0,35.48129110537646,36.12928178573842,14.180540709770497
on,1459.0,35.48132538357659,36.12887118397929,14.81181035497901
on,1460.0,35.48073098653433,36.129115200678484,14.079349420790606
on,1461.0,35.479472959995185,36.1301005750469,15.17669446353169
on,1462.0,35.47851255009336,36.12931084549195,14.724199235558697
on,1463.0,35.476123477662284,36.1286890180982,14.135156746636717
on,1464.0,35.47526005553243,36.12850304423793,14.002259617806804
on,1465.0,35.47506967454099,36.129515875473416,14.154464446042784
on,1466.0,35.47524897357899,36.12964596576221,15.052110397314458
on,1467.0,35.47367536527619,36.12843529877125,15.29730603921529
on,1468.0,35.472075734525376,36.12956483376257,15.238767757590502
on,1469.0,35.47080780879504,36.12921699180649,15.989547192797396
on,1470.0,35.47046382867771,36.1303089821355,16.249526615191446
on,1471.0,35.47203520980791,36.131305192562905,16.48946305469068
on,1472.0,35.475880429166125,36.13328430391865,15.17310768598697
on,1473.0,35.47918677093729,36.134194733493665,14.735026527223042
on,1474.0,35.482477434789466,36.13457258727876,14.03681158543937
on,1475.0,35.48466429487288,36.13666432818294,14.660563586873934
on,1476.0,35.48508570991615,36.13884066461373,14.875859884535053
on,1477.0,35.48550277636957,36.140278938711816,14.879581517388896
on,1478.0,35.48636394458411,36.141972713903776,14.637631892444368
on,1479.0,35.48812465949934,36.14292887131444,14.79317021838245
on,1480.0,35.48762619244949,36.14277616610125,13.914035957616639
on,1481.0,35.4875550299797,36.140248959100475,15.098584921390902
on,1482.0,35.488538050851574,36.13941288156795,13.5040463254537
on,1483.0,35.488973251422934,36.13881627079344,14.395850702431053
on,1484.0,35.49005963466213,36.14124503197273,14.782050099802127
on,1485.0,35.49280062180588,36.14113330045355,13.895540929849822
on,1486.0,35.494688045908035,36.139353612787936,14.826137552600034
on,1487.0,35.49746196842063,36.14009683396279,15.359828240021102
on,1488.0,35.5006261301963,36.141083288257434,14.989509803567099
on,1489.0,35.50442505792342,36.140406923427896,15.461357231811647
on,1490.0,35.50716136849028,36.14112240976789,15.274696019040045
on,1491.0,35.50880419945912,36.13941621822779,15.521887474952099
on,1492.0,35.5087328776535,36.13857227145151,14.938846950029701
on,1493.0,35.50794401125862,36.138264538005075,14.430036080348646
on,1494.0,35.50628365031766,36.138957697297585,14.216378031880517
on,1495.0,35.50324914705552,36.141177236960125,14.582466442138546
on,1496.0,35.500409187142054,36.14054426066641,15.4313319410184
on,1497.0,35.497439277143435,36.140824247719124,14.857021826854789
on,1498.0,35.49521728971301,36.142230342857346,15.366584854884104
on,1499.0,35.49466896410181,36.142469450513794,16.122933267186845
on,1500.0,35.492338198459926,36.14283077361885,15.339026792087328
on,1501.0,35.49280239279713,36.141757665895405,15.285013496631638
on,1502.0,35.492038177658074,36.14064324219428,15.473663776842104
on,1503.0,35.49255128608035,36.14165589865244,15.23116805173098
on,1504.0,35.49477077772712,36.1411494124905,14.913877314467417
on,1505.0,35.49787550309828,36.14135874926099,14.665838979043315
on,1506.0,35.49933942305,36.140769796551005,14.959003790774013
on,1507.0,35.49990520477329,36.14149162197597,14.45873748519497
on,1508.0,35.49900272203511,36.1419103365949,15.618661166211016
on,1509.0,35.49804401982792,36.14136132150831,15.299190172820811
on,1510.0,35.49681097690737,36.14264653841999,16.810291095199226
on,1511.0,35.49588295111748,36.141388248075565,16.28562658481456
on,1512.0,35.49570141874562,36.141207227051645,15.366299591006209
on,1513.0,35.49634393149916,36.141441501903394,15.53648728774172
on,1514.0,35.49762284740283,36.14184643101422,15.343260657673456
on,1515.0,35.49885601253864,36.142922925182226,15.417050599387522
on,1516.0,35.50022951814408,36.143093866238196,15.440068869144522
on,1517.0,35.50107453178003,36.14255013073243,14.65204549348374
on,1518.0,35.502420971550336,36.142758993369924,15.265361936776486
on,1519.0,35.50283006813059,36.14247053555062,14.795624096492311
on,1520.0,35.50251663483416,36.14209132875398,14.617925880729235
on,1521.0,35.50229290481882,36.141798767883174,15.446904715643484
on,1522.0,35.50098485351458,36.14059438448682,16.118967023915566
on,1523.0,35.501933453004824,36.13863437592638,15.150998347980057
on,1524.0,35.50201866689551,36.137256855650016,15.053386011691474
on,1525.0,35.500821117301605,36.13774031872921,16.141092589853145
on,1526.0,35.50115569034216,36.13680387552659,15.899601094514669
on,1527.0,35.500922195178404,36.135967661686436,15.941912077825808
on,1528.0,35.50223006391623,36.135548313818404,15.40804108758615
on,1529.0,35.502605783902396,36.13536023888968,15.11283278691533
on,1530.0,35.5026364147493,36.135963731837606,15.197453818889013
on,1531.0,35.50088433024177,36.13480445972282,14.831134425901691
on,1532.0,35.49793672938489,36.1341284612862,14.916392454823345
on,1533.0,35.49643942300287,36.1346928893677,15.24990855886374
on,1534.0,35.495505433491985,36.13292972059859,14.966834511564265
on,1535.0,35.49519600789783,36.13396556062499,15.379597359826358
on,1536.0,35.49644922737814,36.135575510639576,14.908510541670832
on,1537.0,35.497276518076525,36.13693328925723,15.522716188083699
on,1538.0,35.49918336096195,36.13656411101183,15.36270054822764
on,1539.0,35.503308748878744,36.13505342834327,15.551627048342592
on,1540.0,35.50597352476757,36.13261977088738,14.835471145161458
on,1541.0,35.5087064255767,36.133031835714554,14.381267745325559
on,1542.0,35.50931813098717,36.13363695235715,14.411899333568757
on,1543.0,35.509128160101604,36.13548880660946,14.094957826800004
on,1544.0,35.509524251527445,36.13580264894899,14.94205154747635
on,1545.0,35.510586417766035,36.1350937309807,14.510350920601663
on,1546.0,35.51056912545812,36.13440035170744,14.80139576441185
on,1547.0,35.51004974211275,36.13220922257699,14.724949873463444
on,1548.0,35.50920267317203,36.13043443306579,15.121448884489464
on,1549.0,35.50896665671452,36.13087826888859,15.793788273368321
on,1550.0,35.50907361990901,36.13142606168936,15.809112742994373
on,1551.0,35.50914358345605,36.13061175800168,15.916051861434495
on,1552.0,35.510953593825995,36.128839082608785,15.769713012123063
on,1553.0,35.51156936199808,36.12736070237322,14.85136503124815
on,1554.0,35.511770382168024,36.12848689145094,14.745576576305563
on,1555.0,35.50992002756191,36.128969454206064,15.031137064523016
on,1556.0,35.50907943950284,36.130062687630605,15.091332393871248
on,1557.0,35.508329412081146,36.13018272874464,14.748170731333637
on,1558.0,35.50748436431865,36.130476640547215,14.272897069948371
on,1559.0,35.50782207670636,36.13032976107081,13.958703366568495
on,1560.0,35.50696028475002,36.13134444278026,15.133863324972479
on,1561.0,35.50586136982292,36.130817911359,14.663813265071703
on,1562.0,35.50352232178647,36.13268277166972,15.03413484126871
on,1563.0,35.50280945068234,36.13382029421052,15.370380363929812
on,1564.0,35.50339714830891,36.132609476119654,15.093126405438987
on,1565.0,35.503728098257106,36.13241971693954,14.552698285198197
on,1566.0,35.50575279577782,36.13312421389248,16.18595664150441
on,1567.0,35.506763274238104,36.13326606579306,15.306451103640224
on,1568.0,35.507417155131115,36.13717267619387,14.583372488995945
on,1569.0,35.5062295448455,36.13885548709132,14.423574443555609
on,1570.0,35.50431997112514,36.13990275136081,15.749159458143124
on,1571.0,35.50498649031231,36.141374788565805,15.213447211007871
on,1572.0,35.50651504559251,36.14231350421328,15.898179457454585
on,1573.0,35.507822909507944,36.14181421042883,17.33287952294196
on,1574.0,35.50997708605609,36.140705068669575,16.33936104376349
on,1575.0,35.511752170565906,36.14135763835399,14.813643822072535
on,1576.0,35.512315335231285,36.14154129950713,15.968756473414397
on,1577.0,35.51494048536714,36.140673840662274,15.176146670583062
on,1578.0,35.5169498981103,36.141461660433535,15.19329031615788
on,1579.0,35.517009130792154,36.142276633646425,14.944356351404286
on,1580.0,35.516983914919535,36.14336931833363,15.646007360234982
on,1581.0,35.51778703175555,36.14284681476121,16.242141837584143
on,1582.0,35.51947608701782,36.14242295892562,15.258068626119385
on,1583.0,35.51900494551397,36.14428360293552,15.448225989704621
on,1584.0,35.5181961648244,36.14379607895206,16.428642708204265
on,1585.0,35.51703983536326,36.142035175044875,17.218723655604535
on,1586.0,35.51936313041366,36.13831842616901,16.2395214377282
on,1587.0,35.521278392023916,36.13632086794553,15.561803485001391
on,1588.0,35.5216485778505,36.13639746371269,15.323850137008893
on,1589.0,35.5174879076914,36.136583031241685,15.03339473691517
on,1590.0,35.51211387105341,36.13813674623719,15.496321918552226
on,1591.0,35.50836908510692,36.137941104723694,15.870390884339736
on,1592.0,35.50690073447609,36.13825616310821,16.120514326530746
on,1593.0,35.507285623465236,36.14062316353534,16.842782367161224
on,1594.0,35.50864901563763,36.14095161809133,16.61442972494703
on,1595.0,35.51049700973209,36.14063031381162,16.34897525939662
on,1596.0,35.512785364077025,36.139369541121376,16.690578416040143
on,1597.0,35.51481860246885,36.13954645076883,16.657451621413212
on,1598.0,35.51827852542262,36.13845166992315,15.514825115030636
on,1599.0,35.519771064028696,36.139201088383444,15.641142502924474
on,1600.0,35.521692084432004,36.13854312795724,14.904523138192499
on,1601.0,35.52147813565386,36.13869679040573,14.639278915418954
on,1602.0,35.52028422922291,36.13714662072179,15.38001685302224
on,1603.0,35.5184626799542,36.13714800220355,15.12752935422756
on,1604.0,35.518102815550726,36.13702927181453,16.42050626178265
on,1605.0,35.519335314978385,36.13659351108495,16.35573393103427
on,1606.0,35.51969666297724,36.13689856337998,16.43754890767648
on,1607.0,35.52086330535525,36.13768281908174,16.36527758865665
on,1608.0,35.52197372371963,36.13682196066062,16.259944426693373
on,1609.0,35.521047556565684,36.135944787793484,15.038401485017904
on,1610.0,35.518181136848796,36.136768572777065,14.920438298970227
on,1611.0,35.51505826954274,36.13584200427505,15.301084098464257
on,1612.0,35.51315297760338,36.13469644705919,14.976764760067839
on,1613.0,35.50918157992469,36.133786868313514,14.645758663421397
on,1614.0,35.506560594422304,36.13516343048507,16.431934707720103
on,1615.0,35.50677098112461,36.13821118768909,16.284387609317886
on,1616.0,35.50602525697794,36.138307898715865,15.471431907328471
on,1617.0,35.50547276382838,36.138428172638186,15.807944571055113
on,1618.0,35.504993293601125,36.13903578516124,17.0756752460763
on,1619.0,35.50549424576644,36.137087907888464,15.888598153343938
on,1620.0,35.50532085956718,36.13789358306707,17.119635685102946
on,1621.0,35.50477517570766,36.13756493195334,17.582005981740252
on,1622.0,35.504653476821126,36.13751817222494,17.669471252780866
on,1623.0,35.503474640189665,36.13755073917054,17.017808989526145
on,1624.0,35.50299154412563,36.137847760202646,16.327303094996324
on,1625.0,35.50198750871137,36.13889144009347,15.447573576891545
on,1626.0,35.50200780016512,36.139806039418836,15.693268516070477
on,1627.0,35.50305442848177,36.138824287450106,15.294105664414108
on,1628.0,35.50271182179172,36.137947275537186,15.523802369229173
on,1629.0,35.502059365272586,36.138733133585355,14.110702492574315
on,1630.0,35.50110668819084,36.13950036581721,14.077697193639676
on,1631.0,35.49885636185214,36.140921176065,15.062498930311536
on,1632.0,35.49550440609835,36.14066066362234,13.859561102474837
on,1633.0,35.49359276331996,36.14213257332884,15.28040375738306
on,1634.0,35.49348795474913,36.14110150082777,16.01447643611983
on,1635.0,35.49457110796813,36.139376634854756,15.52442936887907
on,1636.0,35.49336536479605,36.139688741472646,16.12219570091225
on,1637.0,35.49100594649678,36.14069220854239,16.63578733556087
on,1638.0,35.489389580708014,36.140604539584174,15.71354852387617
on,1639.0,35.48882028757251,36.14041886040013,15.402989335063976
on,1640.0,35.48816753355172,36.142945694432434,15.213909138108033
on,1641.0,35.48739698387159,36.14201882066012,16.10311038908276
on,1642.0,35.48815224120991,36.13932690109887,15.187675840576699
on,1643.0,35.48852939338189,36.13876421720644,14.971555457287094
on,1644.0,35.489182829148426,36.13894109497453,15.38695619663757
on,1645.0,35.49105533856174,36.13705887430704,16.164149177834645
on,1646.0,35.493999840153776,36.135215647915054,15.978589968515294
on,1647.0,35.49690366120927,36.13472284157683,15.295586697519283
on,1648.0,35.499812141536665,36.132706771802795,14.624349119447857
on,1649.0,35.5010758505678,36.13154846021867,15.732414280191282
on,1650.0,35.50213505509197,36.1303974721397,16.576690690007137
on,1651.0,35.50379626534705,36.130394948208014,15.937727336759426
on,1652.0,35.50363960093098,36.12898379961705,15.28727079041507
on,1653.0,35.50216077272488,36.129519909668005,15.11199522710028
on,1654.0,35.50116342870913,36.12912033531139,15.571747014544824
on,1655.0,35.500297223268625,36.13084723974393,15.92116627610599
on,1656.0,35.499148486997434,36.13314718456159,15.911707264905901
on,1657.0,35.49835041392528,36.13296401452589,15.735191085642455
on,1658.0,35.4980404932528,36.130904054455435,15.063817090251817
on,1659.0,35.497549710818575,36.128260316304164,14.502755637411578
on,1660.0,35.49695755172522,36.12756128834219,15.059450615043252
on,1661.0,35.49778825667411,36.12743651935353,15.461343228912229
on,1662.0,35.49969668578654,36.12751777472592,15.215377117427291
on,1663.0,35.5008203355869,36.12556484321415,14.30095315528289
on,1664.0,35.50033830304522,36.12382574716475,14.3529560379998
on,1665.0,35.49930775058471,36.12428987271937,15.275050695469828
on,1666.0,35.49750121823174,36.124329624109244,15.818548522936608
on,1667.0,35.495285432718916,36.12364054333498,15.683692198858024
on,1668.0,35.49379512635626,36.12287783062158,16.283153783708272
on,1669.0,35.493112436858404,36.12298045090328,15.417279414152208
on,1670.0,35.492027209577884,36.123315971747616,15.283930793145878
on,1671.0,35.49114296925976,36.124325872157044,15.558264101253432
on,1672.0,35.491932707668944,36.124947728894234,15.218149352504515
on,1673.0,35.493179950773,36.12501884998109,15.291900166698994
on,1674.0,35.4953120564274,36.12491299615734,14.991401030223344
on,1675.0,35.4964392640683,36.124322766725406,14.610363951064436
on,1676.0,35.4972470041856,36.12186444660534,15.395037205325043
on,1677.0,35.49560402622832,36.12037298273273,14.984697916956986
on,1678.0,35.49353761126986,36.119984822613766,15.06484195145169
on,1679.0,35.49362957482428,36.120155583416,15.199448059343357
on,1680.0,35.4947271129393,36.12003018676307,15.655795935084937
on,1681.0,35.49610411729211,36.121102600312526,16.01928702624688
on,1682.0,35.49702339201681,36.12100765750214,15.777139883631378
on,1683.0,35.49688739634053,36.12210796277246,16.33580830836827
on,1684.0,35.49708454891537,36.12161708696158,17.513441620065006
on,1685.0,35.495897533397866,36.120672170385674,16.841379773396405
on,1686.0,35.49539638721112,36.12059382362368,16.216681725540838
on,1687.0,35.49505547338012,36.121444545353796,15.390712698421144
on,1688.0,35.493019541900864,36.12355325933162,15.080009573739227
on,1689.0,35.489140892890994,36.12727966635683,15.145347368505398
on,1690.0,35.48592635204285,36.128374863871606,14.491713819333182
on,1691.0,35.483188713324566,36.12854517528401,14.945315249807248
on,1692.0,35.481978442148716,36.12946202938496,16.025744294190883
on,1693.0,35.48200114163886,36.13045302496944,14.54166897214041
on,1694.0,35.483382215399715,36.13184082802293,14.83865123026692
on,1695.0,35.48563264683515,36.13151715175144,15.845366484214903
on,1696.0,35.48701525027371,36.12848476337523,15.502564795949688
on,1697.0,35.48850028853195,36.12472419598845,16.27807530221021
on,1698.0,35.49169384336274,36.12296044175601,16.008231298271426
on,1699.0,35.49404091997755,36.12322574624915,15.790499431697143
on,1700.0,35.49516303696078,36.12266532731788,15.754417536130918
on,1701.0,35.49528230878323,36.12276336882337,15.464364484750185
on,1702.0,35.49557066999024,36.12287421931328,16.13868301098447
on,1703.0,35.49682267198536,36.12068541146934,16.02582223192151
on,1704.0,35.496369049811655,36.119660612619086,16.781690406046913
on,1705.0,35.4947653663899,36.12184017812873,16.587480750636654
on,1706.0,35.49238865893821,36.12446532661756,16.769258787361146
on,1707.0,35.4896740892625,36.12650934889469,16.288714532432664
on,1708.0,35.486407465504804,36.125800025848925,15.699979584613688
on,1709.0,35.483160390869294,36.12562451296402,14.668451032325947
on,1710.0,35.48053673372129,36.12500903866117,15.16488968097605
on,1711.0,35.47717949105077,36.12657879449901,15.317154490575657
on,1712.0,35.47567640219672,36.12660272313863,14.918319829089816
on,1713.0,35.4729356185077,36.1272501887597,14.505288082715207
on,1714.0,35.47085289793269,36.127713267693416,14.371590482245768
on,1715.0,35.46944733549051,36.128912505801026,15.956370861621958
on,1716.0,35.46899755964662,36.13047378746724,15.000658735936367
on,1717.0,35.468263853873744,36.1314035435413,14.972062601561028
on,1718.0,35.46873650500196,36.13209971457272,15.01424762740378
on,1719.0,35.46820983740139,36.130770683525554,14.395660255272844
on,1720.0,35.46789770705024,36.12883943571642,14.031965510355448
on,1721.0,35.467352040254156,36.1299509141596,14.401630529789397
on,1722.0,35.466907018729366,36.12848911576879,14.365556830058688
on,1723.0,35.467069989822285,36.126319643819436,13.845233903698098
on,1724.0,35.46792012632417,36.125434839410616,13.627374584645398
on,1725.0,35.46942604382566,36.1267790367868,13.83818308243111
on,1726.0,35.470574024934905,36.12756365037598,14.080234267080009
on,1727.0,35.47032673853624,36.12891217309878,14.204693359533874
on,1728.0,35.47011585160139,36.1279466348549,14.899222770088134
on,1729.0,35.47201741674769,36.126808074615056,14.584791647299781
on,1730.0,35.47455029019054,36.12574306969612,14.600539660041877
on,1731.0,35.47727312472136,36.123670914505816,15.089378634688229
on,1732.0,35.47773346372714,36.12288477483887,14.87649921377043
on,1733.0,35.47710257979929,36.1222796868035,14.854057554785372
on,1734.0,35.47819604181464,36.12000237708799,14.538943385454838
on,1735.0,35.4796315301783,36.119420617145266,14.848066254008852
on,1736.0,35.48084547848314,36.1199450561378,14.166839980964827
on,1737.0,35.481242013960454,36.12026387909555,14.37460539495762
on,1738.0,35.481658312481194,36.11964499510439,13.810663848980184
on,1739.0,35.48331938349755,36.12011195529265,14.400185790395755
on,1740.0,35.485376592418675,36.121484011594355,14.209781884594747
on,1741.0,35.48737968989573,36.123898713840944,14.745986521685648
on,1742.0,35.49043691452931,36.12420729296877,14.114438404849247
on,1743.0,35.49266825920749,36.12411089944319,14.960620707189904
on,1744.0,35.49355252130483,36.12504181835134,14.652313950783828
on,1745.0,35.49416432434242,36.1235376669377,14.317278461986643
on,1746.0,35.49332897547528,36.12124848781008,14.611374965229633
on,1747.0,35.49325311375853,36.12016595303596,14.783412764114114
on,1748.0,35.493499069716556,36.12049612751173,15.167909750221707
on,1749.0,35.49421143022127,36.12009380314505,14.231397420176535
on,1750.0,35.49121140699331,36.12037664970903,13.948858466557269
on,1751.0,35.48714495482606,36.120292888235774,13.605346408914262
on,1752.0,35.48248095288833,36.11924759359957,13.992827520642061
on,1753.0,35.477915744800214,36.119335708169984,13.847554461568038
on,1754.0,35.47514989766432,36.11999773300255,14.289396344726509
on,1755.0,35.47308460325953,36.12041443399918,14.591288052468553
on,1756.0,35.47084796640606,36.12098346200338,14.805832571466926
on,1757.0,35.46772762867554,36.121780430113894,14.104797389968867
on,1758.0,35.46601984236198,36.12131853340313,14.394717923093536
on,1759.0,35.46641927232645,36.120001471688745,14.333029240213744
on,1760.0,35.46723486127858,36.12129055308512,14.25823712008317
on,1761.0,35.469974223790665,36.122261631318544,14.898398439552324
on,1762.0,35.473204355868354,36.122761868653356,14.964689811877836
on,1763.0,35.477214144051864,36.12094133139465,14.92996090456989
on,1764.0,35.47971086678202,36.11954028231516,14.962603951495247
on,1765.0,35.48284584700262,36.1187191720894,15.469133357291525
on,1766.0,35.48494180365188,36.118006256198655,15.674200665149252
on,1767.0,35.48739081238995,36.11717131137925,14.962407603301902
on,1768.0,35.48848315518815,36.11524366430245,14.495874636218222
on,1769.0,35.48793574827035,36.11592517924138,14.206738144324515
on,1770.0,35.485204384334835,36.11711693256168,14.613658115751347
on,1771.0,35.48339435754723,36.11740645253251,14.517100566552166
on,1772.0,35.483121072287936,36.117549806454676,14.93806433784918
on,1773.0,35.48448044974302,36.11727066588965,14.017523510197188
on,1774.0,35.486070465101875,36.11693594488264,14.704250351639203
on,1775.0,35.48735280935035,36.11764540631352,14.473656326629065
on,1776.0,35.48992623515665,36.117637020099416,14.768600002439285
on,1777.0,35.49153627878742,36.11847570468651,14.060225935976696
on,1778.0,35.49198159946641,36.11774412835689,14.481224756816303
on,1779.0,35.49068008478572,36.1176528280454,16.05455931473444
on,1780.0,35.49015045527281,36.118462090317365,14.502942481770273
on,1781.0,35.488564817633204,36.11927865165656,15.078138293970653
on,1782.0,35.485041514984964,36.119440232357306,15.18846432303403
on,1783.0,35.48337659342779,36.12147825873104,15.577638532086432
on,1784.0,35.48166150032026,36.1226966204044,15.314507366445175
on,1785.0,35.480543052899435,36.12016709443177,14.468481486836886
on,1786.0,35.478856398439426,36.1185588286867,15.165256736019114
on,1787.0,35.47705836176455,36.117597422473104,15.230538917099357
on,1788.0,35.47537326539565,36.11937310600109,14.600848407098376
on,1789.0,35.47575744749305,36.1212698550814,14.011613703327278
on,1790.0,35.47577478607732,36.122225088985594,14.144815857581762
on,1791.0,35.47599498123581,36.121866018052316,14.228422289780713
on,1792.0,35.47710595187509,36.12146337965671,14.254720173509757
on,1793.0,35.47882064450189,36.12035255720239,15.842586584444781
on,1794.0,35.48158983775688,36.11916528280191,15.73675294220807
on,1795.0,35.4855534864064,36.11886299692375,15.042554898623417
on,1796.0,35.489441217808206,36.12004524162504,14.590674865265498
on,1797.0,35.491071890166445,36.12246096825662,14.23317830572735
on,1798.0,35.49122842056547,36.121900762826435,14.843223171200272
on,1799.0,35.49096697490519,36.12179414750122,14.433877198633947
on,1800.0,35.488974453691874,36.1221262872149,15.09642169948359
on,1801.0,35.48686620060134,36.12408634953271,NaN
on,1802.0,35.485163126636834,36.125111488706764,NaN
on,1803.0,35.48242992156349,36.12554742746685,NaN
on,1804.0,35.480853545637096,36.125453939319875,NaN
on,1805.0,35.480043013940644,36.126462318407974,NaN
on,1806.0,35.47982083311986,36.125291478590164,NaN
on,1807.0,35.479221782580176,36.12547554724199,NaN
on,1808.0,35.48024001587792,36.126821536021566,NaN
on,1809.0,35.483510635189276,36.12748363355632,NaN
on,1810.0,35.48467532199495,36.12971343434393,NaN
on,1811.0,35.4862648667252,36.12984828047149,NaN
on,1812.0,35.486827443986016,36.13005088521486,NaN
on,1813.0,35.48811671341149,36.129212873651916,NaN
on,1814.0,35.48971423643663,36.12785347132064,NaN
on,1815.0,35.49047860337108,36.126849080553974,NaN
on,1816.0,35.490148338871656,36.12706288278416,NaN
on,1817.0,35.48766026851668,36.12723198419657,NaN
on,1818.0,35.485841601070945,36.12811324247036,NaN
on,1819.0,35.48408069391959,36.12903055065623,NaN
on,1820.0,35.48275483933086,36.1293463286366,NaN
on,1821.0,35.48287985428317,36.13038461366385,NaN
on,1822.0,35.483709052747116,36.13329480808648,NaN
on,1823.0,35.48421608600999,36.13321307467857,NaN
on,1824.0,35.48498022442322,36.13368420157758,NaN
on,1825.0,35.486687029950424,36.13437859585151,NaN
on,1826.0,35.48821130276389,36.13226500194411,NaN
on,1827.0,35.490770641227016,36.131628779787505,NaN
on,1828.0,35.49226239356167,36.13210790895451,NaN
on,1829.0,35.495243450205436,36.130245065241176,NaN
on,1830.0,35.49694268133681,36.129324844948805,NaN
on,1831.0,35.4983653762297,36.12988152241838,NaN
on,1832.0,35.50008018839119,36.129976312831374,NaN
on,1833.0,35.50096397117062,36.1293039677335,NaN
on,1834.0,35.50203175065266,36.12795321928407,NaN
on,1835.0,35.50206352877959,36.12789476404828,NaN
on,1836.0,35.50265330222616,36.12727096399576,NaN
on,1837.0,35.50423713671861,36.12586963978075,NaN
on,1838.0,35.503782642184476,36.12653119744439,NaN
on,1839.0,35.50241345752062,36.127868767366394,NaN
on,1840.0,35.50011112028149,36.12932258518036,NaN
on,1841.0,35.497130781827366,36.13118589414846,NaN
on,1842.0,35.49510321036564,36.132542364463646,NaN
on,1843.0,35.49290370770865,36.13294045323366,NaN
on,1844.0,35.491825902012565,36.13266859568298,NaN
on,1845.0,35.48903534352933,36.13333099693976,NaN
on,1846.0,35.48630326952881,36.133102557377164,NaN
on,1847.0,35.48323442280346,36.134905319730166,NaN
on,1848.0,35.481171101700895,36.13428357909145,NaN
on,1849.0,35.47892289685965,36.13262795376667,NaN
on,1850.0,35.478741238185144,36.13139140009185,NaN
on,1851.0,35.4814205721524,36.13015569280311,NaN
on,1852.0,35.48406792505101,36.13040411549471,NaN
on,1853.0,35.484986536393706,36.13251766012868,NaN
on,1854.0,35.48591462071761,36.13376510724548,NaN
on,1855.0,35.48757804858632,36.1343586225385,NaN
on,1856.0,35.490139091867675,36.132655421668474,NaN
on,1857.0,35.492327661115965,36.132399478437264,NaN
on,1858.0,35.49418621823734,36.13291641416449,NaN
on,1859.0,35.49545876662864,36.13309814636275,NaN
on,1860.0,35.496680977035396,36.13286414962295,NaN
on,1861.0,35.49661683552692,36.13004269057706,NaN
on,1862.0,35.496940647188744,36.130562143176135,NaN
on,1863.0,35.49717853608165,36.13073628271673,NaN
on,1864.0,35.497345056557116,36.13114793839,NaN
on,1865.0,35.49899151595629,36.13196135016785,NaN
on,1866.0,35.498620258676425,36.13262259467514,NaN
on,1867.0,35.49868975675766,36.13173142248014,NaN
on,1868.0,35.4986151789049,36.129977156229174,NaN
on,1869.0,35.49897776917252,36.130173329540916,NaN
on,1870.0,35.49867759743038,36.1306321080518,NaN
on,1871.0,35.49963680406614,36.129121191640074,NaN
on,1872.0,35.501100117987335,36.12809190518602,NaN
on,1873.0,35.50168293413886,36.12819586732054,NaN
on,1874.0,35.50199609177871,36.12780325831762,NaN
on,1875.0,35.50306101036169,36.1275053284292,NaN
on,1876.0,35.503991480426244,36.12941622064376,NaN
on,1877.0,35.50518781152018,36.129818908798306,NaN
on,1878.0,35.506369534675606,36.1285415354646,NaN
on,1879.0,35.5051327241334,36.128613783742686,NaN
on,1880.0,35.50232988065686,36.128454346510416,NaN
on,1881.0,35.49803804245454,36.12800870630532,NaN
on,1882.0,35.494955817470306,36.12748337671945,NaN
on,1883.0,35.4928645743507,36.127512288573556,NaN
on,1884.0,35.49186919750697,36.12631518377383,NaN
on,1885.0,35.49045603478848,36.12819205174113,NaN
on,1886.0,35.488662652200716,36.13006604415587,NaN
on,1887.0,35.4891977520888,36.13200221811769,NaN
on,1888.0,35.490998137084745,36.13227144611671,NaN
on,1889.0,35.49370217849307,36.13229883919993,NaN
on,1890.0,35.495742433877375,36.132680467248235,NaN
on,1891.0,35.49839015882747,36.13338462755813,NaN
on,1892.0,35.501827918108894,36.13120384776342,NaN
on,1893.0,35.503395690393624,36.131190856105164,NaN
on,1894.0,35.50529019396915,36.132862551128085,NaN
on,1895.0,35.507598567163456,36.134563163250526,NaN
on,1896.0,35.50897689128091,36.13658086274562,NaN
on,1897.0,35.50984123829184,36.1351988510435,NaN
on,1898.0,35.5099524469811,36.136033845785896,NaN
on,1899.0,35.51066141355668,36.13737393670259,NaN
on,1900.0,35.51026888686617,36.138295923880385,NaN
on,1901.0,35.50992213772629,36.136805515684,NaN
on,1902.0,35.50920218745586,36.13886101723203,NaN
on,1903.0,35.50773099351184,36.14003622082595,NaN
on,1904.0,35.50835609574363,36.1390342587689,NaN
on,1905.0,35.508336956006985,36.1391085477386,NaN
on,1906.0,35.50854363598651,36.138121554988835,NaN
on,1907.0,35.509580972974106,36.136088207365866,NaN
on,1908.0,35.510126049883354,36.13527459030731,NaN
on,1909.0,35.511104494245906,36.134126777722145,NaN
on,1910.0,35.511187377568355,36.13209494846617,NaN
on,1911.0,35.51177402135769,36.131719143394804,NaN
on,1912.0,35.51212603508339,36.13166665615076,NaN
on,1913.0,35.51050461022177,36.1324173136663,NaN
on,1914.0,35.507557034952356,36.130493495830635,NaN
on,1915.0,35.50511273891365,36.13033174888797,NaN
on,1916.0,35.50338251015668,36.13148783785138,NaN
on,1917.0,35.50396560624402,36.13203709089821,NaN
on,1918.0,35.504143853534615,36.132435406497734,NaN
on,1919.0,35.502908850323934,36.134201138095705,NaN
on,1920.0,35.50098800326701,36.13375924545246,NaN
on,1921.0,35.50200811985435,36.13210189705448,NaN
on,1922.0,35.50241999091147,36.131089740178304,NaN
on,1923.0,35.502151499383345,36.1325268565813,NaN
on,1924.0,35.50199824910497,36.13617040397137,NaN
on,1925.0,35.5002776831144,36.136746842520026,NaN
on,1926.0,35.49980225138857,36.13672566777475,NaN
on,1927.0,35.499626374302764,36.136598052523674,NaN
on,1928.0,35.5004417059421,36.139223410768906,NaN
on,1929.0,35.50028824362818,36.13904336866295,NaN
on,1930.0,35.50109664132664,36.137063403641505,NaN
on,1931.0,35.50388712459581,36.137204489839995,NaN
on,1932.0,35.505862396100774,36.13776139851895,NaN
on,1933.0,35.506274902669425,36.13741638770067,NaN
on,1934.0,35.506768538563605,36.13785516542916,NaN
on,1935.0,35.50718899212974,36.139291621425706,NaN
on,1936.0,35.507763165513644,36.13740963743053,NaN
on,1937.0,35.50797744595896,36.13779740436969,NaN
on,1938.0,35.507888650379684,36.13651653633366,NaN
on,1939.0,35.50919140707995,36.138180537547896,NaN
on,1940.0,35.50936698863369,36.138894382854154,NaN
on,1941.0,35.50883205427868,36.139238059078394,NaN
on,1942.0,35.50896156282057,36.13846351114841,NaN
on,1943.0,35.50936629971261,36.13711089632758,NaN
on,1944.0,35.51097265625401,36.13824064350588,NaN
on,1945.0,35.51211277535413,36.13984257496352,NaN
on,1946.0,35.5116750419,36.141643781844586,NaN
on,1947.0,35.51295566837856,36.142491465935976,NaN
on,1948.0,35.51592072914041,36.140558081357746,NaN
on,1949.0,35.51775647271292,36.13768350313176,NaN
on,1950.0,35.51846349939174,36.135377137000475,NaN
on,1951.0,35.51877752204354,36.13389036937649,NaN
on,1952.0,35.51831847975398,36.132481952780225,NaN
on,1953.0,35.518180796548634,36.13308595751569,NaN
on,1954.0,35.51637393146959,36.132238967084966,NaN
on,1955.0,35.51560912563104,36.130536318404594,NaN
on,1956.0,35.51415834011239,36.13009940085475,NaN
on,1957.0,35.514451148553164,36.13081594740951,NaN
on,1958.0,35.51500564091012,36.1306045319541,NaN
on,1959.0,35.51447072786635,36.12849441087989,NaN
on,1960.0,35.514762266197984,36.126999054404145,NaN
on,1961.0,35.5151695764135,36.12515321001556,NaN
on,1962.0,35.5137815707897,36.122249172909186,NaN
on,1963.0,35.51199612908401,36.122582501233424,NaN
on,1964.0,35.50958414108797,36.12429792953419,NaN
on,1965.0,35.50667141826617,36.12695811024378,NaN
on,1966.0,35.503963938859116,36.1291812217133,NaN
on,1967.0,35.500933144426575,36.13057880970461,NaN
on,1968.0,35.498411413004945,36.13084535416899,NaN
on,1969.0,35.49788598567209,36.130334967622446,NaN
on,1970.0,35.49720464053396,36.13180707820697,NaN
on,1971.0,35.49715423131792,36.13306370061929,NaN
on,1972.0,35.49613081852341,36.13420085162384,NaN
on,1973.0,35.494616698266576,36.13583811392097,NaN
on,1974.0,35.492428732783495,36.137573333679455,NaN
on,1975.0,35.4905363676599,36.13919383557715,NaN
on,1976.0,35.4893068582021,36.140822215144716,NaN
on,1977.0,35.48946754306043,36.14183234140749,NaN
on,1978.0,35.4889792409194,36.14275576707493,NaN
on,1979.0,35.48876893382779,36.14273815829015,NaN
on,1980.0,35.48902893770452,36.14247973367044,NaN
on,1981.0,35.48885880798025,36.14364989606211,NaN
on,1982.0,35.488104093931646,36.14266598887714,NaN
on,1983.0,35.487148228881914,36.142824990515315,NaN
on,1984.0,35.48615066250119,36.14372738404038,NaN
on,1985.0,35.48535416470586,36.14227431397029,NaN
on,1986.0,35.48445551114741,36.14170560100592,NaN
on,1987.0,35.48500307649477,36.141872459418664,NaN
on,1988.0,35.48515410075289,36.14192528708243,NaN
on,1989.0,35.48554243926055,36.13941367398852,NaN
on,1990.0,35.48614682462207,36.13804752154865,NaN
on,1991.0,35.487857049488845,36.13815414455062,NaN
on,1992.0,35.48878782343534,36.13745488743011,NaN
on,1993.0,35.48937153085016,36.13611223626929,NaN
on,1994.0,35.488787055265384,36.1357286880076,NaN
on,1995.0,35.488037784037616,36.13455033486689,NaN
on,1996.0,35.48722165202658,36.13522682707477,NaN
on,1997.0,35.48511308003565,36.13637302131618,NaN
on,1998.0,35.482773511190416,36.13517839812763,NaN
on,1999.0,35.48144549125673,36.13402077372913,NaN
on,2000.0,35.48134464618983,36.1351982541177,NaN
off,1.0,35.10917029038176,36.559335210143324,1.8661437278648667
off,2.0,35.10826076475175,36.56056856938899,1.5351092889825004
off,3.0,35.10717173385349,36.56035533845026,2.0232204469310577
off,4.0,35.10643926365834,36.56388099934747,1.9625823204364248
off,5.0,35.10612232298143,36.565998631045886,2.1090044165063597
off,6.0,35.10504382673755,36.565651406386266,2.8205714685556265
off,7.0,35.10350782287556,36.56525686939518,1.424526333609816
off,8.0,35.10366806788545,36.5661303904987,1.889704270425514
off,9.0,35.10437658568186,36.56718434291703,1.4044604909478693
off,10.0,35.10540153688857,36.56854552716577,1.4211134249463573
off,11.0,35.1051311876564,36.57011630506114,0.8142303495773108
off,12.0,35.10492809177044,36.57090378494041,0.7566790977873427
off,13.0,35.10496090772388,36.57067121414944,1.5562915414951588
off,14.0,35.10514000095687,36.570972075979164,1.6164269307267252
off,15.0,35.10518683775154,36.57124922595617,1.0152641965060305
off,16.0,35.10482397194819,36.56984174244576,1.1411538667091365
off,17.0,35.10580332923136,36.56810527934956,1.4493116251122578
off,18.0,35.1052336445101,36.56730135825161,1.733560857180086
off,19.0,35.103141760618385,36.5684921853161,2.224800767196463
off,20.0,35.100053740923165,36.56948675086688,1.469490311316394
off,21.0,35.09705525740841,36.57028812872175,1.3854800786430204
off,22.0,35.0950362059346,36.5712587255712,1.6038807807779625
off,23.0,35.0904062294625,36.57192916460965,1.3398390388931192
off,24.0,35.08480419749371,36.572670116366666,1.6249523409898874
off,25.0,35.07995077047138,36.5718681111453,1.158356608206513
off,26.0,35.07447118068961,36.57290685405837,0.8244229122858275
off,27.0,35.07048874134609,36.571456610895545,1.0591333804398415
off,28.0,35.06757756201194,36.56941899791106,1.5305087099956451
off,29.0,35.06800075767125,36.56819103254927,1.3208966303070477
off,30.0,35.068886757221264,36.567707766399074,1.370019334095528
off,31.0,35.068750766651455,36.56846912403015,2.012440319623198
off,32.0,35.06618331491297,36.570271328370886,1.866987155489414
off,33.0,35.065303414987234,36.57155188848181,2.258380337998208
off,34.0,35.06337145404668,36.57165241909052,1.662912695072134
off,35.0,35.06070463131633,36.57261791901293,1.0109826777751594
off,36.0,35.06025329847195,36.57225807448621,1.7273980757021548
off,37.0,35.05822873195727,36.5724552112079,1.0419090135123568
off,38.0,35.057524968534366,36.57258566171953,1.0923872507422536
off,39.0,35.05837531536308,36.571953787643984,1.811486868361735
off,40.0,35.05709892330859,36.57455630707751,1.72703055527744
off,41.0,35.05636720777248,36.574347418723555,1.701765955405102
off,42.0,35.055966193225444,36.574440166362805,1.0978948086299023
off,43.0,35.05761955630937,36.57396829449553,1.5281795327555856
off,44.0,35.060093010637495,36.57100488640473,1.0924164424047227
off,45.0,35.064720500969564,36.56742095660423,0.5557283967287275
off,46.0,35.068539490615635,36.564898698399986,0.501218888009631
off,47.0,35.07034563775293,36.566940411549176,1.5442019149572053
off,48.0,35.07357646821924,36.56686749040857,0.9333932055433031
off,49.0,35.07525683697361,36.567775196476944,1.5379467455253748
off,50.0,35.08024385371099,36.567239314255325,1.3322670463188833
off,51.0,35.08272950124191,36.56744512060569,1.1411257682665092
off,52.0,35.082918517610544,36.5675639290062,1.303049537927075
off,53.0,35.08224207135948,36.56811320440837,1.8949164034933506
off,54.0,35.08272403872385,36.567675393085466,1.4369721047566753
off,55.0,35.08327749201515,36.56796073911932,1.3268602951665898
off,56.0,35.085650210446886,36.5670651809015,1.5472467422758067
off,57.0,35.0887651791802,36.56656145172313,0.941865001261077
off,58.0,35.093231122285204,36.5650623333528,1.3046277452591393
off,59.0,35.09574976795895,36.562123868486665,1.3653159983982301
off,60.0,35.09817661476627,36.561146641995265,1.1113718663222338
off,61.0,35.09903822213545,36.562362214959286,0.9516637160544577
off,62.0,35.099591612228224,36.563469428426465,1.1575321545775275
off,63.0,35.09798763405865,36.564576162123615,0.8760415770817065
off,64.0,35.0955855311949,36.56488797397086,1.1301110791976334
off,65.0,35.09385742015493,36.56493250363416,1.3128708295066578
off,66.0,35.08936727802715,36.56303003498922,0.5794711901831663
off,67.0,35.085403775334484,36.56192449731894,1.2217740836246098
off,68.0,35.081238032008386,36.56096326403594,0.8831369494076811
off,69.0,35.080562623200805,36.55877524709319,0.8600406041646942
off,70.0,35.07941555239827,36.55732802136336,1.543632278697197
off,71.0,35.07989257539603,36.553893114226724,1.3425115499403555
off,72.0,35.07915313975176,36.55073157643528,0.7829307706953738
off,73.0,35.07809310703275,36.55106863280976,1.3593238612759437
off,74.0,35.078055200080236,36.55230407967424,1.5892009377159928
off,75.0,35.07726608832061,36.55233311822788,1.8905280401826086
off,76.0,35.07453403763082,36.55492049535262,1.9200197230126
off,77.0,35.072190113462625,36.55647399441439,1.68110785429542
off,78.0,35.072403136276584,36.55489085034958,1.0976374649169909
off,79.0,35.0741712834082,36.55195276939741,1.7749439853849598
off,80.0,35.074591418441535,36.5483859218283,2.0293400142830027
off,81.0,35.0732445507205,36.54691876767736,1.6333714441404314
off,82.0,35.07135050759454,36.54689013176623,1.2556256822823895
off,83.0,35.07055027226756,36.544246408072134,1.3380715078128211
off,84.0,35.06914222961582,36.543942593867584,1.01375970085777
off,85.0,35.06717599455941,36.54355610025687,1.0763568676345705
off,86.0,35.06492990382433,36.544483968086304,1.2352355935547594
off,87.0,35.06457542421689,36.545245721701185,1.2402439356577348
off,88.0,35.064970374376855,36.544175246741624,1.8899371059167471
off,89.0,35.06484047707363,36.54376751884293,1.4690078040180627
off,90.0,35.06581841204991,36.54359541850983,1.4038210827668367
off,91.0,35.064767605485684,36.546279658923574,0.6243966322957437
off,92.0,35.06498642367954,36.54818469832668,1.3843141998822373
off,93.0,35.06362352312839,36.54890741261104,1.4201146486937906
off,94.0,35.06232503932134,36.54961296484393,1.4686618735532626
off,95.0,35.063365554941875,36.54924601696786,1.5122845221526178
off,96.0,35.063545292194604,36.549177095185904,1.7706273953822422
off,97.0,35.062258967928024,36.54899141199115,1.505064595478082
off,98.0,35.06101807007357,36.54982336950815,1.0902676908699687
off,99.0,35.059857708565616,36.550859580133555,1.1980196198229764
off,100.0,35.05839216399672,36.550911871270436,0.8877485430851015
off,101.0,35.056239620605254,36.55282145972121,1.349806961870141
off,102.0,35.05500265851719,36.555124867677364,1.0542244468130604
off,103.0,35.05475423119006,36.55728543975806,1.0766130335441642
off,104.0,35.05685300591536,36.55655978324407,1.071662467278665
off,105.0,35.06270554746916,36.55385052980422,1.0556685029714352
off,106.0,35.06800279973019,36.551559775398225,1.0591569335011117
off,107.0,35.071599216974114,36.55246360797102,1.3181725783549452
off,108.0,35.074842373595615,36.552492479918705,1.7187465478184372
off,109.0,35.076523210106245,36.552092777695634,1.2750637477798774
off,110.0,35.07571934464735,36.550078920062916,0.9455854815095092
off,111.0,35.07570219032561,36.5508082315751,1.4022406489432622
off,112.0,35.075723383926345,36.550215284223015,1.8947210891292952
off,113.0,35.074148047547,36.5487870941501,1.5325590567547858
off,114.0,35.07349549604464,36.54934493789225,1.4895843021240585
off,115.0,35.074153051534445,36.54815836418776,1.4197910575222212
off,116.0,35.076597403946785,36.54686102987606,1.095938695101576
off,117.0,35.080273609303546,36.546025634718085,1.454922412941161
off,118.0,35.0837610199409,36.546728651557785,1.4551628777371544
off,119.0,35.085200389574894,36.546279406821085,2.0754768106126793
off,120.0,35.08651680685655,36.54396805742273,2.335547168994757
off,121.0,35.08769400617476,36.54319449470591,1.113279865591502
off,122.0,35.08987224390734,36.54233906411152,1.093451770713264
off,123.0,35.09177475384978,36.54163492820391,1.1233140752430044
off,124.0,35.09476712558554,36.541164301094604,1.3166383955153536
off,125.0,35.09774389160192,36.53873239229986,1.1368651850656395
off,126.0,35.10136237457715,36.53730782738398,2.036898005360389
off,127.0,35.10617434720177,36.533732050957965,1.5222784093316681
off,128.0,35.109973040544624,36.52905047459441,1.4349434270038381
off,129.0,35.11225063927579,36.524757973701995,1.1019920035423594
off,130.0,35.115689067291456,36.520353491301,1.3223261096140502
off,131.0,35.115643665011405,36.519786837744796,1.2603129494318028
off,132.0,35.11516023976572,36.520136648887956,1.7754800855140969
off,133.0,35.11159941708871,36.52157867756958,1.3791501023349741
off,134.0,35.10916379839317,36.52472527960022,1.0421949740051661
off,135.0,35.109606706465655,36.526252522112046,1.429073748524754
off,136.0,35.11124440088693,36.52632574836252,0.9957318078876292
off,137.0,35.112480760936904,36.52410463121903,0.8048281907476557
off,138.0,35.11371996557883,36.52343919035138,1.2462270970938754
off,139.0,35.11698696976225,36.52390595864588,1.2164244597364469
off,140.0,35.11843694781745,36.52469185328267,0.8965227052149031
off,141.0,35.11997366212096,36.525341437654525,1.8616805455136567
off,142.0,35.121023153000806,36.52396343918384,1.5147984395661365
off,143.0,35.1228072460035,36.5224116418974,1.0552058708569072
off,144.0,35.12428513461451,36.52157067399238,1.114873234904043
off,145.0,35.125246730007454,36.521398179214984,1.2904244683599155
off,146.0,35.125148666723064,36.51984572502378,1.427687338268253
off,147.0,35.123871399206124,36.519568945979834,0.8786560547567661
off,148.0,35.124522638778885,36.520445135446664,1.5348089282057606
off,149.0,35.12362042333071,36.52134244956123,1.358979038654366
off,150.0,35.122612694408026,36.5209331032038,1.627214656668769
off,151.0,35.1210304438189,36.5209124454124,1.676912851722868
off,152.0,35.118725987006435,36.52176365222704,1.242730588416845
off,153.0,35.117937744384726,36.52270034389501,0.8835479069166896
off,154.0,35.120165399103605,36.52270819466288,1.138677677753777
off,155.0,35.12491680487573,36.5220838265829,1.0990637599552044
off,156.0,35.132429675086826,36.51968262975735,0.8132761841713025
off,157.0,35.135242166947215,36.51921799792114,1.1289716436473436
off,158.0,35.137933303899295,36.518483199196965,1.5510088912477031
off,159.0,35.13846703352162,36.51940120135221,1.9500706804786505
off,160.0,35.13850957663883,36.520952299034,1.5354997375117243
off,161.0,35.1356383547373,36.52333783151912,2.006258658779896
off,162.0,35.132755499492795,36.52610453901951,1.35767216639349
off,163.0,35.13040425693877,36.52753510832813,1.0203287430192438
off,164.0,35.12926006881384,36.52808419638862,0.5528061321893081
off,165.0,35.13110790047272,36.52796409853966,0.8900005517044858
off,166.0,35.13397911274145,36.527271480152905,1.2765712201646422
off,167.0,35.137799024096275,36.52688960633225,1.6220827847867003
off,168.0,35.141384661233516,36.52581471526709,1.2732014345021851
off,169.0,35.142878109641515,36.528062521222665,1.3822435088359102
off,170.0,35.14629118731339,36.52920336989682,1.264907372825712
off,171.0,35.14821894965907,36.528839687668516,1.7983020732406687
off,172.0,35.14821863049947,36.52966473604578,1.0353242243175276
off,173.0,35.150064305845255,36.53186603015167,1.4593019236111235
off,174.0,35.15356512086252,36.53194567549562,1.4294390166378563
off,175.0,35.15859083200291,36.52924494786725,1.3014220754013168
off,176.0,35.16181922065052,36.52746820880389,2.4483054367444095
off,177.0,35.16107747025443,36.5268717389513,1.9572272810821867
off,178.0,35.15839564857814,36.525882717652415,1.7408694059559013
off,179.0,35.15759206153197,36.52864845933949,1.6816218475083826
off,180.0,35.157073286880966,36.53309349362615,1.3217493363002255
off,181.0,35.156039187458646,36.53477197545606,2.125193911455763
off,182.0,35.15676265181728,36.53441122869728,1.6073451993176087
off,183.0,35.15761749706427,36.533228228910026,1.577633856056255
off,184.0,35.16066122745632,36.533713733622506,1.2769097761908708
off,185.0,35.16755491918397,36.53108688712375,1.5364803107713088
off,186.0,35.17451396722677,36.528678847048866,1.3072035954315275
off,187.0,35.183974150116455,36.526898042062555,1.4158570264673171
off,188.0,35.192074628366086,36.526413613941976,1.2657636277970348
off,189.0,35.19621069577405,36.526819062681795,1.1715116934815444
off,190.0,35.19636770092472,36.52824629922231,0.9966299270650947
off,191.0,35.19447734232837,36.531207215286,1.6808894795361868
off,192.0,35.192494094600974,36.53285456392906,1.5967117386900176
off,193.0,35.18986311102944,36.53494577944672,1.2961873738000325
off,194.0,35.18638231206427,36.53562616188815,1.914890649622161
off,195.0,35.18169115570408,36.5366536576679,1.224882043687753
off,196.0,35.177778757155366,36.53580732241002,1.3663710539243408
off,197.0,35.17285926076343,36.53581391539312,1.662644098338237
off,198.0,35.168319433576485,36.53584957687541,1.7720576349803736
off,199.0,35.16557699365218,36.535015196189065,0.8940902859142106
off,200.0,35.163387277891154,36.53577864553338,1.1875687575780463
off,201.0,35.162419423173795,36.53601431466408,1.7259313269569458
off,202.0,35.16009749991075,36.53590932085842,1.696649757572447
off,203.0,35.15924570529212,36.53577750825321,1.6385931132500415
off,204.0,35.15891794381424,36.53460513869752,1.191386612328997
off,205.0,35.15783098145431,36.53616833765948,1.1907440794554338
off,206.0,35.156033639033815,36.538020532926865,1.6792837680723043
off,207.0,35.15449766061483,36.540019826795294,1.978094669625589
off,208.0,35.15310192133245,36.540929973434714,1.5536885729136296
off,209.0,35.15119379568959,36.5422611692156,1.55874910139584
off,210.0,35.1497672468103,36.545961225500754,1.480438416240633
off,211.0,35.150981079369565,36.546555880768736,1.61769786571887
off,212.0,35.15176570647971,36.54521691134157,1.7852206426024786
off,213.0,35.15201718648458,36.54505350769136,1.2126596043439493
off,214.0,35.15306148685923,36.54452456825591,1.432491731946808
off,215.0,35.15417382422025,36.543402359627585,1.7850694303973453
off,216.0,35.156696120807965,36.5438459091589,1.3452338048016617
off,217.0,35.15896232489263,36.5445189408921,1.5714508412954817
off,218.0,35.16338151616324,36.54697898993205,1.2856706882396942
off,219.0,35.167128018982226,36.54924956202877,2.1745345996634975
off,220.0,35.168653588398,36.55160480765651,2.1657252817776014
off,221.0,35.16829395425071,36.55388098571702,2.04304054684902
off,222.0,35.167177307906734,36.55560632701237,1.7980043813160382
off,223.0,35.16594032534403,36.556904850455744,2.0331373118589005
off,224.0,35.164438189925434,36.55901413379482,2.2009129066330537
off,225.0,35.16380158681834,36.559705626874745,2.540037643954137
off,226.0,35.16088873514978,36.56106988236396,2.443788176462845
off,227.0,35.15704244485335,36.56211984322675,2.0944579315004903
off,228.0,35.15315460785107,36.56195481064131,1.7202604777898998
off,229.0,35.152804167879175,36.56031995946491,2.1105574080226255
off,230.0,35.1526683322975,36.556952998673424,2.111696013850107
off,231.0,35.15313088351762,36.55478560235217,1.6637442194749505
off,232.0,35.15524426314602,36.553537500009256,1.2959461211945582
off,233.0,35.15522864904864,36.55521046356749,1.1765266089075934
off,234.0,35.15619451517661,36.55426924647295,1.6732133434581988
off,235.0,35.15907291979682,36.55346551027642,1.602098914090749
off,236.0,35.15980805381126,36.555316707408515,1.7302838113467227
off,237.0,35.15983420916808,36.55911655956428,2.0925533728679446
off,238.0,35.15825094352572,36.56071976214119,2.2186580914122276
off,239.0,35.15835560942637,36.561025588730615,2.410961171585317
off,240.0,35.15741711495271,36.561195980314025,2.3869885649525435
off,241.0,35.15752747173438,36.56343941416869,1.628615400854668
off,242.0,35.15823460744318,36.56578230822658,2.425323239617109
off,243.0,35.157503943643384,36.567111704096305,2.442357428311748
off,244.0,35.15580412053733,36.56773953743256,3.0327492788909467
off,245.0,35.15266546739341,36.56799854465684,2.665863832420462
off,246.0,35.14946955226313,36.569067264049814,2.840176094624133
off,247.0,35.148628505436236,36.57016835099203,1.962927396152071
off,248.0,35.149488221509344,36.569668813584805,2.3635040879189577
off,249.0,35.15151471770053,36.57016162364817,1.8627462002593353
off,250.0,35.15421207420603,36.56809058629517,1.6360124581412658
off,251.0,35.15628778864605,36.5693760367177,1.6584215502979875
off,252.0,35.15778462612934,36.56980183376395,1.8103849015012328
off,253.0,35.16073913618183,36.569991864207765,2.383536868789497
off,254.0,35.161944594786284,36.571031570854935,2.0780332301709232
off,255.0,35.1635012305165,36.57047820909825,2.254556749787029
off,256.0,35.16325951424801,36.56904407473601,1.8650925037320079
off,257.0,35.16279646391424,36.57041696792608,1.7617760434439835
off,258.0,35.16324913796185,36.57048706758763,2.4607771993113197
off,259.0,35.162628580164856,36.569844185036665,2.1095083887549264
off,260.0,35.16032716067813,36.56837445664886,2.0606597974141367
off,261.0,35.15670139512363,36.56817482152969,2.4963104939373224
off,262.0,35.15350451891862,36.56984884782858,1.9305279260956154
off,263.0,35.15157498435123,36.571503963152374,2.6164265217008316
off,264.0,35.149812541572786,36.571966334186776,1.7779209830103753
off,265.0,35.148589534411116,36.57232805019256,2.0828711068682746
off,266.0,35.14717542022898,36.572942821449985,1.9088403898745034
off,267.0,35.14577067691976,36.57443914119741,1.563245495367842
off,268.0,35.14427265594594,36.577102222916245,1.7137718162656814
off,269.0,35.14440083028896,36.578871257889936,2.0538217559443517
off,270.0,35.142529691196664,36.57845582182247,2.2184513008404636
off,271.0,35.142091563046066,36.57855754499967,2.28460661771837
off,272.0,35.141666360668474,36.58001264888097,3.0462392012150024
off,273.0,35.14204405009581,36.579627609496825,2.644104297444618
off,274.0,35.143197202243414,36.57955491677705,2.4109751349644304
off,275.0,35.14311483307577,36.579005900217766,2.32878423576744
off,276.0,35.14005390592175,36.57899123097289,2.8954750463572
off,277.0,35.135643192234774,36.57805040177274,2.6920979245113603
off,278.0,35.13253436835352,36.57760485972172,2.33954306637136
off,279.0,35.130226218925976,36.576554127825986,1.834715820756419
off,280.0,35.128889672994305,36.575339521875655,2.1391974783180983
off,281.0,35.126624472949594,36.574628897517165,1.8677618529559052
off,282.0,35.12433670735409,36.574680902418,1.7061436378013215
off,283.0,35.1244136567514,36.5731981604038,1.6788427166101765
off,284.0,35.12513834480531,36.57041171700217,1.8801419540042654
off,285.0,35.126435099482336,36.569437199754304,1.3120824495154375
off,286.0,35.12613316592845,36.56984437036328,1.509150107807324
off,287.0,35.12509211384554,36.57218978430004,2.16330224056834
off,288.0,35.12382171861667,36.57354659734022,1.4610447992222482
off,289.0,35.12376592406822,36.57335636512358,1.8241531871706442
off,290.0,35.12279870995423,36.572396818901524,1.9835097791088439
off,291.0,35.122448612793995,36.57265475217386,1.5115499898076243
off,292.0,35.121214992794144,36.57334872865162,1.267843606511501
off,293.0,35.121503415788304,36.57540135397181,1.5336357559079985
off,294.0,35.12113819145367,36.574685123292184,1.4034883069783113
off,295.0,35.118200263383706,36.57384838148033,1.77289906142914
off,296.0,35.11459930172611,36.574745084358355,1.964820492036961
off,297.0,35.10829992829709,36.5755987108539,2.0493777015600187
off,298.0,35.101688635545415,36.57736271959602,1.5646352285516658
off,299.0,35.09515741271846,36.57731657282159,1.4434844721005313
off,300.0,35.090772893883475,36.57634163281567,1.670534102248204
off,301.0,35.08854403784538,36.5730066477409,1.2481641298391735
off,302.0,35.085439926139905,36.570809191139716,1.924045808730234
off,303.0,35.082694759301134,36.568378822058904,1.6992509660833157
off,304.0,35.080636388985575,36.565759628914215,1.5531757977514116
off,305.0,35.079116143690904,36.56512211050841,1.5655250037130721
off,306.0,35.07986126007813,36.56465275672975,1.472208542430351
off,307.0,35.08216926117876,36.56313355908168,1.9173992986185273
off,308.0,35.08479929266901,36.56114183462279,2.094401373941103
off,309.0,35.08550700050307,36.56300412006423,1.540761216465873
off,310.0,35.08632463949366,36.56419080141569,1.8997157141088754
off,311.0,35.08655350141879,36.56528163263031,2.058818096678528
off,312.0,35.08764909679026,36.56397217765521,2.084644046695253
off,313.0,35.09004230688609,36.56257872320695,2.2678325748534283
off,314.0,35.09162016160026,36.560992973417086,1.724681048988291
off,315.0,35.09218330692772,36.56106001244709,1.7105747411635532
off,316.0,35.09289407752869,36.55948269916724,1.5150409751587266
off,317.0,35.091872486975745,36.55801322606464,2.3178343326985535
off,318.0,35.08799768010865,36.55814526233547,1.5438966737738746
off,319.0,35.086383719701466,36.559903623210104,1.8787716651992212
off,320.0,35.08721718763402,36.55904846459832,1.4482014281242905
off,321.0,35.09085708281278,36.55964443943406,1.7978160687717069
off,322.0,35.09619686723378,36.56000836500927,1.3245771723544797
off,323.0,35.099982362568646,36.55985173247398,1.9443383566734171
off,324.0,35.10241624699671,36.5631541568557,1.044864396450602
off,325.0,35.105742779332786,36.56535800270159,2.0901312803529484
off,326.0,35.10888577481219,36.56783394241136,1.8842931848925528
off,327.0,35.11131069704603,36.56972661753575,1.7676604935141298
off,328.0,35.11365630551572,36.57262690813269,1.5971922863914938
off,329.0,35.11758060347611,36.571881235941206,1.5218797124136354
off,330.0,35.121642165087614,36.571620079667575,1.9041994081814675
off,331.0,35.12645968505322,36.5718852723647,1.8984345679897612
off,332.0,35.13114402532209,36.57196999894928,2.032603057846956
off,333.0,35.134518894082994,36.572472467011316,2.1687191257860827
off,334.0,35.139608391221664,36.573256168031975,1.9501656643961716
off,335.0,35.14361997564989,36.57255230500175,2.1483069145662834
off,336.0,35.1476490990597,36.571666265271595,2.2035223064892735
off,337.0,35.149553090681245,36.57003869059669,1.9533361289591342
off,338.0,35.15186202618156,36.56875127606005,2.094315257683428
off,339.0,35.1541002165662,36.567597668616415,2.5506254400457395
off,340.0,35.15548628953679,36.56789555580032,2.3611595248472805
off,341.0,35.15676667939952,36.56797805467839,2.2791658402649304
off,342.0,35.1578673337544,36.56914723333685,2.4211946974830187
off,343.0,35.1589336946729,36.57018507351546,2.257074494869272
off,344.0,35.160121507624666,36.56953152277132,2.2502878706798413
off,345.0,35.16163789209827,36.56781492667399,2.696080232137809
off,346.0,35.16239019116694,36.56494986353619,2.5345415060885026
off,347.0,35.16398272488766,36.563972881483764,2.567072368656255
off,348.0,35.16485529708011,36.56009526561468,2.9237566597792526
off,349.0,35.16488092289428,36.55814784570997,2.853892475196411
off,350.0,35.164600387901686,36.556770714075064,2.7584618500557667
off,351.0,35.16462258179722,36.55585313400331,2.5362723136752425
off,352.0,35.16345986604887,36.554802481904325,2.476681798367814
off,353.0,35.16284071178247,36.55493440486379,2.6067825457695353
off,354.0,35.16197850074753,36.55499468701158,2.2754550376186096
off,355.0,35.16090175247416,36.55565422652632,2.8806872733353743
off,356.0,35.159292675365016,36.55662405136608,1.9149386126510963
off,357.0,35.15715247979352,36.55731919558701,2.3125179137740832
off,358.0,35.15551834582123,36.558412287058296,2.7231118445237854
off,359.0,35.15562915805923,36.56109618537138,2.0580486557781636
off,360.0,35.15640311387956,36.56221552845542,2.6018551083775323
off,361.0,35.15862441044241,36.56262927466909,2.193724924745055
off,362.0,35.15956405294393,36.56544575511274,2.5860047359898295
off,363.0,35.161170044558304,36.56547725927468,2.593114125297644
off,364.0,35.162390678619296,36.56495363351174,2.527932510549718
off,365.0,35.16428719361525,36.56552697243655,2.9034376174499092
off,366.0,35.165910512162476,36.564137389520646,2.4959914694479854
off,367.0,35.16729388867987,36.56459006476743,2.3353334534821926
off,368.0,35.16767796083656,36.564592960712744,2.1987625513142746
off,369.0,35.16629424400828,36.56517874349256,2.6372024519654866
off,370.0,35.164726132818394,36.56614024100827,2.2835545354073146
off,371.0,35.16303660664923,36.56509375564774,2.732054454900628
off,372.0,35.16145018203959,36.563673357253556,2.085698220416523
off,373.0,35.1614205333764,36.562939155931524,1.9145441754005266
off,374.0,35.161612923702826,36.56236711270303,2.217218772258816
off,375.0,35.16180174089415,36.56077141118186,2.138286784317936
off,376.0,35.162954772386236,36.559774741362794,2.309080312942708
off,377.0,35.16389697566607,36.558903767638974,2.5802491999844257
off,378.0,35.16445448100056,36.55605225202078,2.2680777996783523
off,379.0,35.163865611277934,36.55231051272887,2.202057348176684
off,380.0,35.163831728952545,36.54979213037421,2.609895438429249
off,381.0,35.16430082784613,36.55011319084833,2.3815918708039483
off,382.0,35.16364311053458,36.55146637802631,2.2826694804869185
off,383.0,35.16391300566802,36.55037619527557,2.206852962022486
off,384.0,35.16557311614824,36.54889717085421,3.0126724997443772
off,385.0,35.166156651588366,36.54811199524603,2.601991453444052
off,386.0,35.1651202081941,36.54785280580918,2.8281697324360895
off,387.0,35.16329014632391,36.54767143288409,2.705337930746535
off,388.0,35.162397491062315,36.54715696334549,2.7313105289274366
off,389.0,35.16072475341778,36.54591532325401,2.7349988893196326
off,390.0,35.15940413050972,36.54456860264809,2.6190620337875954
off,391.0,35.15928864992667,36.54601502082451,2.4343520016441484
off,392.0,35.15810598674649,36.54606794132347,2.405862144638625
off,393.0,35.15536875365047,36.545744932321895,2.4804557537473815
off,394.0,35.151896420597296,36.54556958754246,2.6952357658196133
off,395.0,35.14673923366975,36.54373033937991,2.378730892633956
off,396.0,35.13957278322968,36.54328977255022,2.267602186056846
off,397.0,35.13394281779293,36.54383774019756,1.9454635537720093
off,398.0,35.130582387768634,36.54303951513466,1.702696490270085
off,399.0,35.128855656255396,36.53960364083227,3.1888138086437006
off,400.0,35.12735154931638,36.53362461634215,1.53061125699405
off,401.0,35.125039428680026,36.53133027736496,2.001521256828653
off,402.0,35.12403260596363,36.53082129132719,1.6832773399746315
off,403.0,35.121731853962345,36.5284327540315,1.5688017397117757
off,404.0,35.11857209337009,36.527554278960274,1.8221860860503354
off,405.0,35.117072280495165,36.52733265514529,2.1208658351163794
off,406.0,35.11432163087953,36.5279535777739,1.002308788543649
off,407.0,35.113615636747554,36.52759519140826,1.1112442002128478
off,408.0,35.11267815660726,36.52851465099124,1.7603417358893936
off,409.0,35.110601271547445,36.52933990626138,1.083441196655786
off,410.0,35.110461867781424,36.53067764446921,1.269061633425795
off,411.0,35.10965275887606,36.53368121613891,1.078293479342716
off,412.0,35.10790614743962,36.5353741667416,1.1535299648737154
off,413.0,35.1080082304213,36.533600681284426,1.0266915767332043
off,414.0,35.10692854275338,36.533027525425005,1.751408668877348
off,415.0,35.10589219522317,36.53169976151996,1.5766277835134022
off,416.0,35.10590410927742,36.53220983329687,1.755701225909647
off,417.0,35.10686865238377,36.534725388349194,1.0458785024402877
off,418.0,35.10839120599212,36.53375851494129,0.8905977194094009
off,419.0,35.10925936557477,36.53447467300461,1.045971261392514
off,420.0,35.11130702626621,36.53523636484642,0.9685263766480996
off,421.0,35.11110171787675,36.53573895480535,0.979381222205506
off,422.0,35.11159252281748,36.53527138821379,1.4812052027358835
off,423.0,35.11058955003279,36.534010667348134,1.1928953274343566
off,424.0,35.1092376139348,36.53260472789323,1.3283693298100296
off,425.0,35.107504144929635,36.53457451665164,1.2003842916539496
off,426.0,35.105822637933876,36.53687103898457,1.7500772042376678
off,427.0,35.10456139985666,36.53648744691395,1.795516996047434
off,428.0,35.10493093269773,36.5362800948173,1.5286910861096523
off,429.0,35.1044912763687,36.535765946284904,1.6171697226639452
off,430.0,35.106132159697914,36.53642488731465,1.1465323526715474
off,431.0,35.10918813903514,36.53650712278376,1.4138910443130939
off,432.0,35.11409821660985,36.53678326371728,0.5481743652881379
off,433.0,35.11913354809654,36.53540919817129,0.6796220440534785
off,434.0,35.1224033598642,36.53545299413314,2.387473585334479
off,435.0,35.12542273194037,36.53515057536628,1.3024134183786393
off,436.0,35.12755103659304,36.532128351574954,1.1923465836063591
off,437.0,35.129344762508765,36.533763165599275,1.0952231516277002
off,438.0,35.13091318636439,36.537195971495436,1.5500581076779962
off,439.0,35.13175504281538,36.54176047856437,1.7349062240306339
off,440.0,35.132763043700244,36.54339180676865,1.6342922199253938
off,441.0,35.13220916679822,36.54587042845186,1.7204350487480662
off,442.0,35.13141659193636,36.547326046564976,1.7391959309448286
off,443.0,35.130672420712166,36.54729819735496,2.0037390961855333
off,444.0,35.12788505421445,36.54860123851985,1.7409196182072044
off,445.0,35.12410984500707,36.551819040175225,2.324242556268683
off,446.0,35.12178731622226,36.553949440415536,1.8592665276372173
off,447.0,35.11892947172027,36.5553334185918,1.338867376294918
off,448.0,35.116154547439066,36.55432412989577,1.1934640864128796
off,449.0,35.11020949650406,36.554186538378495,2.320846183076061
off,450.0,35.105886601099385,36.55442852630686,1.7628317222097256
off,451.0,35.1035165623782,36.55364872089638,1.2556532925300872
off,452.0,35.10191751154147,36.55253599594455,1.479911537644758
off,453.0,35.10061834261965,36.55037453506728,2.014108171168037
off,454.0,35.100151742995926,36.547417503626676,1.719240998493872
off,455.0,35.09886521000596,36.5455500229842,2.133871313971549
off,456.0,35.09814820530348,36.54559255617197,2.076684313624049
off,457.0,35.09805791372313,36.54454076436099,1.772435705879067
off,458.0,35.096497039830275,36.543052825875165,1.7895823221429508
off,459.0,35.09424334882391,36.54380309140195,2.700599305968041
off,460.0,35.08978841385533,36.546314081513444,1.7209645121879544
off,461.0,35.08643723380178,36.54759349311108,1.5419339219383874
off,462.0,35.08408404817604,36.548663859302486,1.7508213409513413
off,463.0,35.07883700883949,36.54867065571166,1.5552168091404615
off,464.0,35.07516541371392,36.55048385387613,1.4168158565252686
off,465.0,35.07293424948297,36.55081760163527,1.89053593198322
off,466.0,35.072480727213936,36.550566528759745,1.0207157833056264
off,467.0,35.072233263470075,36.54892494076956,1.7694079869623052
off,468.0,35.07125035700354,36.5463628851271,1.7400023347176927
off,469.0,35.070116405902446,36.54323951957085,2.429438319670564
off,470.0,35.071145421538645,36.54026362631141,1.6960233681983694
off,471.0,35.07137446772698,36.53706448168398,1.7842700784540424
off,472.0,35.070059720787626,36.536250153668824,2.175531321101478
off,473.0,35.06822997780322,36.5354736991953,1.854346994008952
off,474.0,35.0651271051841,36.5357726484279,1.3409036244646493
off,475.0,35.06380195312694,36.5363859178821,1.3199409709240304
off,476.0,35.06378312345818,36.53686215055362,1.445932921934031
off,477.0,35.067188365559076,36.53613771132429,1.2461318531079546
off,478.0,35.066758580842645,36.537246985829206,2.098829967010949
off,479.0,35.06547132154018,36.53967736787129,1.2198254481759663
off,480.0,35.064942078543176,36.54043397202751,0.9598992667497399
off,481.0,35.06480041522383,36.54049932463123,1.1828210801989305
off,482.0,35.06505768202169,36.54015777938516,1.3724495205381424
off,483.0,35.06631840824055,36.539038197266784,1.4011006592080464
off,484.0,35.071145391374756,36.53842570065278,0.9271725198198713
off,485.0,35.07399789137228,36.5379155497997,0.9543598010415155
off,486.0,35.07480598828559,36.53894963102156,0.9311301681152289
off,487.0,35.07520824674858,36.54026921818198,1.074524619479341
off,488.0,35.07524532410864,36.539548472061405,0.5308856316184096
off,489.0,35.072151896067666,36.53882198670164,0.7422946304358193
off,490.0,35.07081979929071,36.538123586856436,0.8639339407652366
off,491.0,35.07104353601037,36.53794388774773,0.678956486688276
off,492.0,35.07019451888081,36.536586109873745,0.923032148902961
off,493.0,35.06580876165235,36.53751772072209,0.9545462974065879
off,494.0,35.060401988826705,36.53941441839346,0.6653410602813083
off,495.0,35.05815201299338,36.53879739091894,1.1051094156486494
off,496.0,35.05497026239321,36.538411084245766,1.1026149172000164
off,497.0,35.05489563877849,36.539116139042655,1.4227226059627522
off,498.0,35.05913004959507,36.53648195821508,1.5291083256359812
off,499.0,35.061166253681506,36.53213241102223,2.2529296957475067
off,500.0,35.06306694225523,36.5299013998143,1.6632240480010965
off,501.0,35.06207296324654,36.530926345036306,1.4902161248587464
off,502.0,35.060148337779474,36.53267912275144,1.6768847195798353
off,503.0,35.06052570526315,36.53340055928497,1.5784360436025986
off,504.0,35.06280106851407,36.532657899605525,0.9305116744361297
off,505.0,35.06692527593579,36.53156240896599,1.5958757505036125
off,506.0,35.0717959247558,36.53037920049117,1.5524599466147775
off,507.0,35.07755744583963,36.52890284928045,1.1037945079932814
off,508.0,35.081907193237726,36.528802291438375,1.3589892108345092
off,509.0,35.08551517010213,36.526424750618446,1.6682760301279416
off,510.0,35.084958618576984,36.52673141737398,1.3583531064807934
off,511.0,35.080955485839944,36.529843137834554,1.3228994410111312
off,512.0,35.07825064876533,36.53131870123072,1.2042844733759028
off,513.0,35.07361570612754,36.53340185177788,0.9029628372760925
off,514.0,35.069403783845274,36.53402199430649,1.6073528630899654
off,515.0,35.066252098028,36.53447051102323,1.150750694049742
off,516.0,35.066881710952956,36.53369942695417,1.0234415528135892
off,517.0,35.06834572346964,36.53316056311273,1.1437946265680838
off,518.0,35.07344987673875,36.53152288889975,1.0714205366138092
off,519.0,35.07934171481326,36.52803261768951,1.6719929620008158
off,520.0,35.08617263049087,36.525680262928724,1.4673525148966151
off,521.0,35.091293164824855,36.52358008981248,1.9518783680015515
off,522.0,35.09338834089848,36.521957138850944,1.6986848731730233
off,523.0,35.09149922802906,36.522086800383136,1.9240254998151864
off,524.0,35.09175627760357,36.52306616778575,2.2159955429166684
off,525.0,35.090230658430094,36.523785765289595,1.817584723154925
off,526.0,35.087419134904835,36.52444821217428,1.620319769317149
off,527.0,35.08458198851975,36.52444618883568,1.5088721088499595
off,528.0,35.08132719612306,36.52583682425453,1.1518809189083716
off,529.0,35.078848423221444,36.530370308198435,1.4817442746752312
off,530.0,35.07746834646577,36.53338886066603,2.036722353490881
off,531.0,35.074683323533414,36.53655235370565,1.2569068930649778
off,532.0,35.07540995632725,36.53645603531508,1.255380203760919
off,533.0,35.07987484249127,36.535979782175986,1.4123502801613654
off,534.0,35.081582545898804,36.534672594451,1.6805178987308684
off,535.0,35.08307647181199,36.53591448896063,2.259704403534082
off,536.0,35.08348823120917,36.535574764446274,1.5166271320510734
off,537.0,35.08328157823165,36.53426069670071,1.3071280888834815
off,538.0,35.086467327055544,36.53405192051163,1.4556272886422026
off,539.0,35.0902715507288,36.53247376195332,1.2881249361096503
off,540.0,35.094185975879604,36.53197717891858,1.03922430306064
off,541.0,35.09654462439732,36.532612370667714,1.1248693687412235
off,542.0,35.09853108520643,36.532638535221714,1.3422244934614078
off,543.0,35.103348099265666,36.53186589034182,1.0632808531886457
off,544.0,35.10522067298987,36.530685489026126,1.1646675941188758
off,545.0,35.10561692537994,36.52942634082815,2.1849629901853254
off,546.0,35.10486032466993,36.529596897955216,2.300104125389976
off,547.0,35.10309081421156,36.530743059698395,1.537848316449775
off,548.0,35.10277702986749,36.533898519740795,1.085197493404433
off,549.0,35.101642025956224,36.536465252288025,1.2883271802179714
off,550.0,35.100548214417564,36.53893300515944,1.3184195905319527
off,551.0,35.1018745226285,36.53976987105613,0.8926502260026086
off,552.0,35.10436581027608,36.54057417303225,1.2549982867288116
off,553.0,35.10885439477027,36.540107141116614,0.9129922163722748
off,554.0,35.11077328113126,36.53897120192896,1.429909377818416
off,555.0,35.112935792493275,36.541301806802345,1.5887925906607656
off,556.0,35.11323916287416,36.5444262751007,1.688178419402891
off,557.0,35.11207542126682,36.54439928931254,1.4104833095236913
off,558.0,35.11006219834641,36.545178464260125,1.5492808519923118
off,559.0,35.1077509732872,36.54658562830762,1.412523907020661
off,560.0,35.10605652952446,36.5470001998767,1.3647848934211106
off,561.0,35.10319135268484,36.54857209473471,1.354797549274616
off,562.0,35.09991325522763,36.55375569564953,0.9473871984893313
off,563.0,35.096946224911285,36.55578713908577,0.9108606885238513
off,564.0,35.09489237990606,36.55719912426598,0.8848964766102837
off,565.0,35.09297135406763,36.5584586361438,1.2170734485267225
off,566.0,35.0951038838682,36.557077518282455,1.3848939928040958
off,567.0,35.10001013175732,36.55388811588391,1.2827988882716104
off,568.0,35.105455621691846,36.55124611344593,1.047671824324794
off,569.0,35.10917576842937,36.54889156626232,0.9089143982970553
off,570.0,35.10810699268113,36.549668213784706,1.2426743829545446
off,571.0,35.106058167805735,36.54957584101241,0.944431075915221
off,572.0,35.10492520813938,36.55085102193953,1.2871272842110955
off,573.0,35.10476632968458,36.551209332972746,0.8230018330125662
off,574.0,35.10412420845385,36.55153085738139,1.579439194762588
off,575.0,35.10358953363561,36.5512611270548,1.7214010433451576
off,576.0,35.10235910135036,36.550826470168204,0.7748066597378129
off,577.0,35.10089533728847,36.550692975278736,1.009112109487256
off,578.0,35.10268894230727,36.55090680205142,0.99718132302989
off,579.0,35.10637859967587,36.54974762843692,0.92861943115106
off,580.0,35.11210031820206,36.54561026281111,0.5324839766018642
off,581.0,35.11622210889926,36.54006506791852,0.8505347697200016
off,582.0,35.11599524553021,36.54036150549992,0.9700111737798209
off,583.0,35.11458547944496,36.539743642486776,1.4472192028887931
off,584.0,35.109930752542304,36.53981997357359,1.1835359017583622
off,585.0,35.10610143363509,36.53842208202189,0.9728256850621921
off,586.0,35.10312965501603,36.53862541209915,1.3264315977421297
off,587.0,35.103973982623536,36.53752082779657,0.9799818493446629
off,588.0,35.10188362411271,36.534964921433655,1.4299696919646574
off,589.0,35.10111075905268,36.53315949567523,1.152550912943179
off,590.0,35.103084147043944,36.53292092226393,1.348680692837873
off,591.0,35.11072319305267,36.53198300293396,1.2074374917888797
off,592.0,35.11598607583694,36.52973576491274,1.3946904124981248
off,593.0,35.121775254258004,36.52719966571056,0.9754451000636891
off,594.0,35.12744489109236,36.52506038353895,1.4707630699511278
off,595.0,35.13168681565591,36.5245829703193,0.5624654472454287
off,596.0,35.132119700465104,36.52580364569329,1.2076499909894394
off,597.0,35.13328538994677,36.52576197222419,1.51202675258501
off,598.0,35.13543742901119,36.52507513271044,1.4711925046726584
off,599.0,35.14007175122117,36.52173131357356,1.1137731297852858
off,600.0,35.144303171963976,36.51710304564465,1.3596499722362982
off,601.0,35.14874279077875,36.51421415081067,1.673464752451014
off,602.0,35.15396503841433,36.511481503872176,1.9767485764209969
off,603.0,35.15550335436586,36.509627652607705,1.1746403086764663
off,604.0,35.15726095414072,36.509513251742945,1.8216190224107836
off,605.0,35.16031462396146,36.509522638202725,1.6398748889673183
off,606.0,35.16401458375505,36.5093135468835,1.4576763173771419
off,607.0,35.16749838905795,36.50878856081768,1.419933381943793
off,608.0,35.170105311835286,36.50934086061032,1.6207414612023414
off,609.0,35.17215319916815,36.509074133212344,1.3731460495671883
off,610.0,35.17322360102444,36.50866220858631,1.4306829234541696
off,611.0,35.17146085786364,36.50999069663145,1.866082871474608
off,612.0,35.17115893363353,36.507865397497696,1.169246867510692
off,613.0,35.170592670559394,36.50647255949492,1.2772319793163858
off,614.0,35.170522889201784,36.50689644946715,0.9539400578512549
off,615.0,35.17482693233432,36.50739922850984,1.287429290991175
off,616.0,35.17957187680488,36.5058313969666,1.744371745790259
off,617.0,35.18294401747783,36.504082713026555,2.004831727211201
off,618.0,35.188962395998644,36.50351893542977,1.405864037982028
off,619.0,35.19501132673671,36.50431499590016,1.4936879783479875
off,620.0,35.19859948747852,36.505391053878796,1.0369053438115095
off,621.0,35.199804728140876,36.50772046592824,1.5609887090123298
off,622.0,35.20039680292269,36.50818221088903,1.3913183508222455
off,623.0,35.20441461275012,36.506620666021554,1.3435470658753754
off,624.0,35.20529513627598,36.50462477109072,1.209936199124777
off,625.0,35.203675674464854,36.50560990547624,1.7004598562498234
off,626.0,35.2012290005866,36.509886768499165,1.4444995027382421
off,627.0,35.19992005694813,36.513721717132604,1.454477620946902
off,628.0,35.202560451754586,36.51496092136634,1.4154359022337113
off,629.0,35.205091720487324,36.515173771153286,1.4845964233430462
off,630.0,35.209607425326496,36.51473388556429,1.7222484404234442
off,631.0,35.212449735740805,36.517095791465685,2.115372664689351
off,632.0,35.21380957424853,36.519265857042676,1.4059711572876907
off,633.0,35.211794099472264,36.52198127392019,1.6022185651997223
off,634.0,35.21044540846438,36.52397075483572,2.0313059934784876
off,635.0,35.20844187443455,36.52491504801448,1.672112350210939
off,636.0,35.205833395577855,36.52699802742452,1.58228311488417
off,637.0,35.2044389315608,36.52962975707911,2.3510596321382238
off,638.0,35.20753440348856,36.529277853033705,1.771551595692274
off,639.0,35.20854213276781,36.528895316989775,1.5402622276079994
off,640.0,35.21068090757037,36.52949257356232,1.846931453517321
off,641.0,35.2092071269626,36.53053784625215,1.975136807267216
off,642.0,35.20981176079696,36.53193794347056,2.055573764399675
off,643.0,35.21137076882973,36.53207944053364,1.2359943374071864
off,644.0,35.21270031449938,36.530793633634474,1.2468131641457434
off,645.0,35.212177966999214,36.532279593727935,1.571389545484776
off,646.0,35.21656733397901,36.531134088616874,1.6583614400160183
off,647.0,35.224539056984135,36.529923841723516,1.5204031353780003
off,648.0,35.22822508713134,36.52822517480475,1.793700743277987
off,649.0,35.22861111492952,36.52853362997046,1.9914668047209658
off,650.0,35.23051887831452,36.529316268762074,2.1038845234273458
off,651.0,35.23078986535125,36.531055335287185,1.8794749716623134
off,652.0,35.230223194968595,36.533951844153016,2.11528474105446
off,653.0,35.23138300878482,36.537387069540856,2.1002776745268714
off,654.0,35.236171316065956,36.54087548478417,1.7653760748805245
off,655.0,35.23912492258985,36.544131863531874,1.8217502763213491
off,656.0,35.24189916642374,36.54758883611062,2.2139241493234425
off,657.0,35.24338726022209,36.55042180408819,1.752853405202886
off,658.0,35.24419676080122,36.550660246243,2.1395090149730285
off,659.0,35.24552842453843,36.55456439422204,1.6644017674728921
off,660.0,35.24513559176052,36.557359851786686,1.6873370133644077
off,661.0,35.24241314554867,36.56021802280555,2.0883404211860634
off,662.0,35.23985860670462,36.5635409646494,1.8979362273472429
off,663.0,35.23966093469545,36.56584381712053,2.016627579078155
off,664.0,35.23778943694648,36.56720516862587,1.9472992416599646
off,665.0,35.23209946110259,36.56711997690475,2.102662848541358
off,666.0,35.22844707927945,36.56750077989618,2.019927612561123
off,667.0,35.22640459938493,36.56807175795083,2.003190499615133
off,668.0,35.226225422312034,36.56877863359549,2.4614120368367596
off,669.0,35.22427188168128,36.5694862081173,2.562514515721725
off,670.0,35.22404695838251,36.570185369162445,2.6659503224436314
off,671.0,35.22489403125387,36.57144058877126,3.4707400372657027
off,672.0,35.22431600163202,36.57208160017518,2.501251711513264
off,673.0,35.22262163475466,36.57381504620195,2.4554457940549224
off,674.0,35.22093105211033,36.573938830715534,2.5670007787135702
off,675.0,35.22058757421065,36.57404747367975,2.357236665019036
off,676.0,35.22073961430194,36.573017666475735,2.3738112192065035
off,677.0,35.21883850823684,36.57274644977974,2.5731577827831447
off,678.0,35.217364945905146,36.57444074022979,2.251242071935034
off,679.0,35.21582927546349,36.57615942993727,2.5765837229420514
off,680.0,35.21429441934043,36.57929374626651,2.1756029648208255
off,681.0,35.212407124244216,36.583763266768415,2.1744966105668726
off,682.0,35.21134102188245,36.5849208173766,2.6569042786115764
off,683.0,35.209657816760924,36.584056634898474,2.376891694164533
off,684.0,35.20674923996327,36.58292694165883,2.1077629847120356
off,685.0,35.204891720345785,36.58333225386424,2.6586737859171805
off,686.0,35.20383831652623,36.58305117459575,2.402528461494244
off,687.0,35.20217621940678,36.584893474038346,2.389943058639637
off,688.0,35.20123210415671,36.58657101353745,2.295112058061866
off,689.0,35.20157648810602,36.587227472326,2.0357431793604954
off,690.0,35.20199531504032,36.58846597326555,2.44866462918036
off,691.0,35.20252432579985,36.588452125715044,2.1353087883707262
off,692.0,35.20150193841014,36.59028485726487,2.976932330849832
off,693.0,35.20084080857448,36.59166291452902,2.6238232741626395
off,694.0,35.19897183731437,36.59192197178587,1.9519436921397353
off,695.0,35.197027416856244,36.59286190346377,2.8656764559872774
off,696.0,35.196310582396976,36.59267699904051,2.7976434970229342
off,697.0,35.194930523486406,36.592318124751266,2.6401303222241146
off,698.0,35.192418111054636,36.59509008602073,1.8658015692411571
off,699.0,35.19248265090448,36.59851443872355,2.257502260554365
off,700.0,35.19316162290148,36.60005280778314,2.0696013370132103
off,701.0,35.193586027964805,36.59816865483488,2.168109223434555
off,702.0,35.1928897448045,36.598129518081,2.3437042752219175
off,703.0,35.19160991290857,36.59912961234187,2.3384314835749116
off,704.0,35.18872867830257,36.60000416125748,2.211133461286691
off,705.0,35.184365840293346,36.59872842638589,2.6179051152919275
off,706.0,35.18079389097299,36.596990490742954,1.9714113550436305
off,707.0,35.17741556370069,36.597553411107135,2.1068641872708636
off,708.0,35.173985295264764,36.598894450808274,2.047011385898602
off,709.0,35.171585814528825,36.599661208491476,1.8910876486155255
off,710.0,35.17358669499783,36.60028735396535,2.122151927759499
off,711.0,35.17480181298716,36.59927236778026,2.199050525487079
off,712.0,35.17584125579212,36.59812995669539,2.0195036283241494
off,713.0,35.17427572329804,36.595424929484984,2.204187785329632
off,714.0,35.171027751324644,36.59331249967834,2.39809920595565
off,715.0,35.168462077891554,36.59460029272096,1.662215373368992
off,716.0,35.165509041727134,36.5932601576488,1.9378771780550454
off,717.0,35.16336710346705,36.592187796832256,2.2548716784547147
off,718.0,35.160916315354235,36.58969370123783,2.1255039980442936
off,719.0,35.158519067691635,36.58716535644569,2.06028452006369
off,720.0,35.15402269259795,36.58371845848932,2.3779304218453032
off,721.0,35.150748513326455,36.57989626637603,2.2634269288794533
off,722.0,35.14779142102632,36.580909312689066,2.708347819014808
off,723.0,35.14423487466911,36.58182140837822,2.157272583615828
off,724.0,35.14224878928276,36.580440505155856,2.5151483878987144
off,725.0,35.14114792164511,36.57825271798499,1.9347490619844858
off,726.0,35.14182356150328,36.576181573363264,2.206612753281056
off,727.0,35.14287529759514,36.57467842495521,1.3145359574211217
off,728.0,35.14401170948874,36.5747498696934,1.8638437233491705
off,729.0,35.145008561575715,36.57583579778459,2.121272388676415
off,730.0,35.14483166171062,36.57595457266524,1.7894623384046726
off,731.0,35.14599889718406,36.57620470604994,1.9011249307508669
off,732.0,35.147612101387175,36.57584789153873,2.1906540896869178
off,733.0,35.14904663008322,36.5770464781449,1.806863036348954
off,734.0,35.15065427692229,36.57837219745906,1.6658706206771061
off,735.0,35.15410103538402,36.57990838343988,2.299214056313499
off,736.0,35.15896493685962,36.57920853795051,2.156151117332465
off,737.0,35.164092468784446,36.577199681821746,2.532649429363529
off,738.0,35.169614729135375,36.57832440174992,2.6759631776087316
off,739.0,35.172419731134234,36.57883219107168,3.2778271874746867
off,740.0,35.17305458334452,36.57890014292087,2.3612442296388214
off,741.0,35.17179577912554,36.58080873019338,2.842953151686573
off,742.0,35.16978284385403,36.58239919698408,2.475896545407429
off,743.0,35.16757707091845,36.58469683076792,3.1446307067360113
off,744.0,35.16522725962439,36.587414277622365,2.1052216487228392
off,745.0,35.16334844563016,36.58865712425892,2.452091625871064
off,746.0,35.16261574493964,36.58852318170303,2.0267382502272007
off,747.0,35.16165437098691,36.58845077503534,2.320005599357433
off,748.0,35.16109673904857,36.58682872892989,2.093088274502296
off,749.0,35.15982644268381,36.58572519191299,2.105052792787144
off,750.0,35.15941532013256,36.58646623035752,2.2735606712878793
off,751.0,35.16029278606472,36.58198032308255,2.205853300618855
off,752.0,35.15928877124645,36.58098046797019,1.937775082127394
off,753.0,35.16085114368595,36.58062360719911,2.2480266088883303
off,754.0,35.163580967812294,36.58102219544251,2.8015364017087876
off,755.0,35.166972359778235,36.58098511353645,2.3736433927545635
off,756.0,35.1715969627044,36.58183317993156,2.510369934158526
off,757.0,35.17725342848221,36.580907060052226,2.7498990837986454
off,758.0,35.17988130195451,36.5792577906386,2.7198475689579857
off,759.0,35.18161229341761,36.57927280132204,2.2710130645387356
off,760.0,35.1830200763728,36.58041788945342,2.2834018041844337
off,761.0,35.185413835151415,36.58166185011166,2.3952909799650524
off,762.0,35.187439170337136,36.58437104217962,2.811844818149126
off,763.0,35.188935520871944,36.58532515994992,2.545344467951307
off,764.0,35.189715483187705,36.58396435812312,2.497814046927574
off,765.0,35.18980718700281,36.5817356870319,2.079267744127769
off,766.0,35.18945784601857,36.57931090417128,2.6302603851348616
off,767.0,35.18866718144682,36.57788431334262,2.293436934354395
off,768.0,35.18686347827413,36.576471495711004,2.253722802334851
off,769.0,35.185967654991536,36.57639685834658,2.41566360581729
off,770.0,35.18498339605406,36.57702683346584,2.0622663096181846
off,771.0,35.18312823178871,36.5784108188545,2.10763200082839
off,772.0,35.18093990674403,36.57710548298384,2.276834280813004
off,773.0,35.17795080272137,36.576122716247966,2.7920708252798643
off,774.0,35.17527358149937,36.57695086515055,2.460326770121529
off,775.0,35.171422920475,36.575867278500915,1.979392514270328
off,776.0,35.16864133752464,36.57634169941228,2.281527048904204
off,777.0,35.16725315538221,36.57663243304077,2.1952394987222137
off,778.0,35.16596856017319,36.57543294241091,1.8425832143226784
off,779.0,35.16689050694148,36.57435666432421,2.204081898396481
off,780.0,35.16902009415993,36.57519967061134,2.1507526811414586
off,781.0,35.16987956876585,36.57753825381644,1.8836380581565937
off,782.0,35.17083543462832,36.57821420726483,2.45582203075691
off,783.0,35.17160713357564,36.57614416321526,2.0837700500510485
off,784.0,35.17329319274418,36.57682552219281,2.2933958420255713
off,785.0,35.17368735535721,36.576666454130844,2.4473989057620464
off,786.0,35.17283302278638,36.57597151046759,2.214649003355018
off,787.0,35.17207612705439,36.57679384172493,3.291447399415534
off,788.0,35.17184128164089,36.576661101278304,2.7123297819117287
off,789.0,35.17065282061558,36.57664608366811,1.7863358751858092
off,790.0,35.169023132553846,36.57669945559626,2.063984422563416
off,791.0,35.16869484035255,36.577348146473035,1.786888979015417
off,792.0,35.167882807421314,36.575636438076565,2.1441430982697565
off,793.0,35.16720706920105,36.57362792417913,2.306911429486829
off,794.0,35.16685743805301,36.57247966830273,2.0741826554674443
off,795.0,35.1649784351673,36.57161946773947,2.0622772033463455
off,796.0,35.16282805515847,36.56976476642395,2.7793600219068004
off,797.0,35.161278330217655,36.56813901063302,1.597166649707833
off,798.0,35.15909061941766,36.56772986442712,1.9806838836732628
off,799.0,35.157926004349505,36.56670436145983,2.0459928909306413
off,800.0,35.1567692307838,36.56517081717747,1.774239923508068
off,801.0,35.15558207999719,36.561555496192405,1.8375696957503453
off,802.0,35.1542372296186,36.560035967029805,2.727544309599799
off,803.0,35.15181008585882,36.557915342601,2.01069098285713
off,804.0,35.149776265737145,36.55568571675699,2.1802728702942753
off,805.0,35.149191276824716,36.55387109264703,2.1377774424877862
off,806.0,35.14946302968765,36.55432749060583,1.762498403440784
off,807.0,35.150537153485004,36.5543556328278,1.6758509512636737
off,808.0,35.15021902876116,36.55153962466284,2.2174645542900153
off,809.0,35.146192468476315,36.549618690458615,1.6499546115884014
off,810.0,35.142475904368716,36.54972602441494,1.5049223769286382
off,811.0,35.139766550719465,36.54888129260229,1.4274402071423775
off,812.0,35.13794255621119,36.54830795395574,1.6861989014568093
off,813.0,35.13644902565408,36.54630665175694,2.085877369790469
off,814.0,35.13474939804068,36.54350605805657,1.7128259211688948
off,815.0,35.13381894651042,36.54076708695442,2.0217578876844957
off,816.0,35.13267679561705,36.53865374547527,1.3901560207888182
off,817.0,35.131088163644996,36.538776845615445,1.907947172982226
off,818.0,35.126274381468015,36.54056181580273,1.900012899477055
off,819.0,35.12389589858762,36.54233262025146,1.64542373835283
off,820.0,35.12258324377524,36.5417383074899,2.004145170294162
off,821.0,35.121165034251106,36.5425467802834,1.5698318064641432
off,822.0,35.12214749156408,36.543470289828186,1.5413793706705226
off,823.0,35.12309456024967,36.54319922450206,1.533016922475639
off,824.0,35.12368974359943,36.54094708544261,1.3087179557682838
off,825.0,35.12407079567839,36.53931991970553,1.3161919508386042
off,826.0,35.12389906068614,36.53787186548838,1.2403510260064183
off,827.0,35.125871494754826,36.53676657977579,1.1861840316793015
off,828.0,35.1301873939433,36.536837527888366,1.3487618572316151
off,829.0,35.13559277165643,36.53827225539996,1.649192771582035
off,830.0,35.14000820948848,36.538474754442,1.9013235931261923
off,831.0,35.14369556922145,36.54070408162217,1.8038655917249027
off,832.0,35.14644114243487,36.542979066598704,1.8002214924579465
off,833.0,35.14711807512195,36.54509730160466,1.5914488837461849
off,834.0,35.1479249117115,36.54618572387289,1.7446632679533252
off,835.0,35.14830068934425,36.5463151720558,1.8681453629187144
off,836.0,35.146910946403224,36.54803368918616,1.9175479108354532
off,837.0,35.14430798760174,36.55058693974305,2.0193687282555643
off,838.0,35.14158864659882,36.54949710596382,1.5261591955412206
off,839.0,35.138453912635356,36.549823153551614,1.4250949128793724
off,840.0,35.13578093329415,36.55267597386512,1.5520081022605363
off,841.0,35.13470894722831,36.55255254056673,1.7952805164786085
off,842.0,35.13283502091755,36.55191521579899,1.5983852732887676
off,843.0,35.130645244279364,36.552660691653095,1.729583476296193
off,844.0,35.12799035489857,36.551173362402956,1.6334220588498696
off,845.0,35.12431841988632,36.549920625913074,1.6874254682770227
off,846.0,35.12257339066003,36.54825878445814,1.9726871548511808
off,847.0,35.12155770495709,36.54407911141146,2.021705547068347
off,848.0,35.12164178738799,36.541824019120384,1.9816970639917346
off,849.0,35.11971092763399,36.54279578729211,1.5889556588274845
off,850.0,35.11700251123491,36.54386814774371,1.9549061040085354
off,851.0,35.114816771026376,36.54501699529668,1.7743411786406371
off,852.0,35.11207667706713,36.5468322522632,1.5173444852726639
off,853.0,35.108976582160956,36.54899659361068,0.9211350465288614
off,854.0,35.10592091114246,36.548933799358785,1.2050151257319501
off,855.0,35.10336661462947,36.54909670678466,1.1200819861988225
off,856.0,35.10087808802576,36.548770985735295,1.3885045180813118
off,857.0,35.09549300028042,36.54886046268691,1.517349749197367
off,858.0,35.093544723584756,36.54740696237638,1.566963552048653
off,859.0,35.09205885873222,36.54589757320056,1.3216908361801216
off,860.0,35.09054973706189,36.54381779311037,1.5617083915702001
off,861.0,35.09008565992859,36.544392646193955,1.6442366901257688
off,862.0,35.089070438020016,36.543209689033745,1.1867371218780465
off,863.0,35.08803782795164,36.54318161984953,1.9424510999070188
off,864.0,35.08726975338012,36.54111810550164,2.1414382271366037
off,865.0,35.087186462962826,36.53968659121469,1.6934293606948394
off,866.0,35.0894737211206,36.53709796176672,1.298983790233652
off,867.0,35.09035085266668,36.5355422529306,1.6388664139680849
off,868.0,35.0907389385797,36.536052773577175,1.3115342189003885
off,869.0,35.090751359118926,36.53732572881939,1.411477398645884
off,870.0,35.091095380049175,36.537188280245715,1.143852984228456
off,871.0,35.09378686261201,36.53693779110514,1.989945828035451
off,872.0,35.09556597318024,36.53762276688297,1.5856668714598405
off,873.0,35.0968984926754,36.53839673056867,1.6296054529868806
off,874.0,35.0967510418039,36.53955216788511,1.3479040569133784
off,875.0,35.095664660348305,36.54008236986709,1.4876075058870162
off,876.0,35.094042124552985,36.5391981182942,1.688439041867785
off,877.0,35.09268116980399,36.54025425227537,1.6873948939865318
off,878.0,35.09173217764951,36.54201819629035,1.3616663858267306
off,879.0,35.093842499075066,36.542450238269176,1.3759779722334033
off,880.0,35.09521288641187,36.54309054421968,1.2786244094916637
off,881.0,35.09698678143242,36.544408613329054,1.0788732789186464
off,882.0,35.10042095372455,36.54586403301407,1.4969311238208403
off,883.0,35.10588849781091,36.546651473581086,2.1453656733480395
off,884.0,35.11156878446723,36.546491939000624,1.4263608562463828
off,885.0,35.116245465923996,36.54717678165219,1.8608176866143302
off,886.0,35.11887472221594,36.54727625420936,1.7891421928347153
off,887.0,35.11959369364375,36.54784554741075,2.115450943762493
off,888.0,35.11785983667757,36.547915792387116,2.1733845109259295
off,889.0,35.116118978072386,36.54810740819409,2.3570165263988185
off,890.0,35.113583610984655,36.54725387768439,2.358851437326514
off,891.0,35.109923753303796,36.5460724945605,1.8712856373938076
off,892.0,35.106145698695165,36.54625113475121,2.246581036364911
off,893.0,35.1023060241004,36.54801741269366,1.8276361012947913
off,894.0,35.10116895155393,36.54944761851009,1.8552856261771407
off,895.0,35.101993886837676,36.548697708370845,2.0542691922493077
off,896.0,35.10256421176375,36.54638246722028,2.4010039569914
off,897.0,35.1009763156,36.544454361691734,2.0801615594862137
off,898.0,35.09942696555978,36.542770808518476,1.8258194978361808
off,899.0,35.096301249757396,36.54218686006753,1.6832649752945916
off,900.0,35.09271551637535,36.53873299118686,1.699319902795318
off,901.0,35.089451351675045,36.53974409635862,1.6886683229455421
off,902.0,35.08707862195459,36.54191321505628,1.587792550545772
off,903.0,35.08541082629761,36.54319771889644,1.6402919859149596
off,904.0,35.08302328442917,36.54377264191891,1.2835824265778313
off,905.0,35.08065638461754,36.54294556149923,1.5669853513722245
off,906.0,35.07862249185671,36.542799614412566,1.8842613835128932
off,907.0,35.077143456770926,36.54445756912264,1.8762458549162893
off,908.0,35.076346349384956,36.544637813614514,1.8165644345718723
off,909.0,35.07567433310567,36.544981084691436,1.6498760302377942
off,910.0,35.07541068489469,36.5441785370001,1.9397542504066907
off,911.0,35.072366076667784,36.54526179370963,1.4449994784749227
off,912.0,35.07038287471965,36.54673846689066,1.3770241386221382
off,913.0,35.06644762102956,36.54762254089801,1.2918818289866203
off,914.0,35.061325527093146,36.54671822717326,0.9628384205257964
off,915.0,35.05533107095612,36.547288526024595,0.8355277631766641
off,916.0,35.04952473469827,36.546645637450865,1.1826914660514167
off,917.0,35.047254249836364,36.542273034599,1.1068611159205473
off,918.0,35.0427945320769,36.538905833625364,0.7819232491171002
off,919.0,35.039816967197176,36.53693123542641,1.8797556638153088
off,920.0,35.03669990889225,36.536005709558054,1.7681408377087693
off,921.0,35.032867332034016,36.53588226072795,1.4843086520913737
off,922.0,35.029855865272744,36.53624319985705,1.0820869468194114
off,923.0,35.024821714472026,36.53700959011533,1.977521849141246
off,924.0,35.01915553871531,36.53746606004457,0.8227088901465187
off,925.0,35.01435520446995,36.536629486802674,1.4146830689711343
off,926.0,35.01205792858026,36.53530323582441,1.351836790960499
off,927.0,35.01255734165375,36.53396803376047,1.5508249950881328
off,928.0,35.01222236787633,36.53391103140013,1.1295462575885762
off,929.0,35.01653941471622,36.53340994132837,1.6264228904829587
off,930.0,35.01981566020802,36.53044877995252,1.5856813954375575
off,931.0,35.02214827178847,36.528979378371226,1.6243371778464817
off,932.0,35.020427222053016,36.53094688852059,1.2459834739729936
off,933.0,35.02044111450541,36.533260441240834,1.0046899952165713
off,934.0,35.021202411953766,36.534003643189294,1.345727023683136
off,935.0,35.021788646823005,36.536097643482236,1.7841387172335577
off,936.0,35.024279964917135,36.53707670084904,1.8118346082894026
off,937.0,35.02809952953347,36.53835624816894,0.9169732770411785
off,938.0,35.03165156326501,36.5390128840038,1.343627645056779
off,939.0,35.03080968911839,36.53907745649244,1.230723219558684
off,940.0,35.02878453860594,36.53988876605029,1.4063073848852854
off,941.0,35.02633041194361,36.54252994056587,1.4133721606746847
off,942.0,35.025200206123536,36.54407703895661,1.359830337121748
off,943.0,35.023125220825065,36.54596265656104,1.5611679200186919
off,944.0,35.01904442582845,36.547214552365624,1.1209127009020028
off,945.0,35.01689721266625,36.548032159978135,0.7379146277902842
off,946.0,35.01418741538247,36.5490997789287,0.9235545400035667
off,947.0,35.01195709763022,36.547938810327835,0.9716880318248164
off,948.0,35.01057005362713,36.547323816799036,1.3022871269980953
off,949.0,35.00946606990393,36.5470189600959,1.090855232072398
off,950.0,35.00870185772052,36.54528648207675,0.7121342984689261
off,951.0,35.00958476143529,36.543857171787145,0.9148051953506766
off,952.0,35.01190445193405,36.541506552447245,1.3384460081095448
off,953.0,35.014345328072565,36.54022585181608,1.5429228172717608
off,954.0,35.01541658683417,36.539671585787076,1.5020080143787307
off,955.0,35.01497757220494,36.53899757253551,0.6656069683722895
off,956.0,35.014145506385496,36.53849565825542,0.9631433098109857
off,957.0,35.014941457166785,36.53768480811608,1.3206689754001757
off,958.0,35.016344485372976,36.533445070916436,1.6705432373492353
off,959.0,35.01640457082379,36.53210852360262,1.3363576040336602
off,960.0,35.01832652691397,36.532231874659985,1.347091416434587
off,961.0,35.02070727123057,36.532610999884284,1.1993507278297286
off,962.0,35.02600510624405,36.53132796504564,1.5418929336921137
off,963.0,35.0318948160923,36.5297345139706,1.4805943451385195
off,964.0,35.03877561066857,36.52841877818687,1.820309535912881
off,965.0,35.044697485400846,36.52591174184408,1.818770343201103
off,966.0,35.049678903829,36.52380744606737,0.9174887787467807
off,967.0,35.05011181770582,36.52322868533181,2.0378275454244372
off,968.0,35.049143290991076,36.524453178404734,1.691548382986056
off,969.0,35.04690222310441,36.52595652085571,1.365054874411148
off,970.0,35.0486498295592,36.525835795514254,2.0272203338347166
off,971.0,35.047613061280096,36.52468058775885,2.1307234211294355
off,972.0,35.05052413952969,36.52467355881092,2.892959719538547
off,973.0,35.05398791275141,36.523991679801554,2.9066641248895224
off,974.0,35.056890476172235,36.52455417934156,2.002562973640349
off,975.0,35.05938000452307,36.524853457225795,2.209388166491733
off,976.0,35.06313415011804,36.521448689564565,2.0396351977467835
off,977.0,35.06747080740007,36.51976883998857,1.9291455751302453
off,978.0,35.072251086340835,36.51764108491367,2.217874647271209
off,979.0,35.07772821077022,36.51587790071472,1.997904651358418
off,980.0,35.08147255913029,36.5141309272073,1.9345061544930575
off,981.0,35.08397377785312,36.51388556722553,1.8662352731699947
off,982.0,35.08871849237918,36.51280387960037,2.0378135985832446
off,983.0,35.09108656701564,36.51070421516885,1.8965020021378438
off,984.0,35.09208212457845,36.51088900408418,1.8792695121604592
off,985.0,35.093625321436484,36.51011378673687,1.5648200893430286
off,986.0,35.09311592611024,36.509123094178555,1.2481417983269223
off,987.0,35.094658886545645,36.50926074644855,1.449177637707346
off,988.0,35.0980630085864,36.51008746593923,2.307777014823503
off,989.0,35.10420965517809,36.50926044250849,2.2319149774499314
off,990.0,35.107053749617215,36.51024251323055,1.894508910080648
off,991.0,35.110537157899074,36.5112199106639,1.6384906706586824
off,992.0,35.11445639851832,36.5124500034059,1.5326286853744442
off,993.0,35.11996687708037,36.5128845517563,1.590355299300432
off,994.0,35.1261443986485,36.512749139697526,1.8225774175063765
off,995.0,35.1311319575002,36.51102391754232,1.558514261242654
off,996.0,35.13474382829041,36.51021675359406,1.6238651577266412
off,997.0,35.1376478025151,36.51104990875487,1.556374011657475
off,998.0,35.14340901690227,36.51056791459621,2.640689420688177
off,999.0,35.14315508145587,36.510984996030025,1.5660843960180517
off,1000.0,35.14314882513461,36.51289547684703,2.3294191301865927
off,1001.0,35.14284409566955,36.51696078810424,1.773300702252933
off,1002.0,35.141587652730635,36.518304132934425,1.8230805758927315
off,1003.0,35.14008294799266,36.51974640909539,1.9035976422861025
off,1004.0,35.13988499177244,36.52076502540247,1.9224137365334308
off,1005.0,35.143622375565215,36.52024041294214,1.829914248378203
off,1006.0,35.1483697034205,36.51891978024513,1.3076992700082157
off,1007.0,35.15158094264621,36.5176909982206,1.5368801594809822
off,1008.0,35.15656640996437,36.516551805393114,1.6395334878253087
off,1009.0,35.162326268781044,36.51551465740411,1.9581497520122488
off,1010.0,35.16580135842818,36.51577886802465,1.9026405033878553
off,1011.0,35.16826887857107,36.515459808001744,1.8692400238640605
off,1012.0,35.16880898260429,36.51419375902259,1.1590968454646242
off,1013.0,35.1690288318548,36.515455297001,1.5236986261258716
off,1014.0,35.165529941237736,36.51974381412148,1.3686442186278283
off,1015.0,35.163948788886685,36.52346482930904,1.7013660241857942
off,1016.0,35.1594118804302,36.52618323815751,1.3521684755943808
off,1017.0,35.15636291168025,36.52858689283603,0.9020345871659813
off,1018.0,35.15321312553328,36.528607436693605,1.2276963621111066
off,1019.0,35.1533602151764,36.52889921516872,1.8318540950291329
off,1020.0,35.15883897174833,36.52870988067035,2.0764158805884714
off,1021.0,35.162340440749816,36.52536059953348,2.2406949649064236
off,1022.0,35.16604934512133,36.52469744209486,1.764075451009601
off,1023.0,35.16838775959026,36.524646412896665,1.746634947507423
off,1024.0,35.16916260994876,36.524343877798685,1.6977802073122978
off,1025.0,35.16720879704253,36.52430395883351,1.9759361354621903
off,1026.0,35.16269879136877,36.52537722080528,1.8359851777911245
off,1027.0,35.157359227698876,36.52810097098189,1.2492974223447717
off,1028.0,35.151506014040365,36.53080668531659,1.8673413083288626
off,1029.0,35.14615031038949,36.53262193895327,1.574207841711228
off,1030.0,35.14094297794696,36.53528624374955,1.7309800897626335
off,1031.0,35.137532904250655,36.535251485898726,1.262432956840558
off,1032.0,35.138690432397176,36.53388167725958,1.2661552423813487
off,1033.0,35.13735040854048,36.53501443882962,1.7831536658596177
off,1034.0,35.13782316208696,36.53423629852436,1.8154213995147486
off,1035.0,35.13694619529314,36.53499002655062,1.7648754333965693
off,1036.0,35.139880502851796,36.536100821605004,1.7322547248882572
off,1037.0,35.14285273344179,36.53768261032567,1.8948289491482773
off,1038.0,35.14688019914492,36.53723794293392,1.0654823734040049
off,1039.0,35.150952108855726,36.53504627183777,1.842592422039326
off,1040.0,35.15233981149715,36.53544603481509,1.6450257065483975
off,1041.0,35.15474525445678,36.535648761990316,1.6545827498856174
off,1042.0,35.155862527923524,36.533232977842104,1.5835141673791449
off,1043.0,35.15726748604322,36.53266341888217,1.4537763229607414
off,1044.0,35.155448784009806,36.53311171722157,2.1482081992175512
off,1045.0,35.15278629706742,36.534407234185416,1.6240886145211695
off,1046.0,35.150286208107616,36.53471449604919,1.296219368130422
off,1047.0,35.148947072010316,36.5332842477099,2.1077918729839196
off,1048.0,35.14949630188746,36.53088155279341,2.379125712958554
off,1049.0,35.149597480976276,36.53107129044896,1.7919277635414714
off,1050.0,35.14885314607625,36.53233081919129,1.4589149900764469
off,1051.0,35.14814736256903,36.53266957867474,1.6743867602741398
off,1052.0,35.14716992531087,36.531964838667115,1.3886559152644231
off,1053.0,35.1463009016099,36.530873018257104,1.2724486658403247
off,1054.0,35.14489049483391,36.52850997775542,1.3255241747329878
off,1055.0,35.14637845202406,36.52528526331138,1.3884200578876693
off,1056.0,35.1497822629988,36.522163478229764,2.230814398961604
off,1057.0,35.150256343468214,36.52077596314041,0.5346984161648446
off,1058.0,35.15111230380223,36.52052983817606,0.9821019840825271
off,1059.0,35.149177057793,36.52175383654389,1.3436104622696703
off,1060.0,35.147372589388006,36.52400048011254,1.1789931686345998
off,1061.0,35.146254447291355,36.52660905104921,0.8673593063202671
off,1062.0,35.14535511873177,36.529458738822974,0.6467516315327249
off,1063.0,35.14554259626579,36.530882340659055,1.2537748239040245
off,1064.0,35.14740428309532,36.53074350642026,1.720510207601753
off,1065.0,35.1491854349095,36.53071772053979,1.1925400199433882
off,1066.0,35.15110519938134,36.53056723828913,1.0035363428158488
off,1067.0,35.15193848156721,36.531705885221434,1.059358821621407
off,1068.0,35.14925758206588,36.5323064346955,1.4334483725481981
off,1069.0,35.14516489616062,36.53152841543246,1.8092981802979695
off,1070.0,35.14245830123394,36.52917107990735,1.4111430858700094
off,1071.0,35.13783710015358,36.52902692916515,1.2751432179655675
off,1072.0,35.135052171123355,36.528041358648856,0.8828081604455842
off,1073.0,35.13287156291492,36.52945397414199,1.4438680300405906
off,1074.0,35.13117214606611,36.530132771694554,1.3030181361372208
off,1075.0,35.13034427662956,36.530664900890365,0.8178982555499719
off,1076.0,35.13164779702665,36.52894496617674,2.2201498140286366
off,1077.0,35.1329864646697,36.526087150796045,1.8958998280848653
off,1078.0,35.13449129669963,36.523178089804226,1.6891827713557492
off,1079.0,35.13746142723665,36.52014407927171,0.3710262785002906
off,1080.0,35.14231801262239,36.516856729336226,0.8867924533646175
off,1081.0,35.14407851997847,36.51617818863993,0.5728393219587143
off,1082.0,35.14651132551279,36.514826658204804,0.9706512096266612
off,1083.0,35.14792547090672,36.51414981595885,1.0662906603764282
off,1084.0,35.147881315024556,36.512320316780375,1.8857745670898307
off,1085.0,35.149236245015885,36.50960871304618,0.754884581699832
off,1086.0,35.147396029662296,36.51003184065454,1.4437001620669605
off,1087.0,35.14255091913853,36.51098051667409,0.9432820858183839
off,1088.0,35.13811884783163,36.513286341735764,1.6735146904494542
off,1089.0,35.13315183062019,36.51593055015492,1.5209224756637958
off,1090.0,35.12752189390443,36.5187107663656,1.6047366294504517
off,1091.0,35.12470407905241,36.52039261530958,1.0522438006546766
off,1092.0,35.12485579702813,36.51964771320848,1.3727694178847143
off,1093.0,35.123794597584684,36.520196606353764,1.4294400699394672
off,1094.0,35.12362085540504,36.519422322250854,0.7477599042959471
off,1095.0,35.12486664305238,36.51970986146491,1.6612557917125006
off,1096.0,35.12658425324239,36.52159750134904,1.1305544200732607
off,1097.0,35.129873980374505,36.52098731295583,1.0066907596965622
off,1098.0,35.12996908547697,36.52051090652193,0.9736971139823185
off,1099.0,35.130339547043015,36.519604544824624,1.198111006313322
off,1100.0,35.1323766273438,36.52044125117493,0.6954645497710363
off,1101.0,35.134775376463494,36.52192756200766,0.2695499099790463
off,1102.0,35.13938221087687,36.52224545523548,0.990327975533569
off,1103.0,35.14400530409882,36.523562723940955,0.7637902281237192
off,1104.0,35.14667264152403,36.52447766926269,0.7245502776511066
off,1105.0,35.14767122952232,36.52570718290695,0.515078363480982
off,1106.0,35.14755672989724,36.52673401724135,0.9014890139433704
off,1107.0,35.14648396499613,36.527281784252665,1.1647073787908875
off,1108.0,35.1442479835427,36.53002704891802,1.292215720423407
off,1109.0,35.14209656174189,36.53248311095954,0.9996394237017772
off,1110.0,35.138601792397566,36.53325581114684,0.861313241777836
off,1111.0,35.134148865739675,36.53535126751466,0.9657444548588416
off,1112.0,35.132889988163555,36.53563788060105,1.4317429392417225
off,1113.0,35.13208408802846,36.53678482497868,1.1573813827106565
off,1114.0,35.131650165628784,36.53708479034554,1.2401753617051203
off,1115.0,35.13188983614385,36.533921264494566,1.067921124828774
off,1116.0,35.13493393071614,36.53028651316924,1.1873960202168963
off,1117.0,35.13605377288715,36.52971875868715,2.075800492938563
off,1118.0,35.13689558485749,36.52864177524117,1.4866528102399241
off,1119.0,35.13566428279602,36.52983509971035,1.3453563729722096
off,1120.0,35.13412320108723,36.52963893813466,1.7305687251182884
off,1121.0,35.131486964961745,36.52998853605575,0.9082771915079852
off,1122.0,35.129008457392224,36.530175599840085,1.2583504940182295
off,1123.0,35.126443226437395,36.529938703116756,1.2446462752039693
off,1124.0,35.12624592990336,36.52847398385403,1.8533959604061319
off,1125.0,35.12692045244431,36.525885995145664,1.194813145839218
off,1126.0,35.12899604619151,36.52503642539032,1.5241965217577886
off,1127.0,35.134702937722054,36.5221537344069,1.0087642014746836
off,1128.0,35.13868921801308,36.520767892585546,1.6664716675379165
off,1129.0,35.13745648981261,36.51901240167639,0.6452372511477982
off,1130.0,35.13397109260001,36.51808759988564,1.1403358734137972
off,1131.0,35.131210631272424,36.51777208949323,1.357863374267375
off,1132.0,35.127590631014165,36.51774093010421,1.1359707712074796
off,1133.0,35.122621528471704,36.517342684677,1.858683709128214
off,1134.0,35.11760986746147,36.5192824195925,1.0834248936068183
off,1135.0,35.11435869678173,36.52072311012297,1.208326109273039
off,1136.0,35.112234986462624,36.52397306885814,1.5707781714024551
off,1137.0,35.11276639011902,36.52482072754144,0.9599106801883963
off,1138.0,35.11292267998892,36.52266501462137,1.197374026608141
off,1139.0,35.11186470904164,36.52039259910126,1.5175714561477878
off,1140.0,35.11392918768183,36.51846036554165,1.0031890896774898
off,1141.0,35.11552761898242,36.5175703426985,1.4335585886492306
off,1142.0,35.11528131602523,36.51651613212967,1.0337914091307248
off,1143.0,35.11404038926048,36.51616778518252,1.3640529559567982
off,1144.0,35.112134315191895,36.51602571950379,1.377806548047328
off,1145.0,35.11039856171989,36.51677163459346,1.1670812177826517
off,1146.0,35.111535640950805,36.517016191362885,1.6390700701813241
off,1147.0,35.109453325678224,36.51613197397063,1.4216906636445659
off,1148.0,35.10556515121672,36.51655048477398,0.8565811855390304
off,1149.0,35.10731687401371,36.515574651865826,1.2987904556270946
off,1150.0,35.10933659856294,36.51630752071801,1.8669850171456872
off,1151.0,35.11189261117889,36.51587840267174,1.6966243528278886
off,1152.0,35.116907848597656,36.51314728658515,1.1811833320514857
off,1153.0,35.122469853866654,36.51161516395892,1.7396237417876321
off,1154.0,35.13086019873687,36.50905494879132,0.8986255319448011
off,1155.0,35.13816952577972,36.50646195742206,0.6826785088558495
off,1156.0,35.140334085630435,36.50473023098116,1.089984332150435
off,1157.0,35.14435661896067,36.50278189413919,1.179069152271337
off,1158.0,35.144697129853476,36.50239517536657,1.5994260673521015
off,1159.0,35.14501729002685,36.504342822140764,2.1388257994964803
off,1160.0,35.14555617465256,36.50602875782058,1.9835432783875528
off,1161.0,35.14842647332044,36.508686018341116,1.7010642026842147
off,1162.0,35.15230564827754,36.51045965981807,1.6135586537175377
off,1163.0,35.15392429269286,36.509552576121706,1.3468606257261881
off,1164.0,35.157554896631034,36.51086442230683,0.9629385381582881
off,1165.0,35.160781327555355,36.50984460317339,1.5390572723930354
off,1166.0,35.16225231369141,36.50959517635249,1.6124146478049832
off,1167.0,35.16673688289996,36.50884758940396,1.9181988859935009
off,1168.0,35.1734618254588,36.50629404905655,1.5156636394400627
off,1169.0,35.180263555589484,36.503470428783885,1.6536839391274718
off,1170.0,35.18868085008578,36.50136993565454,1.8690667089170057
off,1171.0,35.19306204565425,36.502097539823,1.6833609700610817
off,1172.0,35.19596131103413,36.50507238101734,1.6316463399360446
off,1173.0,35.19552058221963,36.50669299099818,1.430625729001341
off,1174.0,35.193518269400215,36.5090629819859,1.3006646176286936
off,1175.0,35.193969632889704,36.51031268262304,1.4914556034872253
off,1176.0,35.19700477823875,36.50877918278385,1.2435504639347563
off,1177.0,35.20285845490982,36.506698064658714,1.7963782795393741
off,1178.0,35.20743181546084,36.504396942076816,1.4744851899312166
off,1179.0,35.2109872274557,36.502740235270366,1.0981798475562563
off,1180.0,35.21564147488838,36.503317744137206,1.606946273885353
off,1181.0,35.2177650395968,36.503988077302395,1.3119263180798741
off,1182.0,35.216935669732365,36.504126662477404,1.6144331792076203
off,1183.0,35.21873956554203,36.505236360983034,1.787525925555521
off,1184.0,35.21859961756475,36.50773862389779,2.1452345732404563
off,1185.0,35.21816406960495,36.51105625446233,2.172715581788353
off,1186.0,35.22084744822246,36.512943693969476,2.643191739313691
off,1187.0,35.21941156655839,36.51459986264141,1.3651903262791234
off,1188.0,35.2185309564892,36.51413047085328,1.5224920546860563
off,1189.0,35.21657256422337,36.51521722819954,1.6207264898275702
off,1190.0,35.21810191727809,36.51775371036792,2.095277072569104
off,1191.0,35.219006652491764,36.52066339333272,1.5357566737305492
off,1192.0,35.22094075991716,36.52095859378452,1.2462288092350475
off,1193.0,35.22270381953238,36.51992308080103,1.8854850731186645
off,1194.0,35.224522688037766,36.51978245776862,1.2439363653073932
off,1195.0,35.23140099981061,36.51825775675871,1.9814609865117434
off,1196.0,35.23761147027602,36.5167300890153,1.559385659999933
off,1197.0,35.24146771548059,36.51750374773688,1.241137171367149
off,1198.0,35.24312145773785,36.51973709185965,1.359752024034949
off,1199.0,35.24375885287497,36.52285973826798,1.624875947252756
off,1200.0,35.24297358463343,36.52564978399021,1.716930633773536
off,1201.0,35.24068214086769,36.530019857498,1.5701539798611521
off,1202.0,35.23875028461963,36.53081781863582,1.6508047776058585
off,1203.0,35.236297709044074,36.53257053486795,2.1674528643676503
off,1204.0,35.233727800060485,36.53648224927481,1.8170679883009577
off,1205.0,35.23483660526021,36.53785627328674,1.600806289738293
off,1206.0,35.233527774192375,36.539280807697374,1.6046916598345353
off,1207.0,35.2325556851465,36.54189514134453,1.7553652622325306
off,1208.0,35.231436290940714,36.54352564149087,2.8681178359434774
off,1209.0,35.229963948268264,36.544838850087764,1.7678263059083559
off,1210.0,35.2286171169627,36.54569680702879,1.974614988304249
off,1211.0,35.22922861661398,36.544498452222776,1.9475752426807271
off,1212.0,35.23023274556423,36.54373052129946,1.5501674562225358
off,1213.0,35.22892604257147,36.54352337734145,1.6887677358917672
off,1214.0,35.228578256187404,36.5438496942307,2.4644018931975067
off,1215.0,35.23016077364167,36.54351314958911,0.9326156208406018
off,1216.0,35.228288862453454,36.54477554276147,1.6306508262995891
off,1217.0,35.22792562995119,36.546307529505555,1.640985540895206
off,1218.0,35.22755546300368,36.54862974307079,1.5277609841272801
off,1219.0,35.23226479725358,36.55122981884525,1.8446557122391503
off,1220.0,35.2361539384592,36.554624747869475,1.9304273625059998
off,1221.0,35.23861789382233,36.55614856966484,1.8808803725479044
off,1222.0,35.24148018252224,36.5570412981154,1.8277674127646077
off,1223.0,35.24359783753146,36.55690072055352,1.5906395062599397
off,1224.0,35.243255005488976,36.558117459313614,2.342185536034904
off,1225.0,35.24176727153854,36.55988699543033,1.9129015381247183
off,1226.0,35.237650455160946,36.56223329933798,1.973009231478137
off,1227.0,35.2330886290901,36.565225399482756,2.1282638133571625
off,1228.0,35.22799594077244,36.56798337334085,1.7529199869991925
off,1229.0,35.22228029024647,36.567726737997575,1.9422660210745695
off,1230.0,35.21822911949035,36.56805099171091,1.4829374403346627
off,1231.0,35.21441109934634,36.56685920657767,2.2854160181921737
off,1232.0,35.2109229412923,36.566180175408995,2.329104629536866
off,1233.0,35.206993079597204,36.564912213623934,2.564032269274324
off,1234.0,35.20383436112969,36.56420325210337,2.2215461514030044
off,1235.0,35.20161653252827,36.56310950701238,1.7849243332095956
off,1236.0,35.200384068568766,36.56140715620857,1.8265696019893443
off,1237.0,35.198420990131346,36.56006688172884,2.0776466215475233
off,1238.0,35.197873623115775,36.56028821512675,1.988754319707298
off,1239.0,35.19913773976617,36.559479297421134,1.9879506938340628
off,1240.0,35.19990142680305,36.56070081434371,1.4718864665428932
off,1241.0,35.20026395102102,36.56059494926846,1.398454645886597
off,1242.0,35.20268252976225,36.56070204401126,1.1537892907669476
off,1243.0,35.20744426380539,36.560635479144395,1.1875643002515979
off,1244.0,35.21129207296406,36.56095531170796,1.6030333632532932
off,1245.0,35.21601100873201,36.562129163935815,1.8385503110104517
off,1246.0,35.21649438100804,36.56449306700993,1.2685988345717536
off,1247.0,35.216700199482986,36.566419581034225,1.8529830250021608
off,1248.0,35.217463480283214,36.56619857634259,0.9467963115244097
off,1249.0,35.21688447766999,36.56577933866949,1.9934522740206808
off,1250.0,35.215468058187895,36.568256211316246,1.5466638727797641
off,1251.0,35.216995959497275,36.57106505468236,1.5704481505293617
off,1252.0,35.217949042592124,36.573798256916106,1.3169210793007875
off,1253.0,35.21729949992352,36.576429919427646,1.2377080611885565
off,1254.0,35.21939530417683,36.57721584248727,1.0659959609405996
off,1255.0,35.2227302363426,36.576947036888384,1.4292136490145293
off,1256.0,35.22781804345359,36.5744209621993,1.8368813703497366
off,1257.0,35.23255099378155,36.57318180442152,1.3549260825800848
off,1258.0,35.23346250640871,36.57367048918694,1.4898098127019854
off,1259.0,35.2331808163045,36.574332829086124,2.0981118676191617
off,1260.0,35.23253590701833,36.57446250936703,1.252726925820764
off,1261.0,35.23050732050017,36.574487399869845,1.5709751286676
off,1262.0,35.23188283725572,36.5729295369126,1.5450981359132991
off,1263.0,35.23371790832226,36.56971526530799,1.457971661367612
off,1264.0,35.23707556045739,36.56771278772202,1.2560470777140569
off,1265.0,35.24032091782955,36.56382931558154,1.9784826260205444
off,1266.0,35.239989116177895,36.56297131751717,1.4296218534416023
off,1267.0,35.238385318696906,36.56341380672535,1.2138022343507902
off,1268.0,35.23724301467269,36.563498784046566,1.8981452697557735
off,1269.0,35.23422960920698,36.5644360634034,1.1689845797544316
off,1270.0,35.23150401453209,36.56541167535021,1.6897226995606784
off,1271.0,35.228188289864896,36.5658871321021,1.5421431157429217
off,1272.0,35.22412556794842,36.56766207441731,1.1204553240286987
off,1273.0,35.22042117182284,36.569889229989684,1.2483496933215927
off,1274.0,35.2188796261819,36.57049354101509,1.5079646153123525
off,1275.0,35.216771826127115,36.56971847689697,1.293147088586713
off,1276.0,35.21303231669169,36.568730167857446,1.4460788736951626
off,1277.0,35.211688748179625,36.56984565782431,1.4651637808503306
off,1278.0,35.21049841857136,36.56768092537226,1.120573419419242
off,1279.0,35.21015377389447,36.5655338690182,0.7775244112591913
off,1280.0,35.21070172891092,36.56480354736668,1.2413613617571446
off,1281.0,35.21091698991305,36.564755750025554,0.9696513726145585
off,1282.0,35.211985268697575,36.562634047336964,1.1187227158830806
off,1283.0,35.209308732181384,36.560300471610525,1.418581727417203
off,1284.0,35.20694208791099,36.55956613197846,0.9800809711416711
off,1285.0,35.204486048050036,36.56089952742872,1.0142032719079355
off,1286.0,35.200699058281934,36.563798628339065,1.084717676515278
off,1287.0,35.19618116852719,36.56610413094632,0.8248427274418278
off,1288.0,35.19149925531266,36.56609744765676,0.6625098783198767
off,1289.0,35.187344537972116,36.56729933698053,0.5920695717168871
off,1290.0,35.18421949138388,36.56820868184862,0.7547044051915015
off,1291.0,35.17936166689121,36.56792477308323,0.9515965406679776
off,1292.0,35.17657896962639,36.56486637046905,1.1605751512135538
off,1293.0,35.17430908836138,36.56231817115563,0.8340949229894651
off,1294.0,35.172375864776285,36.56152363321235,1.1543067318714724
off,1295.0,35.170252972929056,36.55972471032339,1.044496623257745
off,1296.0,35.16726669440838,36.56057020149054,0.9810603309530186
off,1297.0,35.16487365796466,36.56121844465575,1.066478003879235
off,1298.0,35.16102924635207,36.56272021422539,1.0028058593853175
off,1299.0,35.15783765903174,36.56251007039663,0.5147997948282136
off,1300.0,35.15335168375581,36.56296917229164,1.0325447149952645
off,1301.0,35.14953818008434,36.56042099953083,1.1372479219239184
off,1302.0,35.146619110882526,36.559993591754086,0.16999152638576692
off,1303.0,35.14634726463793,36.55893749206966,0.49422841680773366
off,1304.0,35.14779888882963,36.55695996834792,0.5544333999598846
off,1305.0,35.14951960319271,36.55463065311976,0.5045281059897531
off,1306.0,35.14668355525066,36.55421518979721,0.049474730620420286
off,1307.0,35.143854138911436,36.55635512074188,0.5190637357658204
off,1308.0,35.14140214535056,36.557579457129854,0.6902594057756272
off,1309.0,35.140602549637634,36.5568593792629,0.8495529267565092
off,1310.0,35.14085327254678,36.5578732422207,0.5532797673120963
off,1311.0,35.13941190574237,36.55944226904928,0.6010161127649424
off,1312.0,35.13814737643622,36.55974608914692,1.0749860447751711
off,1313.0,35.13923493166998,36.56118985967736,0.48313860058912156
off,1314.0,35.141048071164334,36.56140808092627,0.7552419972251304
off,1315.0,35.14428632020864,36.56329245588389,0.5900767746522775
off,1316.0,35.14733811888388,36.56377914923199,0.385573007482292
off,1317.0,35.15090250452071,36.56291003325188,0.45329437724586685
off,1318.0,35.156067999625115,36.56115945993707,0.26367473402550856
off,1319.0,35.16437800161568,36.55744246924334,0.7134949840432686
off,1320.0,35.17270434969706,36.55354436377854,0.722591039597531
off,1321.0,35.18007904098227,36.55288604922543,0.4939371667519067
off,1322.0,35.18430623974699,36.552872587193555,0.535721043613737
off,1323.0,35.18651516869784,36.553238750918815,0.566744733792261
off,1324.0,35.18504477092216,36.55513770504624,1.1977737300977456
off,1325.0,35.183755552523884,36.55784500433336,1.100244916039005
off,1326.0,35.18155199086043,36.55893496712584,1.4305028893444365
off,1327.0,35.17820063069129,36.55740058102753,0.9046660752677596
off,1328.0,35.17715296094427,36.55608940003958,0.8567412667623535
off,1329.0,35.176822659047104,36.55556433422057,1.2046711984790868
off,1330.0,35.17723293126033,36.55358725638772,0.9648947234438287
off,1331.0,35.17689904735342,36.55263252507687,1.4087395041026785
off,1332.0,35.172640626971486,36.55363309898579,1.5073126211211663
off,1333.0,35.16943251786942,36.55397159752354,1.011289081900921
off,1334.0,35.16576440103221,36.55509343012858,1.3186005416125428
off,1335.0,35.167594276177084,36.55426350342709,1.0356353294793947
off,1336.0,35.16675635271427,36.5533269239608,0.9623801572295235
off,1337.0,35.16758253550464,36.55311012168952,0.8397456657512257
off,1338.0,35.169514213743284,36.552604011425544,1.0757812901338204
off,1339.0,35.168675635113225,36.55359907178436,1.6241036523656414
off,1340.0,35.16822328340194,36.5533925899015,1.5824902151663214
off,1341.0,35.168341060176,36.552220292122016,2.0298996496692823
off,1342.0,35.16752140991903,36.55208448132535,0.9385494166480715
off,1343.0,35.163473699617384,36.55344060195391,0.8416728375753177
off,1344.0,35.16195277416404,36.554001961361195,0.8762884043224555
off,1345.0,35.162269376675106,36.55397942658429,1.2870177173083683
off,1346.0,35.16354757311108,36.554848862422574,0.8279306456909777
off,1347.0,35.16558578906131,36.554934792408055,1.001829658357329
off,1348.0,35.165856829562316,36.554054334782364,1.8925990831598285
off,1349.0,35.16617631022065,36.55266771032143,1.0101492094720486
off,1350.0,35.16265648122047,36.5521970677875,1.0037522455903556
off,1351.0,35.15774191382993,36.552404421743944,0.8541512824842155
off,1352.0,35.15466721301974,36.55398312243096,0.8677822670824865
off,1353.0,35.153775054923315,36.554461362238136,1.2312683132894342
off,1354.0,35.15388399833109,36.554188404654965,1.256484152784644
off,1355.0,35.1536642352497,36.55288916815561,1.032394848972478
off,1356.0,35.15233498832653,36.55104541243362,1.2186336308269816
off,1357.0,35.150442980600985,36.55173093947419,1.1216721677906547
off,1358.0,35.14833500491769,36.55200636124167,1.8114579708399547
off,1359.0,35.14453547347409,36.55150587005777,1.7086735706338025
off,1360.0,35.14288069025198,36.55168061270107,1.912163732350157
off,1361.0,35.14190773608978,36.55049641022353,1.64800221638078
off,1362.0,35.14136981160327,36.551098577004616,1.0438415969340262
off,1363.0,35.14302915102477,36.55287270757681,1.609242745376096
off,1364.0,35.14216425434119,36.553689726781506,0.6336777122139988
off,1365.0,35.14153999506708,36.554125228583295,1.382631232834009
off,1366.0,35.13951469068668,36.55610276893087,1.3326751018664322
off,1367.0,35.13897431073221,36.557385275587094,1.274694119278708
off,1368.0,35.139333709165655,36.55825663681602,1.2000276620889956
off,1369.0,35.14185493086129,36.559175200247516,1.5658215436426748
off,1370.0,35.14538190536072,36.55831488420626,2.1768904236747852
off,1371.0,35.14891474321789,36.55757161801801,1.7711862931257936
off,1372.0,35.14811894790987,36.55807447843487,1.6418191709801668
off,1373.0,35.14897749852435,36.55791310663885,1.342811100432582
off,1374.0,35.14886994970511,36.55820070425228,2.116405890821204
off,1375.0,35.14675969675156,36.560515798570265,1.4113548639095053
off,1376.0,35.14466909164712,36.5626588738318,2.0939400295255988
off,1377.0,35.14220963194204,36.564116431735826,1.917577121439904
off,1378.0,35.13839972983547,36.56511418933014,2.2502920762552736
off,1379.0,35.134249164658534,36.56353596406721,1.4964401191717336
off,1380.0,35.132050920349236,36.561112595541815,2.51771254572431
off,1381.0,35.12766553460409,36.55962338977932,2.3655474770309164
off,1382.0,35.12494822443982,36.5578614538174,1.8898617264732538
off,1383.0,35.12318070955907,36.55747635375678,1.2863830775162781
off,1384.0,35.121164889440394,36.55814105659341,1.169527612871923
off,1385.0,35.12018214946179,36.5574896812066,2.0198612527494104
off,1386.0,35.11836119974855,36.556827510510544,3.3376931132443257
off,1387.0,35.11651947174241,36.55563909424817,2.0544970006044516
off,1388.0,35.11590064923449,36.555856247972116,2.241882865369939
off,1389.0,35.11652226536083,36.55331530665367,2.1217943576371687
off,1390.0,35.11665637078335,36.55407685967198,1.8443281435873997
off,1391.0,35.115934349692374,36.55550758723017,2.2057715185530693
off,1392.0,35.114076502697564,36.556665994653606,1.7849127646475644
off,1393.0,35.1123059475666,36.556664280192685,2.0208349967848536
off,1394.0,35.11277296763435,36.55636958417974,2.1809888560958592
off,1395.0,35.11212256624125,36.55558721665174,1.803773173742807
off,1396.0,35.11249829830292,36.556308139920105,2.0106509939136057
off,1397.0,35.11049824369532,36.55750324877583,1.4627869282191486
off,1398.0,35.107753040413336,36.55968367170679,1.3101335643601475
off,1399.0,35.1064501245686,36.563144327413,1.7935490095628004
off,1400.0,35.10437037986275,36.564394181638136,1.5419217730891979
off,1401.0,35.10196384974376,36.56545808196901,1.9876209155041515
off,1402.0,35.09969684968759,36.56810741555226,2.006373434499676
off,1403.0,35.09805233054301,36.56861584028576,1.4476745721324606
off,1404.0,35.096866644766635,36.5661187246918,1.8901743822465762
off,1405.0,35.093481226422405,36.56524126533909,1.956035830234452
off,1406.0,35.09262442804681,36.56750329068113,1.3019045048278177
off,1407.0,35.094803015217686,36.56714819783075,2.1515594079420213
off,1408.0,35.09468733204667,36.563526578080236,1.6525992145767268
off,1409.0,35.09634157106096,36.56222568260471,2.209722166231
off,1410.0,35.099162576073496,36.56081362058692,1.5919623822943492
off,1411.0,35.101567320057654,36.56160777254069,1.6315223241009345
off,1412.0,35.10354491018365,36.563536179516035,1.469778691978326
off,1413.0,35.104488133788564,36.56358059892556,1.9957054564306071
off,1414.0,35.10436504967495,36.56263031252247,1.040156946325863
off,1415.0,35.10490164509585,36.56356806678285,1.2427074126467363
off,1416.0,35.10558050466581,36.56422540435104,1.654637602270054
off,1417.0,35.1047628605824,36.56354855900662,2.0434681816174876
off,1418.0,35.10163250438559,36.5640665157467,1.8298508801134128
off,1419.0,35.09738342569789,36.565409387426186,2.505792363459682
off,1420.0,35.095273995336676,36.564028597592014,1.9857886861241874
off,1421.0,35.0933929655203,36.56285575077893,1.827362303939491
off,1422.0,35.089945230643934,36.56233703317205,1.4446710278786483
off,1423.0,35.08726712141974,36.56381809382854,1.7185628788138694
off,1424.0,35.08149237389409,36.567628426290106,1.5841377871318847
off,1425.0,35.07693133448627,36.570698586434965,2.093589568805871
off,1426.0,35.06974440699779,36.57170457730484,1.7040887339428945
off,1427.0,35.066294349076365,36.56911299476614,1.2138951101410416
off,1428.0,35.06301316434776,36.56452480277207,2.0082780861911775
off,1429.0,35.059014056403896,36.56201314475596,1.7755147374170237
off,1430.0,35.055109725534784,36.56106202640414,1.571866239382775
off,1431.0,35.05288510173497,36.55906548497278,2.038864957247446
off,1432.0,35.052746727210604,36.55661355146825,1.8149013482341505
off,1433.0,35.05089518378085,36.55603782024162,2.0350876599471266
off,1434.0,35.0485581869043,36.55626463093606,2.0522420621689115
off,1435.0,35.04977618032771,36.55466215513691,1.5660512027218938
off,1436.0,35.04705357294293,36.55564749696062,1.5112192903746553
off,1437.0,35.04451794047133,36.55656465645661,1.3316800205035904
off,1438.0,35.04405176496426,36.556768907907255,1.1573736261320158
off,1439.0,35.042739718611465,36.55885846660463,1.4773069138090977
off,1440.0,35.04424461522035,36.55852601107219,1.2231372027646694
off,1441.0,35.04522689444672,36.55831435099456,0.7156528139845781
off,1442.0,35.04714056511512,36.55672872856396,0.6772638864415264
off,1443.0,35.04853440088499,36.55490868757003,1.0100283889853747
off,1444.0,35.05086099748923,36.55256262657116,1.6001749153254337
off,1445.0,35.05364564187105,36.552083213307306,1.50336949137004
off,1446.0,35.05467409812228,36.55223017024154,0.9791188247044006
off,1447.0,35.05470982604124,36.55435799008515,1.4604210430967557
off,1448.0,35.05549084794017,36.55678364369483,0.8699077973077117
off,1449.0,35.05781932887935,36.557966492160446,1.4794520674838125
off,1450.0,35.05976158663684,36.55697353928533,0.8661394553016541
off,1451.0,35.062229721182774,36.55581122553632,0.900631542686823
off,1452.0,35.06418397636724,36.555944680459106,1.3327835083253432
off,1453.0,35.0646784842688,36.55562722906246,1.0583938351264415
off,1454.0,35.063360373601085,36.55640596476893,1.0642556584521372
off,1455.0,35.06180256795498,36.55704126833887,0.8345550743850774
off,1456.0,35.060839309323974,36.55886265644915,1.0686581584341572
off,1457.0,35.06064155148635,36.5613289123184,1.2059794202506138
off,1458.0,35.0609786410718,36.56113686236377,1.040704751495589
off,1459.0,35.064589609721516,36.55915073193618,1.2465554794964429
off,1460.0,35.06705689419141,36.555773613291954,1.695472598349443
off,1461.0,35.070123979660906,36.553375822491915,1.246538768342686
off,1462.0,35.07065351349252,36.55350696365772,1.3593911071209916
off,1463.0,35.07004012261136,36.553429224914545,1.4610309816967106
off,1464.0,35.06935007049131,36.55270648456729,0.7100821865920486
off,1465.0,35.06908290002265,36.55170432962219,0.6449980515541429
off,1466.0,35.069709535351855,36.552912158068374,1.0389620367609884
off,1467.0,35.06687624763365,36.55324596406252,0.7470038134822614
off,1468.0,35.06803688448484,36.55377981739035,0.9578668182005177
off,1469.0,35.06608476953085,36.55739655344311,1.0432018928583662
off,1470.0,35.06357689573158,36.5588464151917,1.320115782511058
off,1471.0,35.06165527851775,36.55872933207033,1.557026778771026
off,1472.0,35.059258815915776,36.55756060096772,1.5826306234706293
off,1473.0,35.05737522695905,36.55642047279644,1.8608768173398493
off,1474.0,35.05806607112327,36.55555228407709,1.4782877662238385
off,1475.0,35.05866824514651,36.55342098662001,1.3894137911773068
off,1476.0,35.05633321290766,36.552069194648844,1.0227329748621325
off,1477.0,35.05656680487375,36.55161014345513,0.7704616717163464
off,1478.0,35.05815654156678,36.55061335248984,1.4305130319948516
off,1479.0,35.05929593803958,36.55227527867138,1.263946113300307
off,1480.0,35.059641534804726,36.55181132775507,1.851361100671446
off,1481.0,35.060277833920814,36.55055878181777,1.2969145178572645
off,1482.0,35.060832365012715,36.54980699946833,1.439726896539326
off,1483.0,35.05994888418407,36.55053260765647,1.720959934843499
off,1484.0,35.05834563731415,36.55092993640878,1.4780541740691524
off,1485.0,35.057021881561425,36.55073580677464,1.7870302784894372
off,1486.0,35.05677495160723,36.55052078005596,1.788435380951182
off,1487.0,35.05764467359237,36.550394344353506,1.8551520837871656
off,1488.0,35.06130038794474,36.548721039069605,1.9961728935681577
off,1489.0,35.06472082092722,36.54817742762016,1.6784353143817108
off,1490.0,35.0651800589807,36.546689079302915,2.2584104795588207
off,1491.0,35.06549529121743,36.545623997863416,2.323825828255562
off,1492.0,35.06823156754735,36.54227896129019,2.1486016507788417
off,1493.0,35.069497206445085,36.54321610708815,2.095058473415063
off,1494.0,35.07303174072032,36.5435656869485,1.7530363852609876
off,1495.0,35.07740468581024,36.54359298812396,1.988379670377221
off,1496.0,35.08192950453632,36.543739781072375,2.312213834911794
off,1497.0,35.08445316465707,36.54368086649621,1.8088469651315662
off,1498.0,35.08730773825276,36.54493633557387,2.3502058867714593
off,1499.0,35.0894116088141,36.54682865898086,2.3109597541827673
off,1500.0,35.09219296083115,36.547720893931654,2.186012559786353
off,1501.0,35.096718129983856,36.547555428686934,2.2169183304330544
off,1502.0,35.100586985699174,36.5468759579095,1.9054494723473114
off,1503.0,35.1026229330077,36.547559582241696,2.0331352048315545
off,1504.0,35.103141423269484,36.550105304169264,1.7480840781933888
off,1505.0,35.10434059617203,36.551694442425365,3.0685254698917825
off,1506.0,35.10397962653984,36.55292484353318,2.3636566478832877
off,1507.0,35.10623210392213,36.553836021265276,2.728429842779901
off,1508.0,35.10734769470339,36.55386575236338,2.255493575927034
off,1509.0,35.10466907544389,36.555786526973456,3.0762580158011668
off,1510.0,35.10374383666236,36.558414466369264,2.1485801586938535
off,1511.0,35.10466145504489,36.55846739295113,2.117339399089536
off,1512.0,35.10947709271942,36.55753032801164,1.9164358798003767
off,1513.0,35.111978665384335,36.556049424875376,1.8682138610161179
off,1514.0,35.11395286137161,36.55605197347341,1.7386073600869834
off,1515.0,35.118189214795585,36.555037886084,2.47746731944566
off,1516.0,35.12262676147807,36.55457340160412,2.209049738861805
off,1517.0,35.12523513757503,36.55589555832256,2.0058604925905015
off,1518.0,35.12446548933638,36.557164578544835,2.17376087011705
off,1519.0,35.123890508109376,36.55744825595296,2.46229724659611
off,1520.0,35.124364321168315,36.55789159157209,1.9936601893940513
off,1521.0,35.12386857003854,36.560175907795575,2.8978129597538054
off,1522.0,35.1236620309821,36.562507608764726,2.8236765858750186
off,1523.0,35.12397575602264,36.564527745217276,2.3587839200636305
off,1524.0,35.123579444793904,36.56675348177774,2.3531585589462947
off,1525.0,35.125398141956076,36.56889419909917,2.7608046021236134
off,1526.0,35.12843277906148,36.57034089071874,2.45241903845974
off,1527.0,35.130566318468325,36.57112831289872,2.2356805279787064
off,1528.0,35.131164203217594,36.571395514583635,2.2584012475501742
off,1529.0,35.132339855390796,36.572101311485795,2.0356069227997344
off,1530.0,35.134656832118885,36.57265551559574,2.393959259315892
off,1531.0,35.14010370261058,36.57356021889283,2.5152785380693263
off,1532.0,35.14338637415252,36.5731696180784,2.219728572185723
off,1533.0,35.14784546314181,36.57358335093606,1.8585123101886951
off,1534.0,35.15216108508407,36.57478784877334,2.3626845650590087
off,1535.0,35.158335890654456,36.57478862896465,2.3066006349661095
off,1536.0,35.16489730391309,36.576337156817985,2.9918311461930505
off,1537.0,35.17085669724038,36.57516293255449,3.1931554356770517
off,1538.0,35.174159314793734,36.57469460090323,3.0202300943597344
off,1539.0,35.17433847295014,36.57540212960038,2.772961119136012
off,1540.0,35.1744687906814,36.57551791273558,2.9895722232793576
off,1541.0,35.17511465044425,36.57515560186481,2.7495837295350807
off,1542.0,35.17427649344733,36.574748795288265,3.176356590976103
off,1543.0,35.17341129153211,36.5766991929376,2.477659178503366
off,1544.0,35.17287813706888,36.57672070522758,3.0417770161422872
off,1545.0,35.17085964795143,36.57431785190492,1.895620926796337
off,1546.0,35.16831536267664,36.57188466714313,2.279408479266349
off,1547.0,35.16680793488129,36.572124206533694,2.406351615351698
off,1548.0,35.16462992500363,36.572546228551424,2.3196562930735425
off,1549.0,35.16156970142596,36.573933912269155,1.9752702654155847
off,1550.0,35.158715068656356,36.574334323787326,2.004099823614294
off,1551.0,35.15734829889602,36.573801494740664,2.248960445584554
off,1552.0,35.15629256838754,36.57382788648537,2.3850178957629833
off,1553.0,35.15494745905371,36.57465367360556,2.2486344267308107
off,1554.0,35.152839390471456,36.57330501833775,2.9473054082781607
off,1555.0,35.148625668477166,36.573423407466045,2.448273112521348
off,1556.0,35.144156263968526,36.573137466808845,2.5572058552413632
off,1557.0,35.140811938445694,36.57460017964256,2.5261916802864604
off,1558.0,35.13763831247665,36.576003888792854,2.87499354249599
off,1559.0,35.13208103556356,36.576029246605636,2.34887921715065
off,1560.0,35.12549855140645,36.57479363140828,2.631904128229337
off,1561.0,35.11967001503314,36.57134221953381,2.936369888404643
off,1562.0,35.11571827182039,36.56929408165381,2.7312833659259956
off,1563.0,35.112692514980864,36.56778068477003,2.8324342200429484
off,1564.0,35.109269722277304,36.566170241954985,2.6333952935209046
off,1565.0,35.10627980222439,36.56496842140592,2.1338103922473
off,1566.0,35.104147142300256,36.565299037552805,2.074009030307311
off,1567.0,35.10320133163008,36.56738762595465,1.9811040137832832
off,1568.0,35.103930970030405,36.569461858424795,1.9580453820536659
off,1569.0,35.10309767501265,36.568645649405354,2.340588793366037
off,1570.0,35.10152066027603,36.56702745810084,1.85768053911994
off,1571.0,35.101230463528566,36.56779728236355,2.291010876839331
off,1572.0,35.1004861924503,36.56777388557354,2.202828828695756
off,1573.0,35.097632025435836,36.568027437766254,2.237769562115635
off,1574.0,35.095909760020554,36.56635320308477,1.6687641153121966
off,1575.0,35.09443753462371,36.56590113365415,1.7147521766746412
off,1576.0,35.0933973368943,36.5652330587338,1.7790050933982449
off,1577.0,35.0929803154625,36.56499114453677,1.6811459242905993
off,1578.0,35.09368356039071,36.565121991863286,1.2645854176903466
off,1579.0,35.096547999772184,36.56322481684413,1.4657261955134484
off,1580.0,35.0993346310146,36.56216976828414,1.4344345259301094
off,1581.0,35.10113791194077,36.561052855585736,1.9268228044459503
off,1582.0,35.10128646983432,36.56192710397292,2.43100324093151
off,1583.0,35.101349315659064,36.56206356607915,1.999027659779581
off,1584.0,35.10165049335831,36.56126635898748,1.472683256809197
off,1585.0,35.10061953157863,36.56117981320159,1.2610451782292074
off,1586.0,35.09934493432008,36.562185910261235,1.118387118776957
off,1587.0,35.09800156885908,36.56145925699507,1.3471426134111173
off,1588.0,35.09659774402325,36.560911444895645,1.6005356519328564
off,1589.0,35.09699819522659,36.56016701254031,1.9662373365086134
off,1590.0,35.098319823810776,36.560670333192554,1.3173165651565177
off,1591.0,35.099153172872896,36.560617344630465,1.291435260543292
off,1592.0,35.0989300907968,36.559628711797515,1.2856793618401143
off,1593.0,35.09752459934488,36.55995992179535,1.464515940252955
off,1594.0,35.09648162952401,36.56007277885476,0.9345281772656178
off,1595.0,35.09607477436296,36.56020103321895,1.5460743854010075
off,1596.0,35.097352063815435,36.56107653280232,0.8098979443722627
off,1597.0,35.09529899365174,36.561136960899404,1.6713793280163594
off,1598.0,35.09279814405008,36.561934618696995,1.7158414399803412
off,1599.0,35.09220756502582,36.560351781959056,1.6798083680471705
off,1600.0,35.091321530889296,36.5586087215569,1.4224122074655843
off,1601.0,35.092120895288474,36.55576968624326,1.471551862130026
off,1602.0,35.09325853024179,36.55235639250564,1.7460687139828976
off,1603.0,35.09622369740516,36.54981528610786,1.0695170620584626
off,1604.0,35.09729231630674,36.54856527438946,1.4435031222138504
off,1605.0,35.096801947353164,36.54757073566581,1.4976039945797326
off,1606.0,35.09911360441666,36.54829342060802,1.4182518724440398
off,1607.0,35.10190876217743,36.54597797419412,1.639192699174704
off,1608.0,35.103800919880754,36.54702775511596,1.903276876737983
off,1609.0,35.10506156659153,36.549349494071876,2.0860514970299713
off,1610.0,35.10483355849171,36.54971975551644,2.161914032357253
off,1611.0,35.103601653577854,36.55251667412611,2.5553938749351772
off,1612.0,35.10162161086492,36.554334379766445,2.338684038226315
off,1613.0,35.09940198611177,36.55534691969169,2.0917675594155667
off,1614.0,35.09699193123405,36.55744974959531,1.8024817689395807
off,1615.0,35.09525420564512,36.557473517351255,1.5767415613325806
off,1616.0,35.092976246698086,36.55642852033517,1.9365626216812797
off,1617.0,35.09166198762071,36.556009939920784,1.189336316288756
off,1618.0,35.092264954066195,36.55776198236757,1.6774197573731722
off,1619.0,35.092539436995594,36.558545838777206,1.847799373057983
off,1620.0,35.09205274175853,36.559966850723,2.5258163692435662
off,1621.0,35.09079719668051,36.56094411134492,2.317795576831709
off,1622.0,35.09057441528475,36.56068570441525,2.1244415438771718
off,1623.0,35.09165911898911,36.5611336345294,2.3046350666675295
off,1624.0,35.09219721232468,36.56408477612601,2.152920908210401
off,1625.0,35.09289560749648,36.56663567159385,1.3445922500193088
off,1626.0,35.093911900786395,36.56915535374995,2.155191478841421
off,1627.0,35.092430321887825,36.57122580509025,2.305285030454004
off,1628.0,35.091616795684,36.57226872741726,1.8065999101701689
off,1629.0,35.08968483957108,36.57221906204401,1.9886523170596515
off,1630.0,35.08689470411049,36.574194420461914,2.430098255442058
off,1631.0,35.08337821757167,36.5755191609841,1.7476701651794138
off,1632.0,35.08102550635308,36.577089550918096,1.2432052862650695
off,1633.0,35.07884396604714,36.57655965523258,1.5517867075897767
off,1634.0,35.07698938113244,36.57623413067052,1.1056481031900636
off,1635.0,35.07513596445918,36.577771365634575,1.4836553237739647
off,1636.0,35.07384516894744,36.57892474619571,2.1221473822919865
off,1637.0,35.072527206190315,36.57780147670615,1.5079207819525282
off,1638.0,35.072811789132246,36.57472067299927,1.9503735643532738
off,1639.0,35.072309861044346,36.57324400421762,2.5125123926604784
off,1640.0,35.073259736393574,36.57117461894864,1.8335055447133608
off,1641.0,35.07480847689424,36.57013512317025,1.9127151844523795
off,1642.0,35.077132247719625,36.56957578277617,1.7416810357105468
off,1643.0,35.081058268237,36.567911047612,2.181635368226428
off,1644.0,35.08454846446829,36.56605452824989,1.4962033629628309
off,1645.0,35.08696544762064,36.56522402911837,1.685249330737769
off,1646.0,35.08917833978555,36.56449970688559,1.7457644281719307
off,1647.0,35.08982722201132,36.56370161862712,2.462213147299143
off,1648.0,35.089658939822556,36.56446151462552,1.7910896484861465
off,1649.0,35.0886024226101,36.56396959751363,2.2032938937122024
off,1650.0,35.088288571165,36.56339988004079,2.449051288461113
off,1651.0,35.085064914321286,36.56268124189933,2.7093296808171283
off,1652.0,35.08318478798607,36.56300050439692,2.09944596643271
off,1653.0,35.081682370696136,36.56188240926155,2.7105095290088324
off,1654.0,35.07905424278854,36.561469463249594,2.108131242151268
off,1655.0,35.07863216141857,36.56220404620191,1.5950177256733384
off,1656.0,35.078758119073676,36.56165301003291,2.243722620665026
off,1657.0,35.07994088283882,36.56136605475266,1.753358469919105
off,1658.0,35.081019369462986,36.562863497831444,2.0464264049910743
off,1659.0,35.08159830584641,36.56290737392198,1.4350760833102294
off,1660.0,35.08116900582912,36.56290416127143,2.057551559825824
off,1661.0,35.07838044775823,36.5647568325716,1.4846458925515422
off,1662.0,35.076604334746705,36.56655437373484,1.906240716568039
off,1663.0,35.073748878088644,36.56639528582298,1.837152118238224
off,1664.0,35.07036797812646,36.566388271521596,2.067001485086199
off,1665.0,35.067276730945096,36.564283615477834,2.9185378500897032
off,1666.0,35.0636256835432,36.565156851372194,2.8065067169574776
off,1667.0,35.059341979501475,36.56534815293496,2.9113566598449965
off,1668.0,35.0577869080411,36.56560997817997,2.0665893765224155
off,1669.0,35.05668397218924,36.563752744445274,1.787925857303164
off,1670.0,35.055535439233076,36.564515778934826,2.676712540082068
off,1671.0,35.053762662524456,36.56472117628866,2.031346305531975
off,1672.0,35.053171052578236,36.565223220105366,2.671787469647669
off,1673.0,35.05390895258431,36.565201410934115,1.7499118926094654
off,1674.0,35.05149350017276,36.56601954336711,2.549606562759662
off,1675.0,35.04991775044174,36.56572624671765,2.203362028955441
off,1676.0,35.046478196485936,36.56586006117421,1.9044824605841089
off,1677.0,35.044565614717804,36.566761749005735,1.5372744299935313
off,1678.0,35.04261368306526,36.566927372850806,1.555410822197145
off,1679.0,35.04204470212701,36.56672170631941,1.6014538078640204
off,1680.0,35.041526025411855,36.56557668281745,1.154801789734307
off,1681.0,35.04338603425158,36.56551529577473,1.732749639796998
off,1682.0,35.04621702937766,36.565276973331706,1.406171612012315
off,1683.0,35.04886048396267,36.56575197757824,1.3585492443394362
off,1684.0,35.05137283734519,36.565651738347086,1.5294175028860049
off,1685.0,35.054193168400865,36.566161714786844,1.5827645782997029
off,1686.0,35.05502466812515,36.56964475531434,1.6918605804000268
off,1687.0,35.052411778990326,36.57071367246894,1.3490879647897125
off,1688.0,35.04769969648974,36.57110506282854,1.9417119219982757
off,1689.0,35.04397202803831,36.571789149005056,1.8679249796560577
off,1690.0,35.04074502623318,36.57059109652502,2.053015493276535
off,1691.0,35.038676270622425,36.568528435407295,1.7741760123924855
off,1692.0,35.03608981886683,36.567899621450884,1.8741519746558712
off,1693.0,35.032555691948,36.567010710888574,2.0162224831908135
off,1694.0,35.029349926702345,36.56616956050458,2.466054805764453
off,1695.0,35.026803369128494,36.563203505535256,2.117732938023594
off,1696.0,35.02757860217791,36.56045655488945,1.6516528978930674
off,1697.0,35.030396921283604,36.55764461619795,1.1739912339921488
off,1698.0,35.03211896820873,36.556069100147056,2.0656034905893224
off,1699.0,35.0343445670626,36.556402022448374,1.0665639701256964
off,1700.0,35.038693229515836,36.55775781268136,1.876048465447064
off,1701.0,35.04490996981409,36.557284046393946,1.8904217303892477
off,1702.0,35.04730081560999,36.55714402929353,1.7874659400803765
off,1703.0,35.04948954591392,36.556717216733595,1.392367436698652
off,1704.0,35.04938754653493,36.557003909593654,1.123782659231779
off,1705.0,35.048317287468805,36.55869082100741,2.1853368266728554
off,1706.0,35.047376769051844,36.56058641513867,1.6164558052464977
off,1707.0,35.04660260566161,36.56110528221857,1.3626176782185337
off,1708.0,35.04346390897914,36.56248994130143,1.7488579469249461
off,1709.0,35.04023658176719,36.56422589049171,2.12896804943623
off,1710.0,35.03893531019732,36.56346322888965,1.5137466611851758
off,1711.0,35.03905528767171,36.56239434182023,1.990444476790751
off,1712.0,35.03709899720136,36.56137533502752,1.3531871970496718
off,1713.0,35.03599483523733,36.5617473993888,1.1553959685817539
off,1714.0,35.03749398027062,36.56186318890929,1.7404131426130571
off,1715.0,35.039599948050544,36.56025363145249,1.853726133359948
off,1716.0,35.045170002993814,36.55551523664811,1.47739977965094
off,1717.0,35.05088190034918,36.551025647203495,1.8467864209644738
off,1718.0,35.054908098447136,36.54888330927668,1.2287733793384819
off,1719.0,35.05972784672707,36.546410576554635,1.773945562704164
off,1720.0,35.06157221100151,36.54574511798197,2.463533081774612
off,1721.0,35.06272509812125,36.546119140244194,1.921872959262365
off,1722.0,35.0640862498847,36.54751801206046,1.4754896646941251
off,1723.0,35.06331467956353,36.547705977783686,1.8982365948535271
off,1724.0,35.05979370347396,36.54989606781155,1.8519258571675634
off,1725.0,35.056063218034126,36.55271711961243,1.7676589927049546
off,1726.0,35.052562569447794,36.55554504821409,1.4589465647016753
off,1727.0,35.05174323017381,36.556137169014754,2.141470247575365
off,1728.0,35.053379581448844,36.556367025282334,2.107145610893065
off,1729.0,35.058018019984935,36.5549986728206,1.4771541100159908
off,1730.0,35.06348262975426,36.55476840486549,1.9910383309136666
off,1731.0,35.07251818489899,36.5529970008806,2.06623522852622
off,1732.0,35.079695462168345,36.549298183805725,2.103569790931566
off,1733.0,35.08284638394185,36.54821149032137,2.615684618804128
off,1734.0,35.082164583921774,36.54838326253621,1.4903254357983933
off,1735.0,35.079282634303354,36.54823666657218,2.1213763738553437
off,1736.0,35.075186942805715,36.547707770002646,1.8038127079511648
off,1737.0,35.06962669583894,36.54986437758263,1.5525477040657822
off,1738.0,35.06614036910214,36.55167660297361,2.38580557065878
off,1739.0,35.06193825007874,36.55463286269735,2.227138505720492
off,1740.0,35.06008289536793,36.55456469634105,1.4324783866156319
off,1741.0,35.05932990992849,36.555133074373906,1.8677351060192253
off,1742.0,35.05937947282631,36.55331009075726,2.1737240266735824
off,1743.0,35.05975660958854,36.55113048107163,1.87048831298831
off,1744.0,35.060805820352385,36.54968941791151,2.24498752467699
off,1745.0,35.06007398499975,36.549642843570176,1.5643801149869279
off,1746.0,35.05686857889346,36.550543995300615,2.2662143989445784
off,1747.0,35.05230473987603,36.54962367053365,1.8915536136169706
off,1748.0,35.04841543374807,36.54915057717932,2.576626306961595
off,1749.0,35.04299172275967,36.549215563155784,2.81582748051121
off,1750.0,35.038017408672914,36.5504848123214,2.161028569301819
off,1751.0,35.03444386992566,36.54948969761339,2.0689177740936664
off,1752.0,35.03102014600811,36.547538074473245,2.3770420994257493
off,1753.0,35.02855151226391,36.54603655857543,1.6036722489949429
off,1754.0,35.02746102527515,36.54451815956368,1.5092392802385857
off,1755.0,35.02930834807368,36.545145761217846,1.89022700198489
off,1756.0,35.03147709727046,36.545879605692896,1.4947787981241119
off,1757.0,35.034740988557935,36.54634828551667,1.6723451607266522
off,1758.0,35.03636831844994,36.547966812993664,2.0418883196302233
off,1759.0,35.038485896874526,36.5491935157792,2.631897353431473
off,1760.0,35.03891652960067,36.551211765180106,1.9933997155813121
off,1761.0,35.038902809885776,36.55022530375701,2.188160147204065
off,1762.0,35.04020808206961,36.54975716676143,2.2925406767443777
off,1763.0,35.04022312945382,36.551453841054254,1.4165121866437846
off,1764.0,35.03943347661017,36.5521096192054,1.1796149675419831
off,1765.0,35.03726187182787,36.55199154994585,1.2844066352432248
off,1766.0,35.03530360636253,36.55129419161116,1.2379902758553685
off,1767.0,35.03529686643375,36.551697677478785,1.9458490961984207
off,1768.0,35.0354153935138,36.55307043691029,1.4589303952880908
off,1769.0,35.034136181142905,36.55512252549458,2.2759818582978615
off,1770.0,35.03346064046363,36.55552507201185,1.8410744000583437
off,1771.0,35.031062622434355,36.556031016797725,1.7853219316190105
off,1772.0,35.029841203665065,36.5569243901097,1.8438009622019214
off,1773.0,35.028784326056666,36.558337249418415,2.087707377925161
off,1774.0,35.02848720093099,36.55966031864786,1.8133263191241422
off,1775.0,35.02974567225253,36.56105074007568,1.9404174234428897
off,1776.0,35.03230542210837,36.562196340263235,1.8745815259730825
off,1777.0,35.033786334506125,36.56243603894442,2.3052843082640133
off,1778.0,35.03510326594539,36.56413053668577,1.2645286433922172
off,1779.0,35.03869995011644,36.56471468048069,1.2606322684300093
off,1780.0,35.042413251371535,36.56580028998975,2.099630609363432
off,1781.0,35.046460126449624,36.56422659278,1.566078389649184
off,1782.0,35.04903388059801,36.5617823789027,1.5914447723732033
off,1783.0,35.05009479347842,36.56040698049076,2.444692836098909
off,1784.0,35.047792102849975,36.561974809603655,2.8709117016816537
off,1785.0,35.0454574792431,36.56415457891175,2.1637769350935607
off,1786.0,35.04253609509992,36.56680162920855,1.8238386882771165
off,1787.0,35.04044016396498,36.567360764584095,1.5499906617261474
off,1788.0,35.04028884499257,36.56753931728385,2.200009981279305
off,1789.0,35.03922256714198,36.56715079758575,1.9608559507885108
off,1790.0,35.037814085504756,36.565879228473676,1.9232257009396303
off,1791.0,35.03682892949452,36.56511597904889,1.9794014924114565
off,1792.0,35.03781137088031,36.5633887027691,2.0128131886460876
off,1793.0,35.03825237005702,36.56038586230786,2.114668779703359
off,1794.0,35.03885491008352,36.55854023830983,2.241403095217296
off,1795.0,35.03844035414284,36.55754469271728,1.7387236134110284
off,1796.0,35.036210048340244,36.558064769112335,2.1161090299138037
off,1797.0,35.033561843501175,36.559815438380994,1.996179269497695
off,1798.0,35.032314643807304,36.56000659364574,1.4916160398881768
off,1799.0,35.03307528717737,36.557278584693634,1.446339949025167
off,1800.0,35.033013251719076,36.55781125153316,1.8253102519555928
off,1801.0,35.033854108916174,36.55689566525291,NaN
off,1802.0,35.03534276771248,36.55889381034844,NaN
off,1803.0,35.03572016743134,36.561585799357886,NaN
off,1804.0,35.03546506839518,36.562488284195105,NaN
off,1805.0,35.03596452657435,36.56398113126836,NaN
off,1806.0,35.0375349680276,36.56334530953359,NaN
off,1807.0,35.038053458712525,36.56284641228071,NaN
off,1808.0,35.038131473255746,36.5633204637625,NaN
off,1809.0,35.03958058005535,36.56368582095102,NaN
off,1810.0,35.041426147756226,36.56317241027876,NaN
off,1811.0,35.04224499927804,36.56312213831286,NaN
off,1812.0,35.04261239663563,36.56265558268885,NaN
off,1813.0,35.04321634064933,36.56130340481779,NaN
off,1814.0,35.043753845474676,36.560737812051116,NaN
off,1815.0,35.045396311971295,36.55944940185447,NaN
off,1816.0,35.04410237962371,36.559067814184026,NaN
off,1817.0,35.04463391930379,36.55804217452725,NaN
off,1818.0,35.043353016543136,36.55865305029563,NaN
off,1819.0,35.04223842183959,36.55902018465577,NaN
off,1820.0,35.04326490553134,36.55785880603015,NaN
off,1821.0,35.0433767507614,36.556764403640415,NaN
off,1822.0,35.04459717895983,36.55648931141184,NaN
off,1823.0,35.04594764446617,36.55471489198822,NaN
off,1824.0,35.047664233232624,36.553714732142865,NaN
off,1825.0,35.050524879984785,36.552952630459295,NaN
off,1826.0,35.05416294076108,36.552037454297704,NaN
off,1827.0,35.05585413815979,36.5514709569261,NaN
off,1828.0,35.054930778429636,36.55341083467772,NaN
off,1829.0,35.05451485877402,36.55467651765664,NaN
off,1830.0,35.05285886218409,36.55567055494792,NaN
off,1831.0,35.051280887571785,36.556126858830474,NaN
off,1832.0,35.04952047743999,36.55686848741443,NaN
off,1833.0,35.04787939176469,36.55693486131311,NaN
off,1834.0,35.04599147545997,36.555719152183265,NaN
off,1835.0,35.04413120353632,36.55431308180253,NaN
off,1836.0,35.04315942300083,36.55324786953631,NaN
off,1837.0,35.04233968815502,36.5523405127932,NaN
off,1838.0,35.041866561586446,36.55222220391479,NaN
off,1839.0,35.04090816784042,36.553369565469566,NaN
off,1840.0,35.03834588612371,36.555490956795055,NaN
off,1841.0,35.037493164450304,36.556669867236366,NaN
off,1842.0,35.037797449840305,36.55693249091354,NaN
off,1843.0,35.038842776732956,36.55929852096594,NaN
off,1844.0,35.04029190535622,36.56032948175024,NaN
off,1845.0,35.04274954288491,36.56039458493707,NaN
off,1846.0,35.043817158688626,36.560444158161935,NaN
off,1847.0,35.04396258891004,36.55992805426751,NaN
off,1848.0,35.0410631980704,36.56127227447533,NaN
off,1849.0,35.03796368984971,36.56246542728912,NaN
off,1850.0,35.03661629317931,36.563027290720946,NaN
off,1851.0,35.03579454651966,36.56320063907347,NaN
off,1852.0,35.035678831205985,36.56364733706463,NaN
off,1853.0,35.03689433653924,36.56180505888963,NaN
off,1854.0,35.0370445295318,36.56009143728831,NaN
off,1855.0,35.034686118747175,36.55990296681179,NaN
off,1856.0,35.03114824868814,36.55916134926295,NaN
off,1857.0,35.03029668942332,36.556835881810095,NaN
off,1858.0,35.02712845213592,36.55593716863915,NaN
off,1859.0,35.02310844191858,36.556470935173685,NaN
off,1860.0,35.021294216816294,36.5577454309992,NaN
off,1861.0,35.0202010014541,36.55635241681659,NaN
off,1862.0,35.019031198046044,36.554417206467434,NaN
off,1863.0,35.018013676291645,36.554789100520765,NaN
off,1864.0,35.017143069119236,36.55526085796053,NaN
off,1865.0,35.01591964115367,36.5541064959539,NaN
off,1866.0,35.01482702042987,36.55431357096368,NaN
off,1867.0,35.01327750628512,36.55714414352831,NaN
off,1868.0,35.00997117528636,36.55928541406443,NaN
off,1869.0,35.00708209235557,36.56035643555388,NaN
off,1870.0,35.004606532602864,36.560276210182586,NaN
off,1871.0,35.00312042780895,36.55977154559821,NaN
off,1872.0,35.00086439684051,36.55824136184429,NaN
off,1873.0,35.00043059284015,36.560631769065566,NaN
off,1874.0,35.00194649084652,36.56063461165394,NaN
off,1875.0,35.00092948013663,36.561277676151164,NaN
off,1876.0,34.99876568131418,36.564340227397096,NaN
off,1877.0,34.996212469915996,36.5633931176599,NaN
off,1878.0,34.99660027889602,36.561567247456374,NaN
off,1879.0,34.996333383742304,36.560581817186915,NaN
off,1880.0,34.99860543804469,36.55850946233952,NaN
off,1881.0,34.99768365346274,36.557487268436574,NaN
off,1882.0,34.99608859002213,36.556228102505166,NaN
off,1883.0,34.99545048061668,36.55484034901661,NaN
off,1884.0,34.99685912810319,36.5551295862266,NaN
off,1885.0,34.999013278769965,36.55361343486164,NaN
off,1886.0,35.002645384819786,36.55359700024061,NaN
off,1887.0,35.00806259022234,36.5541334313137,NaN
off,1888.0,35.01388762551472,36.55106664036326,NaN
off,1889.0,35.02138119146659,36.54824874414139,NaN
off,1890.0,35.02803551383543,36.54430015494847,NaN
off,1891.0,35.036875013845574,36.540629612665185,NaN
off,1892.0,35.04458329393662,36.538190120700264,NaN
off,1893.0,35.04864405312207,36.53586771138553,NaN
off,1894.0,35.0526793600309,36.535589670947246,NaN
off,1895.0,35.05568800549576,36.53652889756773,NaN
off,1896.0,35.060299276750875,36.53698268428431,NaN
off,1897.0,35.06547324774092,36.53578377765554,NaN
off,1898.0,35.07214141681218,36.53390607043793,NaN
off,1899.0,35.076110842350765,36.53344860598318,NaN
off,1900.0,35.081430482523075,36.53371201889958,NaN
off,1901.0,35.08857760334486,36.53305061886895,NaN
off,1902.0,35.0955521565676,36.530278089196905,NaN
off,1903.0,35.101067614681924,36.52763479926431,NaN
off,1904.0,35.10581309047766,36.52773464434965,NaN
off,1905.0,35.10978434391252,36.52788236174602,NaN
off,1906.0,35.11327539910398,36.52922357445134,NaN
off,1907.0,35.11356428593712,36.530784077664556,NaN
off,1908.0,35.11651260925193,36.531466860710864,NaN
off,1909.0,35.11536860755869,36.531987867852514,NaN
off,1910.0,35.116953763021435,36.53173129934869,NaN
off,1911.0,35.11515898458922,36.529831382528286,NaN
off,1912.0,35.114655486756064,36.53080074493486,NaN
off,1913.0,35.11608337288894,36.529572353475174,NaN
off,1914.0,35.11790555128912,36.52835297410248,NaN
off,1915.0,35.11985046024261,36.526689501859934,NaN
off,1916.0,35.12107467221049,36.52561184056386,NaN
off,1917.0,35.12246935029083,36.52682283869351,NaN
off,1918.0,35.127861811952705,36.52470778198327,NaN
off,1919.0,35.133478646800405,36.523033102746574,NaN
off,1920.0,35.135408249898084,36.52459329176001,NaN
off,1921.0,35.138071944348106,36.52674575704011,NaN
off,1922.0,35.1389796965419,36.527153632750654,NaN
off,1923.0,35.138213358258284,36.52751370261853,NaN
off,1924.0,35.13901257656198,36.52560012200834,NaN
off,1925.0,35.140276591747025,36.52477561018302,NaN
off,1926.0,35.14454372174798,36.521813873975326,NaN
off,1927.0,35.14960012896482,36.518242165116895,NaN
off,1928.0,35.15140954779629,36.51867551072631,NaN
off,1929.0,35.15259457060865,36.5197494028557,NaN
off,1930.0,35.156237580295496,36.521382334408344,NaN
off,1931.0,35.15715498698475,36.52322800287919,NaN
off,1932.0,35.15848994462034,36.52480528001579,NaN
off,1933.0,35.16004664184066,36.52480345004119,NaN
off,1934.0,35.16451114783562,36.52575333566736,NaN
off,1935.0,35.16747507051079,36.52723815793499,NaN
off,1936.0,35.1690033943413,36.52997076929148,NaN
off,1937.0,35.16840767869163,36.533201138701855,NaN
off,1938.0,35.1699375532571,36.53361030351055,NaN
off,1939.0,35.170265489933314,36.535262741689166,NaN
off,1940.0,35.17106343629789,36.53699664875683,NaN
off,1941.0,35.172141045392515,36.53866382058701,NaN
off,1942.0,35.17507043066816,36.53774146829263,NaN
off,1943.0,35.178556106196716,36.5363727200136,NaN
off,1944.0,35.18345807573579,36.53661310135129,NaN
off,1945.0,35.18827611205279,36.535412005953745,NaN
off,1946.0,35.19250418194189,36.536154857395516,NaN
off,1947.0,35.194364658984995,36.53574484515245,NaN
off,1948.0,35.194798433548506,36.53640312697664,NaN
off,1949.0,35.193924856859844,36.53761720601629,NaN
off,1950.0,35.19347355534001,36.54102101935045,NaN
off,1951.0,35.19264145620669,36.543785729187746,NaN
off,1952.0,35.19077978896885,36.54743263182988,NaN
off,1953.0,35.18941371411791,36.549999487523934,NaN
off,1954.0,35.189335609446154,36.55357234665864,NaN
off,1955.0,35.18887767110561,36.55525665734053,NaN
off,1956.0,35.189294154512005,36.55594575712575,NaN
off,1957.0,35.18932175207065,36.557459662794436,NaN
off,1958.0,35.18835301547429,36.556358749790085,NaN
off,1959.0,35.1884689337321,36.55640452379698,NaN
off,1960.0,35.18934555822745,36.55519339825682,NaN
off,1961.0,35.19163697045064,36.553638747443564,NaN
off,1962.0,35.194517697551525,36.55190526084937,NaN
off,1963.0,35.19466513070331,36.55041950812854,NaN
off,1964.0,35.19547367051774,36.54990171227561,NaN
off,1965.0,35.19651635010353,36.55088212193082,NaN
off,1966.0,35.199210048509094,36.549690735294945,NaN
off,1967.0,35.2041819039204,36.54909082867562,NaN
off,1968.0,35.20904431426847,36.549766937883646,NaN
off,1969.0,35.21350915095411,36.54946335009587,NaN
off,1970.0,35.21736352598254,36.549774179974946,NaN
off,1971.0,35.22150475051447,36.550689957087236,NaN
off,1972.0,35.22577082851095,36.55160671348037,NaN
off,1973.0,35.22841003562929,36.551860751720035,NaN
off,1974.0,35.22928490283992,36.551241293448044,NaN
off,1975.0,35.230204097296514,36.55119328574117,NaN
off,1976.0,35.231352347388544,36.55225400606634,NaN
off,1977.0,35.23354867464099,36.55452646400691,NaN
off,1978.0,35.23703653381515,36.554043808186904,NaN
off,1979.0,35.240588798406975,36.55691436546819,NaN
off,1980.0,35.24518271936819,36.55874267046742,NaN
off,1981.0,35.249491485125,36.55834032703358,NaN
off,1982.0,35.25387406989881,36.559313524426685,NaN
off,1983.0,35.25924035195292,36.556878336453394,NaN
off,1984.0,35.265097704655375,36.55741696319868,NaN
off,1985.0,35.269358485413186,36.55716331187944,NaN
off,1986.0,35.27303544018163,36.55636611582543,NaN
off,1987.0,35.27462946944758,36.558062547888696,NaN
off,1988.0,35.275131449306365,36.55938042308798,NaN
off,1989.0,35.2727786920896,36.56038832491919,NaN
off,1990.0,35.270033055073895,36.56001060271706,NaN
off,1991.0,35.266893276856734,36.55977237152035,NaN
off,1992.0,35.26430134553951,36.560172859191184,NaN
off,1993.0,35.26235438251817,36.55929506899136,NaN
off,1994.0,35.26180145646769,36.559891796382246,NaN
off,1995.0,35.25918743790954,36.560043295292374,NaN
off,1996.0,35.257273142577255,36.55974726121834,NaN
off,1997.0,35.25510575788726,36.55969447678463,NaN
off,1998.0,35.25434828664073,36.56005757645448,NaN
off,1999.0,35.253487979781866,36.56092986047651,NaN
off,2000.0,35.25319661860796,36.56212237244805,NaN
edge,1.0,35.441340644773206,36.3151441969239,13.572356545190228
edge,2.0,35.44009377312956,36.315195730837885,13.801950448525162
edge,3.0,35.438745067732995,36.31564757889751,13.673349671466685
edge,4.0,35.43905320436762,36.3162963042295,13.495378964423487
edge,5.0,35.4392733617478,36.3171957832936,14.129669463682689
edge,6.0,35.44059783531851,36.317370189494085,14.150368119278303
edge,7.0,35.44145667665569,36.317856506236794,13.945816538572062
edge,8.0,35.442421760726674,36.31741256705987,13.669534180910286
edge,9.0,35.441550270026404,36.31695057885304,13.923486374480337
edge,10.0,35.44053059241862,36.31793901319282,13.74258237144018
edge,11.0,35.439569663731326,36.31846777822569,13.511966933590731
edge,12.0,35.43813470944595,36.318495272597026,13.13509126443726
edge,13.0,35.43790104536399,36.31978418345213,13.445483367514617
edge,14.0,35.4377683905182,36.32079148229144,13.09551493712952
edge,15.0,35.4373196385748,36.320812046437375,13.429668825803935
edge,16.0,35.437702302126304,36.32067854047506,13.353291370674295
edge,17.0,35.43748259481822,36.32222976300243,13.516078838967648
edge,18.0,35.43739982511184,36.323179051764974,13.424621223678875
edge,19.0,35.43719487898949,36.32494748131879,14.293404961262311
edge,20.0,35.43577787301675,36.32551114041014,13.589364784610805
edge,21.0,35.43432896251598,36.325772625053396,14.324547122674453
edge,22.0,35.43439133366675,36.328394932109056,13.845255413765214
edge,23.0,35.435332328394736,36.33043265581245,13.879451519975591
edge,24.0,35.43805978150332,36.33277034583799,13.342908406985046
edge,25.0,35.437839450981144,36.33286953587872,13.476896125431374
edge,26.0,35.43720536476041,36.33442115900548,13.530094710866017
edge,27.0,35.4372854722037,36.336385781026294,13.404731698839715
edge,28.0,35.43564695455113,36.337345697389416,13.574514136633056
edge,29.0,35.434603405275034,36.33745722731385,13.694387880929527
edge,30.0,35.43339274474241,36.33705522516021,13.371770861851935
edge,31.0,35.43217478143244,36.336968015223725,12.77848434028779
edge,32.0,35.431625044200416,36.33612988189844,12.823528195130411
edge,33.0,35.433061009247886,36.33472891257405,12.74815900110606
edge,34.0,35.43641800514663,36.3339415779028,12.800082427669713
edge,35.0,35.44090255831802,36.3324964133631,12.411621342619387
edge,36.0,35.44602602204379,36.333215057966534,12.229173488239088
edge,37.0,35.449899696568586,36.33455213883573,12.01287144788785
edge,38.0,35.45257343815158,36.33495953606308,12.19664082789101
edge,39.0,35.45501988312776,36.33532074879147,12.591109261823721
edge,40.0,35.45633792266007,36.336153628719195,12.643701284563086
edge,41.0,35.4574991569325,36.33703525272694,12.613458806903626
edge,42.0,35.45853653408214,36.338430230559766,12.305687839065296
edge,43.0,35.46108735996713,36.33910745688727,12.12235083574722
edge,44.0,35.46329049965784,36.3391715542202,11.957839522867964
edge,45.0,35.46384863332338,36.338655993851766,11.664745131260766
edge,46.0,35.463713896648144,36.33958276234907,11.727729178676999
edge,47.0,35.46480771331397,36.34092103232242,12.053665992633887
edge,48.0,35.46600236614005,36.34150255138547,11.753625357760647
edge,49.0,35.46695717408947,36.341399455860014,12.056018864436194
edge,50.0,35.47552923548985,36.34162094855578,12.114933026590634
edge,51.0,35.475181228788635,36.34368041939729,11.876478693900417
edge,52.0,35.4766590351389,36.34597933706874,11.79886379451994
edge,53.0,35.47932148020794,36.34750109966231,10.994908138066837
edge,54.0,35.48181229403729,36.34829127436774,11.310713622340108
edge,55.0,35.4841509332045,36.349554976464646,11.354310046521146
edge,56.0,35.487408082619936,36.35055300269501,11.428444187162887
edge,57.0,35.49094070641794,36.351670845289696,11.264849188862103
edge,58.0,35.492851146799175,36.35238277417101,10.801655504418505
edge,59.0,35.49433801871335,36.35313245269449,10.83498647511663
edge,60.0,35.49433271873052,36.35366111652393,11.281067495214245
edge,61.0,35.495374929928865,36.35400275564785,11.049177055029693
edge,62.0,35.496051715573046,36.35342438478858,10.902183306841456
edge,63.0,35.49623092525479,36.35327686673966,10.966952211133718
edge,64.0,35.49649001747589,36.352694190023385,10.844324923109305
edge,65.0,35.498229255902906,36.3525942965603,10.899864238624225
edge,66.0,35.50052043380556,36.352937601064,10.98863127271309
edge,67.0,35.50264876698907,36.353715779644034,10.789986857957729
edge,68.0,35.50421903845954,36.35415639074605,10.453637910641127
edge,69.0,35.50549373439206,36.35344549315532,10.452037912710734
edge,70.0,35.50607882545683,36.354229363337126,10.441885115346196
edge,71.0,35.507410295980755,36.3556002618193,10.388478489625134
edge,72.0,35.50823123060858,36.35549656688644,10.352237452606877
edge,73.0,35.50862996388052,36.35776449306026,10.291577317312527
edge,74.0,35.50993700656858,36.35880404085803,10.666157347806003
edge,75.0,35.510701160362736,36.35970398905205,10.577455247317843
edge,76.0,35.51131119114061,36.3610158040346,10.492148134123699
edge,77.0,35.512323189721634,36.36059010560797,9.990299758324902
edge,78.0,35.51238436695572,36.359238817466306,10.216870221161198
edge,79.0,35.51189204493489,36.359199773783864,9.725551119648154
edge,80.0,35.511168002881575,36.35936595194754,9.292344291761278
edge,81.0,35.510628808498,36.35930466967642,9.460609986536612
edge,82.0,35.50990175335156,36.358828607808974,9.873242934062512
edge,83.0,35.50882581398862,36.35879608466033,9.35012944918995
edge,84.0,35.50643333487753,36.3582460544997,8.588968501172674
edge,85.0,35.50154244862007,36.35727526674943,9.735620211556647
edge,86.0,35.4976098957231,36.35669080813421,8.929566491496637
edge,87.0,35.49262333879869,36.35847352052318,8.182591801170137
edge,88.0,35.48575184842651,36.36047142339541,8.892882139175601
edge,89.0,35.478299971202645,36.36106010053128,8.741955179282186
edge,90.0,35.47089517798311,36.36089372396422,8.609698959164799
edge,91.0,35.46402115159378,36.36193946453088,8.796754894139276
edge,92.0,35.458062094022154,36.362557838529405,9.210628301032678
edge,93.0,35.45259636573621,36.3630508037939,9.32383952406666
edge,94.0,35.447787300443764,36.36282529300911,9.091710303132249
edge,95.0,35.4431452580901,36.363588415457286,8.740013255919422
edge,96.0,35.43918510322077,36.36324412646889,8.585261129088291
edge,97.0,35.43490596612087,36.36323186871056,8.37596427863668
edge,98.0,35.429862792470416,36.363701845968635,8.53766921310915
edge,99.0,35.426579545921676,36.36358575951928,8.434415975375302
edge,100.0,35.424201198121054,36.36274467614897,8.833560416973238
edge,101.0,35.42097153580364,36.36088326480554,8.561681502601946
edge,102.0,35.41674592990953,36.3602286533411,8.31057068585808
edge,103.0,35.41274952721814,36.36090111187696,9.040132937890958
edge,104.0,35.40692675533128,36.36131745855572,8.458693937483833
edge,105.0,35.402061211434074,36.36179680635518,8.554976277934646
edge,106.0,35.39730051973301,36.36246193872788,8.771846672941127
edge,107.0,35.393357176209406,36.36294784912657,9.202549818296452
edge,108.0,35.38999098535641,36.36383057755802,8.931474139859388
edge,109.0,35.38879725005156,36.36496803339029,9.125239163723474
edge,110.0,35.388168381534385,36.3653898997418,9.38367528367002
edge,111.0,35.38845283045002,36.36759556303249,9.809028943047405
edge,112.0,35.388944306279775,36.36855291602354,10.232572932611319
edge,113.0,35.38947062420329,36.36915531185212,9.564000064177685
edge,114.0,35.39034150883373,36.37014675741338,9.100668755484163
edge,115.0,35.390916435350086,36.370802922269554,9.219031523070807
edge,116.0,35.39076395371639,36.37242825910349,9.48683648514276
edge,117.0,35.390177915055574,36.373104569901585,9.360300949945895
edge,118.0,35.390358148278295,36.37533264724409,8.77683460801336
edge,119.0,35.390492837653895,36.37850935009015,8.87957991954198
edge,120.0,35.3910876138936,36.37833960988898,8.909620974652544
edge,121.0,35.39315545235123,36.38063468922612,9.350146669430522
edge,122.0,35.39457201899304,36.38286059312235,9.30184521449523
edge,123.0,35.39617158657274,36.38512350614601,9.942139092239858
edge,124.0,35.39789172594734,36.385996604622605,9.398025915102739
edge,125.0,35.40027787887219,36.385861242563855,9.379645245431131
edge,126.0,35.40276008091,36.386405258000195,9.576443993194765
edge,127.0,35.4044111177415,36.3883445455282,9.559322314363769
edge,128.0,35.40691686287927,36.38986086919647,9.552466320894805
edge,129.0,35.409794031720544,36.39108838416873,9.597846101522041
edge,130.0,35.41304889976037,36.39265089310322,9.334332724389263
edge,131.0,35.41627831560069,36.3941196668057,9.447940333904175
edge,132.0,35.41998059431355,36.39483342688138,9.51685105717165
edge,133.0,35.42364711228469,36.395289880724526,9.962146220866298
edge,134.0,35.42759691243947,36.395633899062744,9.975034590993987
edge,135.0,35.431745632829276,36.396222009998006,10.170217245557946
edge,136.0,35.4365073666294,36.39744661850776,10.304139014749342
edge,137.0,35.440956052505605,36.39944821618725,9.950996952161564
edge,138.0,35.445890976337566,36.4010062113556,9.886765554223958
edge,139.0,35.43991853742718,36.39931863972501,9.624815942812646
edge,140.0,35.44226074064414,36.399686889676516,9.572736601993672
edge,141.0,35.44371368821729,36.40025292983328,9.739054107343708
edge,142.0,35.44486543268613,36.40277950690907,8.84830619136061
edge,143.0,35.44615540590311,36.40483221379148,8.967249485159808
edge,144.0,35.44758025699779,36.406652668933745,8.580723250386548
edge,145.0,35.4491629076559,36.40818224303744,8.37852180978317
edge,146.0,35.45254770407465,36.407990509297775,8.343654444807669
edge,147.0,35.456101860255465,36.40810472298709,8.109907240946395
edge,148.0,35.459897754604505,36.409054577620196,7.1994713548926
edge,149.0,35.465012172540916,36.410167863770674,7.282600307216901
edge,150.0,35.47130381266002,36.411039244187016,6.850850646796625
edge,151.0,35.477675682104525,36.41067123344444,7.1129797014905325
edge,152.0,35.47261095031008,36.41321509120375,7.182700917745868
edge,153.0,35.47339270394421,36.41336889073785,7.278748927002979
edge,154.0,35.4738861314347,36.41426681507418,7.25182657545791
edge,155.0,35.473672670398905,36.41483197254938,6.655681687488716
edge,156.0,35.472790117147234,36.41604819685094,6.328198704404768
edge,157.0,35.471606207975455,36.4162324799946,6.192365957262868
edge,158.0,35.47155882251965,36.415975934095464,6.285595227215305
edge,159.0,35.47300068754868,36.415630063919345,6.651329155428899
edge,160.0,35.47763692472657,36.41466606401534,6.354643539287934
edge,161.0,35.48245106213305,36.415137894504035,6.221649953341653
edge,162.0,35.4860618885904,36.41540756819598,5.993111935399564
edge,163.0,35.511294224837634,36.424150792106374,5.857231516672735
edge,164.0,35.51755640895833,36.42473550418638,5.764891756319546
edge,165.0,35.52380293633214,36.42532454245743,5.404104423202811
edge,166.0,35.53017563699962,36.42460041610052,5.546103423763009
edge,167.0,35.535558041991806,36.425987789625765,5.09560379964251
edge,168.0,35.540790863995554,36.42479536663987,5.6095995826053855
edge,169.0,35.544711220385075,36.42382310484249,5.5387389535776075
edge,170.0,35.548025475430954,36.4225243664208,5.5899336341231685
edge,171.0,35.55004580743124,36.42360938204184,5.7566383805285675
edge,172.0,35.551001309819625,36.42462344186292,5.773374291573139
edge,173.0,35.55278822419976,36.4260157128094,5.558681412378492
edge,174.0,35.55484917156633,36.42680458254663,5.751628969105601
edge,175.0,35.55787989245321,36.42829949604682,5.88879616190828
edge,176.0,35.56074987256854,36.428889931575284,5.605908536466386
edge,177.0,35.56427236102615,36.42855719338735,5.866280916444653
edge,178.0,35.56830084509147,36.427151902951444,5.743274014804641
edge,179.0,35.571518418726924,36.42617850153123,5.5502277771568735
edge,180.0,35.57313020554099,36.42527869052699,5.659568797962848
edge,181.0,35.57482644588175,36.42319506173297,5.5106396313347705
edge,182.0,35.577133290642145,36.42210271522581,5.2953406057414405
edge,183.0,35.57776881404158,36.42117456403938,5.275732170627421
edge,184.0,35.57867920763913,36.420020006267066,5.738232196778242
edge,185.0,35.577027106303774,36.41960309647922,5.682619879426958
edge,186.0,35.57448835835367,36.41844640916839,5.525461746799522
edge,187.0,35.57260742540395,36.41729003121486,5.277453780273927
edge,188.0,35.57039856042019,36.41761309450057,5.287047304663079
edge,189.0,35.56961102943713,36.41748198945255,5.484685902743692
edge,190.0,35.56854666644167,36.41570945557827,5.301588339468679
edge,191.0,35.56495542771446,36.41482281861663,5.333635792046339
edge,192.0,35.56094592221516,36.41293921711915,5.835088085854436
edge,193.0,35.5555548057976,36.41236666140198,5.2562173270779375
edge,194.0,35.55062892424186,36.41331862896552,5.564957491953148
edge,195.0,35.54565009769262,36.413614208778775,5.27817105226617
edge,196.0,35.541620437990936,36.413398527409,5.481154377709901
edge,197.0,35.53641174381847,36.41511497251328,6.475708345505491
edge,198.0,35.530532442243384,36.416095647657905,5.763654212660319
edge,199.0,35.52433524432879,36.415928969334054,5.524403501537504
edge,200.0,35.51780877119545,36.41406192006092,5.594324361786649
edge,201.0,35.50973906908022,36.41326750889161,5.033939966034611
edge,202.0,35.500557379874174,36.41489384735397,4.816733352750096
edge,203.0,35.48997478649444,36.41563467071282,5.0379283927982765
edge,204.0,35.4778417707509,36.41817132946929,5.1246146010711175
edge,205.0,35.46575726827729,36.4201242987702,5.298433021124689
edge,206.0,35.45573012790762,36.42112445481009,5.548157691158707
edge,207.0,35.44803153637044,36.420755099690986,5.431166509605932
edge,208.0,35.441633926433866,36.4180341500671,5.283640140735892
edge,209.0,35.43680378134994,36.41635317531936,6.161991954543774
edge,210.0,35.432398568577206,36.417607770504574,6.095465425256412
edge,211.0,35.42880939739398,36.419194332368136,6.0075434152751015
edge,212.0,35.42652087779636,36.418960906621145,5.355630355453286
edge,213.0,35.424081781520954,36.420594127220674,5.210513438019588
edge,214.0,35.423164152863045,36.41987938801315,5.235759502076686
edge,215.0,35.422830674510934,36.42034771888263,5.38683002102109
edge,216.0,35.42208769001587,36.42072510407806,5.1270934872622504
edge,217.0,35.42028765825497,36.4198723908772,5.381222047795767
edge,218.0,35.41913258948035,36.41838450496922,5.274266551342914
edge,219.0,35.41865259986214,36.418724934089475,5.767411096437151
edge,220.0,35.41786079258251,36.419893664984514,6.543904288518549
edge,221.0,35.41763291851576,36.42081876426308,6.011100935846709
edge,222.0,35.4162474043643,36.42018779144313,6.193630063418777
edge,223.0,35.41573762290012,36.42031077147827,6.832683346997447
edge,224.0,35.41607920444358,36.4210722209238,8.077900612279565
edge,225.0,35.41725069685181,36.42150630735084,6.4308283137926985
edge,226.0,35.41944206154866,36.420199897486256,6.992523043409353
edge,227.0,35.42221893983471,36.418878206587124,7.86018446054983
edge,228.0,35.4249114609332,36.420221729729114,7.403728224970571
edge,229.0,35.42666396320817,36.41975241774935,6.8099538689250405
edge,230.0,35.42718055914903,36.41978161103375,7.145030375358338
edge,231.0,35.427977652279424,36.42213431504261,6.568389616516782
edge,232.0,35.428825074861486,36.42531012331387,7.097024669998016
edge,233.0,35.429331454263036,36.426207916116695,7.9440189121230285
edge,234.0,35.43036908005292,36.42695220480495,8.43383457458499
edge,235.0,35.43235355677086,36.427067238157015,7.9901256181381575
edge,236.0,35.43439286123838,36.42757655801944,7.494287836449603
edge,237.0,35.43600889543281,36.42743900089151,7.912375075384581
edge,238.0,35.438611439703735,36.42754857502145,8.548746157535174
edge,239.0,35.44121907040402,36.42663265434558,8.345937652961325
edge,240.0,35.44349409120593,36.43047596842807,7.868376937004987
edge,241.0,35.44599220416868,36.431764694840155,8.681115713591605
edge,242.0,35.45016490146838,36.43234600427845,8.479806128591413
edge,243.0,35.45495060573311,36.432342637703485,7.6403340171568725
edge,244.0,35.462225903160345,36.43349451409113,8.05238944061496
edge,245.0,35.469178773802966,36.43382246264007,7.720882377391317
edge,246.0,35.47451526740074,36.434208005615574,7.850520537321145
edge,247.0,35.47940040951705,36.433702060917085,8.059603646343724
edge,248.0,35.484089207424596,36.433334727663684,7.875828669215515
edge,249.0,35.489230365686105,36.43443849786208,7.656390441454716
edge,250.0,35.49602655092277,36.43694830182755,7.74298988474718
edge,251.0,35.50447494219226,36.437406218427306,7.204388062591189
edge,252.0,35.51292201426464,36.438761564572765,7.298204815399467
edge,253.0,35.52211855703424,36.438754093037424,6.818390260092324
edge,254.0,35.53053924769065,36.43834445055428,7.09446325990659
edge,255.0,35.53865837705398,36.43845363506853,6.975769572321582
edge,256.0,35.54625646796732,36.4390258781164,6.909542531246609
edge,257.0,35.55460696570788,36.43898698264319,7.0017538439898495
edge,258.0,35.5635005719472,36.4391469379448,6.807127229922868
edge,259.0,35.572611761818635,36.43775952737512,6.238070987105301
edge,260.0,35.58210135370189,36.43743893769426,6.299875773622535
edge,261.0,35.59097335848864,36.43771964964388,6.701396396383039
edge,262.0,35.59771841272371,36.43597514726444,5.746449370375873
edge,263.0,35.602882210688485,36.435680692019524,5.951666804352566
edge,264.0,35.60789156371749,36.434382405772396,5.379250141217843
edge,265.0,35.613469979612674,36.43344889958101,5.275522808519
edge,266.0,35.62035193087027,36.43289772296401,5.538986916952053
edge,267.0,35.62811306529073,36.432853730348285,5.398413783345015
edge,268.0,35.63537552593092,36.432446998953246,5.869995172709034
edge,269.0,35.64043911386003,36.43224611840649,5.881774914580283
edge,270.0,35.643942410202264,36.43226041509614,5.61163281833587
edge,271.0,35.6494310236156,36.43077813752431,5.369747166525672
edge,272.0,35.65349351895729,36.43064763024894,5.571516458354854
edge,273.0,35.65807237839792,36.429383956605626,5.604234618522902
edge,274.0,35.66025269172271,36.427893273148634,5.496808783129881
edge,275.0,35.66380647927982,36.42519194900546,5.1417190443692835
edge,276.0,35.66456896644885,36.424634426782134,5.082822144638925
edge,277.0,35.665079496131995,36.42472582975628,5.250616149966752
edge,278.0,35.66413448292728,36.42384162965881,5.1634213075903705
edge,279.0,35.66374227981893,36.42287946987708,4.798160369987702
edge,280.0,35.66457904115461,36.422296286131996,5.027412542666352
edge,281.0,35.66559478267316,36.41873846999263,5.018045154419905
edge,282.0,35.666667983068876,36.41461558714367,4.843027428410499
edge,283.0,35.66503494952633,36.412843378615754,4.729532976435065
edge,284.0,35.66265001536175,36.41106442948448,4.743795688213953
edge,285.0,35.66024595095872,36.40868572688601,5.020285618720861
edge,286.0,35.658015858339844,36.40573999746947,5.050878352030888
edge,287.0,35.65745445458757,36.40430617086419,5.223039263203841
edge,288.0,35.65578578481411,36.402114179000165,5.51154726063298
edge,289.0,35.65312865486984,36.40023613655436,4.611922504914473
edge,290.0,35.64971779210812,36.39928274342067,4.8478260737752175
edge,291.0,35.64663278480459,36.397260225986656,5.179888626413653
edge,292.0,35.64131533881967,36.396600911896655,5.149281094670249
edge,293.0,35.6367912059233,36.39591893106567,4.923031010730812
edge,294.0,35.632732280477484,36.39423746596703,4.866773683839494
edge,295.0,35.628200079679615,36.39356149593956,4.930978170689295
edge,296.0,35.62284651586858,36.39255703543636,4.530081583953414
edge,297.0,35.61578525385261,36.39079006725828,4.423046769729975
edge,298.0,35.609687058567694,36.3883203401345,4.729205560899809
edge,299.0,35.60528776067624,36.387013817968445,4.9669913301787325
edge,300.0,35.60080996990413,36.386365223178956,4.753194300483493
edge,301.0,35.59697602768267,36.38523580701826,4.595558928138667
edge,302.0,35.5902183882664,36.38536848944718,4.813166361386638
edge,303.0,35.582765374243365,36.38596430761156,5.441414129841423
edge,304.0,35.57569217193022,36.38624096887873,5.667601882926521
edge,305.0,35.56953516053336,36.385850622026965,5.647635629415548
edge,306.0,35.56260959848402,36.38411321473407,5.662111635872284
edge,307.0,35.55513380183912,36.38325184719985,5.248652911365794
edge,308.0,35.546384975600155,36.38340550275395,5.149988871786048
edge,309.0,35.53640339725312,36.38177828946751,5.538016356578764
edge,310.0,35.52591535443116,36.380142733369716,6.501361736241783
edge,311.0,35.514575375599975,36.37985106998215,7.409476344996965
edge,312.0,35.50272741458573,36.38063449039606,6.8168476371330735
edge,313.0,35.491055352313026,36.379836599868725,7.293960261863974
edge,314.0,35.48127442835472,36.378985225626224,7.237998662343103
edge,315.0,35.473117429018664,36.37896879023848,7.2703045821712005
edge,316.0,35.466555577673,36.37937885355803,7.5117171191969305
edge,317.0,35.46078934865334,36.37874597214302,7.360635617226045
edge,318.0,35.4556894119936,36.37757519171607,8.367163518893948
edge,319.0,35.45169550071557,36.376878861240364,8.303379641924355
edge,320.0,35.44809758534952,36.37634638746418,9.395593604321363
edge,321.0,35.443472309631616,36.376656295436156,9.321457955479923
edge,322.0,35.43915158189557,36.37573908497589,8.694770400130984
edge,323.0,35.43573312892423,36.37586084705381,9.611867390107417
edge,324.0,35.4333780347619,36.37659451345609,10.414044646345868
edge,325.0,35.43082955136889,36.377620200308904,11.014974738124094
edge,326.0,35.42967553454648,36.37852989157469,11.54749425343223
edge,327.0,35.42977033660497,36.380299753120454,12.241153659640943
edge,328.0,35.43042060389581,36.38073056239592,12.610989182540955
edge,329.0,35.432248360554766,36.380917490210294,12.893737035683873
edge,330.0,35.43363088485625,36.38105834992386,14.478917188987806
edge,331.0,35.43466876894753,36.38106145229653,14.188434736654408
edge,332.0,35.43721182508969,36.38224036500543,15.255814711338846
edge,333.0,35.439381572752126,36.381857636805016,14.822726326350988
edge,334.0,35.44218101597229,36.38171440576763,14.683295164251028
edge,335.0,35.44578336947401,36.38345598757087,14.591628076294064
edge,336.0,35.44827057335665,36.38358852098738,14.808299365479375
edge,337.0,35.45033770186546,36.38449924668888,14.479345523877463
edge,338.0,35.45302477575707,36.38572663948235,14.361666556095486
edge,339.0,35.45600598014449,36.386700439408045,14.282086571208275
edge,340.0,35.45835798732515,36.38761402379698,14.154986617753313
edge,341.0,35.4600253009961,36.38826067762132,13.880871239669771
edge,342.0,35.46222291603071,36.38950318065191,13.684900514202837
edge,343.0,35.464367652395396,36.3903427939492,13.880646178166248
edge,344.0,35.46640672888993,36.39037257110803,13.614961720836597
edge,345.0,35.46848117188217,36.39157921033582,13.054071806686219
edge,346.0,35.47051613340512,36.391984859340354,12.99023086754577
edge,347.0,35.47168773124027,36.39404168732831,12.75129041360342
edge,348.0,35.47220205080215,36.396022455561855,13.309699510536177
edge,349.0,35.47287376576137,36.39722623635367,12.775710009715212
edge,350.0,35.47407024459835,36.39874150188008,12.547999237467769
edge,351.0,35.47677901608172,36.39952735451899,12.37885504228041
edge,352.0,35.48006021320564,36.39946893872567,11.604611689486978
edge,353.0,35.48363558680802,36.400457549409964,11.557913602385632
edge,354.0,35.48658517393482,36.40197080526322,11.706513925721367
edge,355.0,35.487966434174986,36.40341103701489,11.86568383236687
edge,356.0,35.48933145022574,36.404739199915255,11.568591456230916
edge,357.0,35.48935650629984,36.40572010918634,11.297523636024273
edge,358.0,35.4888744572613,36.406311353975454,11.27256247802356
edge,359.0,35.48862034743273,36.407677394240245,10.155826797671235
edge,360.0,35.4882689954809,36.41019435837962,10.094329726829894
edge,361.0,35.488780420735495,36.40933697137609,9.755319231431507
edge,362.0,35.48848021366046,36.40890557163319,8.830005133436163
edge,363.0,35.48749391386954,36.41005170495542,8.719868461738518
edge,364.0,35.48601640501461,36.41004819541146,8.245189437235812
edge,365.0,35.48370403459525,36.40973178679618,8.217952343856052
edge,366.0,35.4817800582022,36.41042220688654,7.84330942054598
edge,367.0,35.480019103321574,36.41060090701844,8.101635108827402
edge,368.0,35.47836677104512,36.4112028678434,7.940486223782785
edge,369.0,35.47673782981108,36.411525306065236,7.174474704608333
edge,370.0,35.47502363930786,36.41319835473531,6.772854685406477
edge,371.0,35.473654117509504,36.41517337794213,6.474036548434951
edge,372.0,35.47252096944955,36.417133446241465,6.7419755766258405
edge,373.0,35.47256532939631,36.41772925005867,6.747707022324118
edge,374.0,35.472112291263905,36.41956336279102,7.147248419556771
edge,375.0,35.472128920014846,36.41997219673798,6.504825833152823
edge,376.0,35.47242681575741,36.421326582023546,6.244692535173929
edge,377.0,35.47393531612234,36.42237329954458,6.690186473397814
edge,378.0,35.475682214662136,36.422881334284845,6.594875824892517
edge,379.0,35.47742499708152,36.42144993665505,6.638888209971949
edge,380.0,35.47804280290498,36.42237052058131,6.240411114989868
edge,381.0,35.478057540633465,36.423281414267606,6.017239415129373
edge,382.0,35.47828258033991,36.42309011178191,6.336340972351568
edge,383.0,35.47760826723775,36.42334851903099,6.362526531379483
edge,384.0,35.47722178575621,36.42439721188533,6.152521482914015
edge,385.0,35.47689264774475,36.42483289781837,6.122603807317877
edge,386.0,35.476026884395594,36.42499997288744,6.111750620102599
edge,387.0,35.47568383221443,36.42479153920396,5.918498924370504
edge,388.0,35.473895121663745,36.425628148047366,6.047513838406715
edge,389.0,35.47324695406134,36.426842450379674,6.129740716185931
edge,390.0,35.472863008254016,36.42685731338347,6.026855916880344
edge,391.0,35.47264489101248,36.42650377047202,6.039552783089437
edge,392.0,35.47278344454466,36.42722504716316,6.254585677320975
edge,393.0,35.474369117562766,36.428619620926476,5.9620891137436605
edge,394.0,35.47609553957238,36.42984027877455,6.1689463962486535
edge,395.0,35.484037440562574,36.43421076600464,5.746371627817181
edge,396.0,35.48713828030418,36.4345486201459,5.969011081639749
edge,397.0,35.4885794081377,36.43560106496277,5.928925374691344
edge,398.0,35.490708172635806,36.43598431663466,6.203638086008848
edge,399.0,35.49360999817395,36.435954939775655,5.6603647521548
edge,400.0,35.496700784415644,36.43665707592986,5.988208463668559
edge,401.0,35.4993140150998,36.44325799873071,5.70548126598348
edge,402.0,35.50342907238677,36.44629059854457,5.376681460497078
edge,403.0,35.506177535153924,36.4482744230662,5.776011677587568
edge,404.0,35.507009309786156,36.44870749354437,5.625275625918816
edge,405.0,35.50633268169225,36.44786301985023,6.01339850699919
edge,406.0,35.5073110014503,36.44716506840116,6.178574986294212
edge,407.0,35.51066845515907,36.447462105869086,5.854594748477324
edge,408.0,35.51763853483189,36.4466956371027,5.982785546577405
edge,409.0,35.52498333155164,36.445881760832606,6.030375344421705
edge,410.0,35.532503725375186,36.4448056023071,5.492390666663086
edge,411.0,35.539653521561895,36.44439214523834,5.692592916591462
edge,412.0,35.54676864718139,36.44451141279841,5.850315823081873
edge,413.0,35.55263753630441,36.44311831453027,6.337563022649396
edge,414.0,35.558162720836435,36.44288903697806,6.17670536738307
edge,415.0,35.56313986979007,36.44238225549575,6.220527032679181
edge,416.0,35.56650805726634,36.44298696000647,5.8933288141943265
edge,417.0,35.57255367965859,36.44294776374511,6.036539831126396
edge,418.0,35.57459122665606,36.44339882716601,5.712802357228398
edge,419.0,35.57720725786829,36.44306127929622,5.862302901298241
edge,420.0,35.57951948750627,36.443086193706755,5.777764266740429
edge,421.0,35.580687819189144,36.44335313289294,6.000206451656561
edge,422.0,35.582496397547,36.44253131411844,5.658495540519626
edge,423.0,35.5854282652249,36.440591228001026,5.712069364473238
edge,424.0,35.58908585155478,36.44131639932911,5.570381271478885
edge,425.0,35.59042324411534,36.442368456849294,5.29751931689969
edge,426.0,35.5909960954873,36.443781240452516,5.70154288227695
edge,427.0,35.59142728421759,36.444941355681514,5.405345896979501
edge,428.0,35.59085636930959,36.44539957813835,5.320617582259012
edge,429.0,35.59272057133302,36.44395934839976,5.376333450271922
edge,430.0,35.595836759964264,36.44241762559355,5.55876140098638
edge,431.0,35.5981998077563,36.44230208998631,5.311028103096259
edge,432.0,35.59895170983351,36.4417697188135,5.837349517611907
edge,433.0,35.597384325147345,36.4419833442606,5.112171307953021
edge,434.0,35.5971235045957,36.441306787411335,5.228873648666001
edge,435.0,35.59695601791866,36.44121757760651,4.967052787801097
edge,436.0,35.595871908587725,36.44075328845613,5.561500995553808
edge,437.0,35.5946578503466,36.44147157677136,5.381775687499262
edge,438.0,35.59884139012947,36.44245929496157,5.381922439090269
edge,439.0,35.59950787182921,36.44163424813534,5.2688286123855095
edge,440.0,35.59964902560947,36.44102371348918,4.949249562016588
edge,441.0,35.60090074906966,36.439794931838435,5.028492700885817
edge,442.0,35.60275913013208,36.43904914521579,5.232542925177549
edge,443.0,35.603615971144436,36.438141602337865,5.225462088236084
edge,444.0,35.60549029440046,36.43564366229933,5.082028395952323
edge,445.0,35.60879683224758,36.43351598959841,5.286968368604569
edge,446.0,35.61082790005578,36.430674486453896,5.344591017111886
edge,447.0,35.61009641338584,36.42781331746801,4.987612707402612
edge,448.0,35.606694640068895,36.4261664843223,4.975764072672952
edge,449.0,35.60385940436564,36.42547434146745,5.22302114269781
edge,450.0,35.600929122418144,36.422235808806214,4.605013833535704
edge,451.0,35.59735765642358,36.420894461721254,5.371047203631155
edge,452.0,35.593075010361275,36.41913618799505,4.577988260261204
edge,453.0,35.587121051657675,36.41599379591768,5.194815613698528
edge,454.0,35.58075718898446,36.41368172646087,4.907283173383072
edge,455.0,35.57300514509919,36.41161001072351,4.975153885652551
edge,456.0,35.564740909807604,36.41096573039177,4.919323830537188
edge,457.0,35.55727381064249,36.41011509112836,5.162268844098827
edge,458.0,35.54840142516142,36.40730963188785,4.812365030209783
edge,459.0,35.537939300247565,36.40745644080086,5.3594030901531475
edge,460.0,35.52601128352083,36.40777532613174,5.366373764986387
edge,461.0,35.51360191178892,36.40716406495923,6.035272637228738
edge,462.0,35.50359480283067,36.40580988234236,5.892985565812689
edge,463.0,35.49377565122069,36.404805692310184,5.291993425317351
edge,464.0,35.48477018474505,36.40334239545794,4.783756152207909
edge,465.0,35.47703747624563,36.401283864141384,5.538967496868517
edge,466.0,35.469918845851645,36.39912395043256,5.593701142728341
edge,467.0,35.463889401135994,36.39936409500705,5.743082669161997
edge,468.0,35.45781928799325,36.39935429517165,7.419480808792871
edge,469.0,35.45213407044079,36.39905554744929,7.317636933209052
edge,470.0,35.44635443688495,36.39909321791261,6.996797990344812
edge,471.0,35.44115468349774,36.39968448239423,7.136361232438901
edge,472.0,35.43603951822266,36.39940755076907,7.631779347657103
edge,473.0,35.431051956279774,36.39927466258524,7.197123473685602
edge,474.0,35.42700431087247,36.39790197137868,7.229598104747855
edge,475.0,35.423449000486514,36.397017586373565,7.161423723645171
edge,476.0,35.42103749556773,36.39673286499495,7.205832372214325
edge,477.0,35.42024146187609,36.396800260155636,7.354424689294986
edge,478.0,35.42072649662588,36.39810796556753,7.953271037157842
edge,479.0,35.420811684931756,36.39800026611712,7.298071437808794
edge,480.0,35.422283847688654,36.396683679799196,7.2063842751383165
edge,481.0,35.424220558312285,36.39755528125394,7.814088295818992
edge,482.0,35.426400945516974,36.397886231438875,8.145131618998327
edge,483.0,35.427656595773925,36.399338370986115,8.587194152466687
edge,484.0,35.428294925047005,36.399865106435016,8.657735624718166
edge,485.0,35.42991547978625,36.40078320521059,8.621065782251371
edge,486.0,35.43198091022342,36.400618885277616,8.9643628605111
edge,487.0,35.43444178215235,36.40024886717516,9.164937005531572
edge,488.0,35.43674345620328,36.39989732854172,9.990169649510914
edge,489.0,35.43923084461433,36.398477052093426,10.835469331049108
edge,490.0,35.440858250733534,36.39919132558347,10.252376879965237
edge,491.0,35.44218657706626,36.40050109940068,10.363528259287492
edge,492.0,35.44388183106368,36.40012145696822,10.303537131207083
edge,493.0,35.446247728311285,36.400809841440726,10.441220812154832
edge,494.0,35.449167559914464,36.401304378523264,10.43184902399959
edge,495.0,35.451294775779466,36.40407718596709,10.72196658806892
edge,496.0,35.452607218334414,36.407543246396955,10.345471579888393
edge,497.0,35.4536552983424,36.409899870969966,10.808298407598167
edge,498.0,35.45518662296401,36.40988666012026,11.264921547627033
edge,499.0,35.45639646799628,36.41126908660822,11.196638906462711
edge,500.0,35.46147983701785,36.41407283506999,10.515828475778529
edge,501.0,35.463558026841106,36.414883651647685,11.240603509882131
edge,502.0,35.465677293850206,36.41512147899872,11.213003797856981
edge,503.0,35.46844912385233,36.41540581459531,10.60647021515613
edge,504.0,35.470703035697944,36.41592150578318,10.688666138578679
edge,505.0,35.47381513036973,36.41641703009026,10.884708004816304
edge,506.0,35.477269540321466,36.417016932403435,10.741593302604393
edge,507.0,35.47994524436498,36.41815258573742,10.75820652346383
edge,508.0,35.48156600864718,36.41948654818283,10.53944888935171
edge,509.0,35.4825055622987,36.42003581615328,10.447698322578479
edge,510.0,35.482985906214346,36.42204171852953,10.001329568389293
edge,511.0,35.4834846550856,36.42281475188179,9.58848620736051
edge,512.0,35.4838974709027,36.42322406152017,9.230197933071128
edge,513.0,35.485595506651926,36.42234033092143,9.564164960947053
edge,514.0,35.48940791822258,36.423779671533296,9.476727689316547
edge,515.0,35.493772068359256,36.42416847371443,8.92452673483621
edge,516.0,35.49733652097922,36.42531272533045,8.810111939543713
edge,517.0,35.50090075898432,36.42655415471153,7.9612735344539916
edge,518.0,35.50591629250256,36.42720004711107,8.13664594184884
edge,519.0,35.51303263133408,36.428412595020994,7.60456348137882
edge,520.0,35.5197353289892,36.42883287172375,7.139049876457969
edge,521.0,35.527353061982474,36.42812340067196,6.821217238896546
edge,522.0,35.53571497836091,36.42793229921316,6.718237881033201
edge,523.0,35.54587315252084,36.42708704719664,6.328167153836567
edge,524.0,35.55663434406548,36.426406743572926,6.2201503648146765
edge,525.0,35.56607865483494,36.42749723658552,6.716235561297734
edge,526.0,35.575747171812374,36.42814674960412,6.780556925025664
edge,527.0,35.584775104223496,36.42709914638159,6.572277583780997
edge,528.0,35.59291970581853,36.42646364798187,6.579007214905728
edge,529.0,35.60021766553036,36.425421017921096,5.9894267497714715
edge,530.0,35.6068299502361,36.42527199106041,5.886071561103995
edge,531.0,35.61445815842891,36.42433805387193,5.961996285716513
edge,532.0,35.62051361392257,36.424255796121784,5.718835722325466
edge,533.0,35.624774927920114,36.42365013875506,6.190478526286071
edge,534.0,35.63011330948206,36.42220882440837,6.040703574771369
edge,535.0,35.63312889786762,36.42162177882906,5.89562507673025
edge,536.0,35.645242410864455,36.421809375080585,5.873779237329897
edge,537.0,35.64943466641626,36.42331298563638,5.728502037750026
edge,538.0,35.6518681071319,36.42411085008714,5.5478586058880035
edge,539.0,35.65432777666292,36.42276476974219,5.46154971858132
edge,540.0,35.657253802101046,36.42161298672947,5.6957317654880235
edge,541.0,35.6590443436093,36.41927779869283,5.7161054359615076
edge,542.0,35.65818164376087,36.41692798961658,5.49111509742614
edge,543.0,35.660077215623026,36.41544009620425,5.5018984524945065
edge,544.0,35.660368657632645,36.414095281815506,5.3927915422169805
edge,545.0,35.66059609564371,36.41192633265976,5.477021469878745
edge,546.0,35.6602181145917,36.41201772982587,5.284647804350346
edge,547.0,35.65972593129309,36.41160097937017,5.2332382638785
edge,548.0,35.659593715434,36.41112533101944,5.738634736201077
edge,549.0,35.65975706920778,36.41031997558224,5.492448516725396
edge,550.0,35.659165439095965,36.40956859153654,5.439303688642983
edge,551.0,35.65761923973273,36.40811123305011,5.662540209414045
edge,552.0,35.65398992546537,36.40544450630208,5.452863575264264
edge,553.0,35.650526141303125,36.402966050659316,5.749906167024065
edge,554.0,35.646538060913,36.39926570739156,5.535067560361004
edge,555.0,35.64410557387498,36.39658206363799,5.425764626607095
edge,556.0,35.64154615325839,36.39472732722811,4.968573719216769
edge,557.0,35.639495753265045,36.39144686175748,5.3182370743711935
edge,558.0,35.638455391556754,36.3888644273152,5.40247327191867
edge,559.0,35.636973003814205,36.38762592214769,5.30878332089726
edge,560.0,35.63565535007358,36.38704853603671,5.409588469441707
edge,561.0,35.634946472031515,36.38445922394939,5.0928372184002
edge,562.0,35.63481942158314,36.38332293506459,4.969576903136778
edge,563.0,35.631585125251554,36.38149985201015,4.766376181543427
edge,564.0,35.62809854362425,36.37808940685439,5.406817561892332
edge,565.0,35.62270875964771,36.37615534840819,5.093303509104704
edge,566.0,35.616837484231894,36.37315364553687,5.498952322347016
edge,567.0,35.61236834061671,36.37006596416611,5.356341119181513
edge,568.0,35.608103374370664,36.36701398926378,4.998486633921784
edge,569.0,35.604051943750164,36.36344773847511,5.07126517412726
edge,570.0,35.59921664575848,36.36151698287792,4.966324085787143
edge,571.0,35.59296631340983,36.35911148743482,5.267680490337647
edge,572.0,35.5853718133277,36.35805706014675,5.132769493901305
edge,573.0,35.577250988812345,36.356856217797244,5.5397647377461405
edge,574.0,35.569623004579654,36.355535316700916,5.67101627644791
edge,575.0,35.56433507260076,36.35470209606596,5.501090482159082
edge,576.0,35.55844269234863,36.35224281446505,6.185371671039187
edge,577.0,35.55364050154311,36.35009599725286,6.003774092241316
edge,578.0,35.54919722342823,36.348455323377394,6.087486771258574
edge,579.0,35.544337660148784,36.3472063916096,6.597110291436882
edge,580.0,35.5386688525852,36.34691195818128,6.919419640407384
edge,581.0,35.5347398460644,36.345260128712106,7.597991730355091
edge,582.0,35.530061222823825,36.34406866919307,7.5645914838731345
edge,583.0,35.52626292516228,36.34379040641137,8.209644707571044
edge,584.0,35.52115742541061,36.34420338742031,7.655135996334243
edge,585.0,35.51546088640162,36.34377644200875,7.735318721720843
edge,586.0,35.509408230103205,36.34334729760965,7.9951857243296445
edge,587.0,35.50365249417446,36.34276701173495,8.421028687872816
edge,588.0,35.49831152634293,36.34299507258123,8.86109208435844
edge,589.0,35.49485275338279,36.34369024298302,8.544334214703435
edge,590.0,35.49235192134429,36.3441248239275,9.092503954629242
edge,591.0,35.48901348882227,36.34638038289724,9.488009343140943
edge,592.0,35.48444909597403,36.34887058045907,10.3396626859195
edge,593.0,35.47987413211411,36.35085758286133,10.583774359843893
edge,594.0,35.47634084810601,36.35308365615501,9.727917511371945
edge,595.0,35.473552381260276,36.35410783408337,10.682922949151902
edge,596.0,35.472053721726205,36.35461611437355,12.347159867643356
edge,597.0,35.47188839304998,36.354879638823675,13.110620321060107
edge,598.0,35.47168328616635,36.35434375628679,13.918290679758762
edge,599.0,35.471457787795096,36.354116659326394,14.105932820123627
edge,600.0,35.469927229143565,36.35494998336226,13.777449911747116
edge,601.0,35.46851316985796,36.354438707044764,13.942568880571162
edge,602.0,35.46824669916568,36.353492076502164,14.475949886320391
edge,603.0,35.4687277118466,36.35346075562307,13.647669228741698
edge,604.0,35.46893599663712,36.354264691674636,13.9378479795046
edge,605.0,35.469630974143215,36.35473159131067,14.294468164451946
edge,606.0,35.47076501482818,36.35497013908058,14.02204702117173
edge,607.0,35.47206381753974,36.35524627171999,14.007547444783068
edge,608.0,35.47278628744367,36.356047635507,13.444382397205711
edge,609.0,35.47263301195569,36.357026336990415,12.759210800562816
edge,610.0,35.47330453341279,36.35698626542542,12.284993030415091
edge,611.0,35.474560193930536,36.35827358936466,12.704008476185756
edge,612.0,35.47586039518526,36.35900244721954,12.868810831960307
edge,613.0,35.47774055252188,36.3593612610773,12.906996190312787
edge,614.0,35.47970945554698,36.35959708621752,13.042132639088425
edge,615.0,35.48147400447852,36.36128136166309,13.147873803494331
edge,616.0,35.48224920219931,36.36262156141716,12.501588218145894
edge,617.0,35.48333293087826,36.36422726073339,13.002082762140287
edge,618.0,35.4851101495356,36.36698095354638,13.04116706454381
edge,619.0,35.4882846167318,36.368132360351055,12.413890869303962
edge,620.0,35.491300123129264,36.3690404094737,12.369950011338535
edge,621.0,35.48402455341954,36.36286949386381,12.526712033060779
edge,622.0,35.48485408318743,36.36504501388484,12.052853566021561
edge,623.0,35.48564254120324,36.367073800832344,12.25565677104087
edge,624.0,35.486660394394406,36.368039520259416,11.628499363823472
edge,625.0,35.48764118528153,36.366892982827935,11.90295401734657
edge,626.0,35.48973702724257,36.3669311839337,11.458299676754592
edge,627.0,35.491502118818325,36.3673615650355,11.39828116844258
edge,628.0,35.492851525427994,36.366898175025895,10.846425041119293
edge,629.0,35.493258580052085,36.367248132018354,10.655885913907973
edge,630.0,35.492266694246524,36.36810059311365,10.854010133500237
edge,631.0,35.49146978406637,36.36999792886892,10.516564078466104
edge,632.0,35.491691915936975,36.37196903209071,10.04097405297943
edge,633.0,35.49196433188795,36.374150787654315,9.325992812624717
edge,634.0,35.49460621290132,36.37458446630913,9.378651060548139
edge,635.0,35.49885433176826,36.373840017753686,8.918538404558348
edge,636.0,35.50400821167079,36.37455691654572,9.028294985631433
edge,637.0,35.5032888680437,36.379816963706844,8.514463749546046
edge,638.0,35.510993175806455,36.380668473382386,8.14891989394693
edge,639.0,35.51249057241353,36.37983564882611,8.301434299636364
edge,640.0,35.514488695291675,36.378784123287055,7.893376462670503
edge,641.0,35.51707309288848,36.37931346794038,7.991864281833195
edge,642.0,35.51983606067917,36.378633595084935,7.457362615952593
edge,643.0,35.52151827992117,36.37962558456136,7.363885574304179
edge,644.0,35.5213265791227,36.38104491306694,7.7075390724109365
edge,645.0,35.520680107194345,36.381877489030046,7.201825188032985
edge,646.0,35.51998097386088,36.38037892631758,6.9839016445130895
edge,647.0,35.51837187252145,36.37933008398464,6.612530707732002
edge,648.0,35.51684371159931,36.37737361568802,6.536570730216464
edge,649.0,35.51625151325799,36.37772667095988,6.6067434661405535
edge,650.0,35.51662392907112,36.37944626725679,6.867986511409612
edge,651.0,35.51817699631547,36.37978557065624,6.374896197807905
edge,652.0,35.50520457638298,36.383322241001764,6.444949072023014
edge,653.0,35.50947530657647,36.38455634576965,6.69128483659675
edge,654.0,35.51382872846679,36.385532317644646,6.292952590354741
edge,655.0,35.519138999106275,36.386144377997724,6.191091375751943
edge,656.0,35.52408918406685,36.384776898478954,5.977882007126576
edge,657.0,35.52714458974675,36.38393727739411,6.185463365243649
edge,658.0,35.52922674100941,36.383271853778496,6.425623553104609
edge,659.0,35.52958850515533,36.38326250299766,6.1948535058054865
edge,660.0,35.528083940838414,36.38322954784003,5.928259674914402
edge,661.0,35.52782283222962,36.38368446909831,6.105535537567386
edge,662.0,35.52894522023079,36.38484172756092,6.188031101361725
edge,663.0,35.53089297823532,36.38684278420799,5.998795343788027
edge,664.0,35.53269422696779,36.387120990396674,6.245477178307928
edge,665.0,35.53527098190025,36.38657367361214,6.170603415889451
edge,666.0,35.536973620929054,36.385794124205106,6.356593773578119
edge,667.0,35.538605568728244,36.386145916722974,6.35688274508501
edge,668.0,35.538732036569805,36.385286804841996,5.721076737212263
edge,669.0,35.5387930709135,36.38509033983464,5.707939652990316
edge,670.0,35.538727490820705,36.38567823429208,6.1334923799380405
edge,671.0,35.53803972253305,36.386345068159805,6.1756688379068105
edge,672.0,35.53827017805698,36.38494523532998,6.415929442734481
edge,673.0,35.5388175048139,36.38380156372359,6.3520276747867594
edge,674.0,35.53899461179112,36.38257644340049,6.045512948935756
edge,675.0,35.53711561320469,36.382946757653094,5.7872544726876285
edge,676.0,35.5341973963041,36.38280832769426,5.949159455136096
edge,677.0,35.52931057582507,36.383289943420124,5.886267541343688
edge,678.0,35.52324401468426,36.384278523787856,6.105064356828651
edge,679.0,35.51770136603072,36.38481974145177,6.099176455252403
edge,680.0,35.513696315085525,36.384722737530105,6.275461761102489
edge,681.0,35.5091819572699,36.384846085114205,5.492772238278134
edge,682.0,35.505002056203125,36.385060818765616,5.599629603488234
edge,683.0,35.49976146224145,36.38520125733461,5.717439516777471
edge,684.0,35.49298017581729,36.38412596280125,5.633248689757648
edge,685.0,35.48585370978695,36.38309543162366,6.058743647307088
edge,686.0,35.47899115543218,36.38336109255487,5.457816662389003
edge,687.0,35.47234756707539,36.384234819347085,5.592919344124427
edge,688.0,35.46629979630517,36.38477905528703,6.2034299948152505
edge,689.0,35.460587731315165,36.38474713560144,5.653852320893023
edge,690.0,35.4556253719089,36.384712817721194,5.5441784275908255
edge,691.0,35.45113242322093,36.384475010120596,5.574074290095348
edge,692.0,35.446824567201055,36.38529822865436,5.909469096097052
edge,693.0,35.440948936994005,36.38660097277854,6.025286636876823
edge,694.0,35.43577856232072,36.38817097174274,5.930610067616418
edge,695.0,35.431086137137044,36.38690750408635,6.346998911537426
edge,696.0,35.42684730505163,36.38725718074971,6.802162967622955
edge,697.0,35.42363236124422,36.38691431724827,5.989878151017635
edge,698.0,35.42175924279053,36.385957481511916,5.870673967942505
edge,699.0,35.41988155888617,36.385022722657965,5.796425099267942
edge,700.0,35.418219178803575,36.38423110540286,6.080467277770747
edge,701.0,35.41658175984387,36.383448161927724,6.609041808820759
edge,702.0,35.41482324037399,36.38299259425655,6.361480113919185
edge,703.0,35.41313204242178,36.3826900826115,6.148951398300579
edge,704.0,35.41271977843013,36.383060032388855,5.821518097881749
edge,705.0,35.41226959148601,36.38420848105533,6.029456417692591
edge,706.0,35.41127306759034,36.386436347513346,5.931892142119381
edge,707.0,35.41088821554183,36.38693526588967,5.6819004835256735
edge,708.0,35.41020481815373,36.38639300438268,6.049488966533824
edge,709.0,35.4094945022406,36.38738484908059,6.022013760286898
edge,710.0,35.40943992282972,36.3884635214633,6.08712392739019
edge,711.0,35.40988508098425,36.38898270209342,6.646409935808336
edge,712.0,35.410888885893684,36.3891792927335,6.3585017897142375
edge,713.0,35.41170797182497,36.389450990088484,7.25099256851381
edge,714.0,35.41198565921537,36.389355780205484,6.821715812650977
edge,715.0,35.41262577534856,36.38976255970157,6.652119268117473
edge,716.0,35.4129966980161,36.389728358646266,6.813138335763771
edge,717.0,35.413590173944456,36.390421571236296,6.767162093689059
edge,718.0,35.414604223042886,36.391801686071446,6.693676781630238
edge,719.0,35.41504985348915,36.391853132580415,6.1135957806010115
edge,720.0,35.43540818968846,36.39631943139924,6.18432937751603
edge,721.0,35.437846487459296,36.39711834944929,6.5581495372699905
edge,722.0,35.44125542698544,36.39726783239332,6.47790721354774
edge,723.0,35.44449223517975,36.39699203683176,7.183433091606844
edge,724.0,35.46186178116128,36.40008222765577,6.859240106961003
edge,725.0,35.46844927597956,36.403431686954534,7.216343687469736
edge,726.0,35.47426776907423,36.40420676229199,7.085412213695795
edge,727.0,35.47896498759943,36.40504990296148,6.633887197911054
edge,728.0,35.48341106624755,36.406433112519146,7.205436269990159
edge,729.0,35.48719940234277,36.40639333284651,6.847583588044547
edge,730.0,35.49062475801898,36.405605018171606,6.986234231040717
edge,731.0,35.49542459033633,36.40476002571268,6.736388608560187
edge,732.0,35.500569963085375,36.40511991935197,6.939912232419286
edge,733.0,35.50598988271554,36.404967885196115,7.205446535070711
edge,734.0,35.51031886211105,36.403673643927064,6.6335862299521375
edge,735.0,35.51406304300184,36.402752086921666,7.024448828453247
edge,736.0,35.51755883602548,36.403995402972114,6.989539416318264
edge,737.0,35.5200462200511,36.404247560389415,6.325570003162136
edge,738.0,35.522214222452895,36.40461892584244,6.158113103863652
edge,739.0,35.526172251741116,36.404335226023385,5.946150567642261
edge,740.0,35.53007662832771,36.40456152764203,6.133188297976066
edge,741.0,35.53482335498897,36.403301434084604,5.99137760566996
edge,742.0,35.54846480060436,36.402788039361376,5.872093773470368
edge,743.0,35.55193546841558,36.405425016966575,5.706271435425952
edge,744.0,35.55398985662916,36.40478040462499,5.848634124734048
edge,745.0,35.55728356058701,36.4044211365633,5.95725118009787
edge,746.0,35.560965162467056,36.40315000172555,5.5779774320461195
edge,747.0,35.56407764135403,36.40243118581404,5.7417105572652885
edge,748.0,35.56718584611898,36.40137491962127,5.344343122902694
edge,749.0,35.569793119774346,36.401007750387436,5.470050684363763
edge,750.0,35.572701297557245,36.40008967954574,5.597496417294053
edge,751.0,35.575404397709384,36.397996116682876,5.4759717434799375
edge,752.0,35.57632554036424,36.397646402436344,5.633967402440836
edge,753.0,35.58095503411147,36.397674417027886,5.092360887861407
edge,754.0,35.583639851790885,36.397112116890696,4.982675603591199
edge,755.0,35.585740680504415,36.3960531726628,4.936639788844582
edge,756.0,35.58700068826557,36.39513127148156,4.667556129474347
edge,757.0,35.58693862645122,36.39494290535993,5.112346464942244
edge,758.0,35.584054386806194,36.393180779297936,5.2089570148311
edge,759.0,35.581613781933164,36.391160190498155,4.89816877835695
edge,760.0,35.579869947723296,36.389545830285876,4.947819020632817
edge,761.0,35.57571717870071,36.388540324202175,4.845698231495058
edge,762.0,35.57098586007288,36.387649989529834,4.679526902017521
edge,763.0,35.56664407467306,36.38803053563506,4.739742384761858
edge,764.0,35.56065713756992,36.389186651525115,4.677466627076287
edge,765.0,35.55277589092439,36.38843313484708,5.032649785608571
edge,766.0,35.546127616284444,36.386101277530486,5.014556878572138
edge,767.0,35.53950573719346,36.38532153009257,4.611095582328819
edge,768.0,35.53343353928419,36.383565036581174,4.900413443557064
edge,769.0,35.52760316926405,36.38403698933226,4.741168557192527
edge,770.0,35.520879063473245,36.385066004748616,4.97475667631797
edge,771.0,35.51417300766675,36.386001574185464,4.802150584677887
edge,772.0,35.50875889387018,36.383883206439194,4.809271548257321
edge,773.0,35.50266560988256,36.38280430340791,4.830766048157182
edge,774.0,35.49530820668756,36.382185501886205,4.931573257465784
edge,775.0,35.486524126507476,36.38096220549713,4.5284949654660975
edge,776.0,35.47574828650612,36.380175809233734,4.818599526934037
edge,777.0,35.46583318553489,36.37909940599266,4.808148797799783
edge,778.0,35.455535849933014,36.377785820271065,5.103229606450685
edge,779.0,35.44624345402672,36.37560943538909,4.798159339300659
edge,780.0,35.436501129679556,36.37428010667338,5.564936562364129
edge,781.0,35.42921948373085,36.37064472834149,5.767139033003694
edge,782.0,35.42330275014408,36.36943379551557,5.75612990010047
edge,783.0,35.41895220553662,36.36861865637113,5.185939882253658
edge,784.0,35.4161469752073,36.36869677840229,5.535496609688963
edge,785.0,35.412746708089045,36.36814687293981,6.794983175004214
edge,786.0,35.40943946432552,36.3691597366372,6.346498845882399
edge,787.0,35.40581486636816,36.3707165038993,6.540695644165716
edge,788.0,35.40239973197572,36.37074762989629,6.569198791960541
edge,789.0,35.3995488123589,36.37005225187854,5.889558227408543
edge,790.0,35.398095383827254,36.36965579216499,6.355883976433994
edge,791.0,35.3972902143584,36.36837828265961,6.767598280496137
edge,792.0,35.39771053011981,36.36817554814351,6.957637482235748
edge,793.0,35.397605958654,36.367387100938906,6.576734825712123
edge,794.0,35.39827821621934,36.36715185964528,6.876988800033574
edge,795.0,35.39798010611097,36.367816125334365,6.537122445848147
edge,796.0,35.39692972577595,36.368821928365875,6.325754395811948
edge,797.0,35.39554592657811,36.37062097921311,6.291624997754758
edge,798.0,35.39454277891676,36.37079029532324,6.832948606967147
edge,799.0,35.39465370010892,36.370278464682734,6.79831672103128
edge,800.0,35.39515729710708,36.369721706983064,7.5595037927047235
edge,801.0,35.39715494693793,36.368817957983495,6.976650386173846
edge,802.0,35.39896372328091,36.36819439845225,7.076623701551565
edge,803.0,35.39925924311627,36.36744350956059,7.589536164896014
edge,804.0,35.39940748268106,36.366508345843776,7.071977622452147
edge,805.0,35.40035364595747,36.3655552095102,7.772189693834823
edge,806.0,35.40064219888281,36.36647328984828,7.88199298881043
edge,807.0,35.40041084036033,36.36767334943258,8.753692815785417
edge,808.0,35.39926714101147,36.36992801323621,8.631312942642488
edge,809.0,35.39853929595723,36.3735274820113,9.192071874074276
edge,810.0,35.398159348054264,36.37639668180109,8.993522421301332
edge,811.0,35.39933415203991,36.37785147362927,8.600325489582362
edge,812.0,35.401833733426884,36.37827120090426,9.378961003118773
edge,813.0,35.4030691061629,36.37886420427781,8.757368419824584
edge,814.0,35.40472774222607,36.37804664154092,9.456490058719044
edge,815.0,35.40704167426231,36.377083136397296,9.766500308468496
edge,816.0,35.41017586591838,36.375490208913355,9.343023378248732
edge,817.0,35.41258915492472,36.37531980903147,9.015810084790843
edge,818.0,35.41473989197973,36.376038007324965,9.491752899205698
edge,819.0,35.41614129557535,36.37592460190493,9.12340350200529
edge,820.0,35.417137739278246,36.37589254153177,9.440113884201171
edge,821.0,35.41738684679337,36.3760982158964,9.190709638924737
edge,822.0,35.417113148546335,36.377161280345,9.408607787214436
edge,823.0,35.416601253110116,36.37807969651538,9.47939620406555
edge,824.0,35.41748301244344,36.37880038073929,9.165486503139949
edge,825.0,35.41828694593818,36.38013680278736,9.263386111491647
edge,826.0,35.42044223750334,36.382098070850475,9.360635517451312
edge,827.0,35.421981061974556,36.38377462709052,9.294382989434098
edge,828.0,35.42563698440753,36.38422365635781,9.375169898932203
edge,829.0,35.42525607286677,36.386587667586575,8.747086984221426
edge,830.0,35.42403943162169,36.388340655610556,8.058908859647715
edge,831.0,35.42340292436067,36.39086084397588,7.725902988894761
edge,832.0,35.42316092172663,36.39216167932429,7.4593978935812935
edge,833.0,35.42336684243949,36.39337155404753,6.65493769629143
edge,834.0,35.42340462313458,36.39419024633218,6.7730735564048805
edge,835.0,35.42378903691015,36.396102144418236,6.852997160330661
edge,836.0,35.424698506643935,36.39740957041206,6.687958028918066
edge,837.0,35.42545718662969,36.39803762124961,6.133875804205756
edge,838.0,35.43102519356814,36.399571607305475,6.262012052928844
edge,839.0,35.43603642146303,36.40391411804322,6.138341256442859
edge,840.0,35.43873499794636,36.4042251074406,5.696253428425353
edge,841.0,35.439138903776296,36.40384232619755,6.1090836312523065
edge,842.0,35.43959512128666,36.40318547726001,5.756549005569426
edge,843.0,35.44033052969662,36.403209125941494,5.962736511891727
edge,844.0,35.44198119258405,36.40410221469123,6.001393611771034
edge,845.0,35.44364171761088,36.40422558372978,5.986246642599562
edge,846.0,35.44782618221713,36.40302368291926,5.645475010996643
edge,847.0,35.45430915806542,36.40334726386116,5.348289010568696
edge,848.0,35.46186674180509,36.403723946182446,5.5483399002272344
edge,849.0,35.46878031748018,36.40306558659132,5.1737246859403285
edge,850.0,35.47364405643128,36.40234407412095,4.902625025932537
edge,851.0,35.47834871731572,36.403520562319216,5.144030382602574
edge,852.0,35.485140450598614,36.40475743575269,5.131568850434104
edge,853.0,35.4920451980397,36.4050283414949,5.0394307789142125
edge,854.0,35.49870162081277,36.40653097090767,5.197064884318958
edge,855.0,35.504866068420974,36.408307295623764,4.95008357048091
edge,856.0,35.51132909597041,36.407976015790524,4.952918035788368
edge,857.0,35.51766190262388,36.40735157422272,5.068723861494103
edge,858.0,35.523237602174966,36.40762015111912,4.891476569610193
edge,859.0,35.52750177073717,36.40857754090039,5.138979095658954
edge,860.0,35.53180804661784,36.409377659741544,5.160913902725673
edge,861.0,35.53658767421446,36.40948645963303,5.098183058773097
edge,862.0,35.54190777422221,36.40877772064409,4.63965837311618
edge,863.0,35.54604838814275,36.40867262422082,4.630406416918431
edge,864.0,35.55137045110292,36.40787284930921,4.827784674767518
edge,865.0,35.556125000574674,36.40799030672962,5.182764977693123
edge,866.0,35.56041041208805,36.4081984624735,4.706706239659564
edge,867.0,35.564533285750976,36.40926033398198,4.522671375233257
edge,868.0,35.5687388916674,36.40776626448763,4.87328786927564
edge,869.0,35.57235176952183,36.4080056552123,4.367037126826604
edge,870.0,35.574161427028905,36.407507265951146,4.720607888657787
edge,871.0,35.57595660932663,36.4074600962546,4.957260656204959
edge,872.0,35.57890823835045,36.407712699989055,4.558144513279512
edge,873.0,35.58187869703897,36.40808862877477,4.7110071909492435
edge,874.0,35.58460607354358,36.40568328621315,4.988657900538547
edge,875.0,35.585524585881274,36.40401506850757,4.8523939625248875
edge,876.0,35.585752611190244,36.40263058038087,5.240079649452417
edge,877.0,35.58551831460766,36.40137555978923,4.818682537679426
edge,878.0,35.582762809288305,36.40111502236735,5.015902734339387
edge,879.0,35.58219797077265,36.40130815077873,5.084227072212773
edge,880.0,35.58185958578706,36.399689766491825,4.913020827173957
edge,881.0,35.581754937527755,36.397512591607075,4.728726248091693
edge,882.0,35.58185293649386,36.39692734219461,4.70628477512005
edge,883.0,35.581370557686036,36.397503656649604,5.184001450876142
edge,884.0,35.58082698425761,36.39697807007571,4.463610887741948
edge,885.0,35.57935590431195,36.3962595449692,4.98745745649917
edge,886.0,35.578260619085924,36.394709349587586,5.069249963917365
edge,887.0,35.577190647030584,36.39235817622032,4.741727703622053
edge,888.0,35.57667985809791,36.39115005822788,4.3122568002223485
edge,889.0,35.57526637053423,36.39093385560614,4.746032567936293
edge,890.0,35.57530998361461,36.39070275090967,4.488264283381316
edge,891.0,35.57645082635463,36.388627781552024,4.393136243894393
edge,892.0,35.57641656676341,36.38561844401401,4.316639904568077
edge,893.0,35.575012489398915,36.38450197410801,4.498876760106249
edge,894.0,35.57332622203614,36.382864490048604,5.226159899726234
edge,895.0,35.56859773903383,36.38003102145915,4.674965070997348
edge,896.0,35.565987847404664,36.378593749676405,4.541462959723049
edge,897.0,35.56353591820076,36.37603328685898,4.478131589316427
edge,898.0,35.56031912679468,36.375259387291635,4.704980409289529
edge,899.0,35.55538826574864,36.374407348075756,4.329925103779762
edge,900.0,35.55154411861314,36.373256649712594,4.58068407582291
edge,901.0,35.54724418827837,36.37152733344112,4.629131060922992
edge,902.0,35.5414482271688,36.37003759264098,4.418323256603927
edge,903.0,35.53605195874164,36.36847939272184,4.231852264385994
edge,904.0,35.529497895744726,36.367373697537225,4.2473613503511976
edge,905.0,35.5225346549402,36.36505447789922,4.657989314585899
edge,906.0,35.51514690977153,36.36447614577228,5.658153374460346
edge,907.0,35.50665171168759,36.364932882144565,6.231010276890473
edge,908.0,35.497408407580856,36.36287841717023,6.295857571448474
edge,909.0,35.486233352576456,36.36152246008356,6.69972764371728
edge,910.0,35.47640148777334,36.3616520905881,5.410979603539119
edge,911.0,35.46691139853975,36.360532336333236,6.001050476616399
edge,912.0,35.45679621780444,36.35842906877945,6.671554792060395
edge,913.0,35.44769649495546,36.3560942528949,6.6607384082131285
edge,914.0,35.44065715859529,36.35523513554062,6.6667390812298475
edge,915.0,35.432672966050575,36.35514427543438,6.544445510787879
edge,916.0,35.42478680971522,36.356118257597615,6.841019076782873
edge,917.0,35.41826032070197,36.35461588484829,6.697139943705211
edge,918.0,35.41288386756055,36.35394873992564,6.967018995541185
edge,919.0,35.407858325781696,36.35476552902901,7.2370166312136135
edge,920.0,35.4031562065236,36.354892285051584,8.061601889406628
edge,921.0,35.39803845165147,36.354106988836364,8.26911766310608
edge,922.0,35.39434308487132,36.353763661120595,8.578697676937583
edge,923.0,35.391247799050106,36.3535878817335,7.946132032444166
edge,924.0,35.388248680340176,36.35485190414608,8.336519052268478
edge,925.0,35.38655881379283,36.35641697743251,8.992246483443875
edge,926.0,35.3859488986609,36.356638841941766,9.08841692391011
edge,927.0,35.384896939585886,36.35770279494481,9.508613753832957
edge,928.0,35.38295403472929,36.358033299906054,9.060458486333768
edge,929.0,35.382195610144166,36.358396362200985,10.36701473951907
edge,930.0,35.38265758243908,36.35866853437512,10.013659350668966
edge,931.0,35.382927796908746,36.358385796988934,10.138533315349832
edge,932.0,35.382597872678105,36.35830170134492,10.243108675508186
edge,933.0,35.38362885041069,36.35914691477428,10.901947383317975
edge,934.0,35.385817973937726,36.36070806282932,10.957266528978138
edge,935.0,35.388336989393586,36.362283607740146,10.929502053219544
edge,936.0,35.39028410541035,36.362234253998736,11.308252080693828
edge,937.0,35.39244923020129,36.36104515503454,11.64556676094423
edge,938.0,35.39435983058912,36.36131255631867,12.382500188332717
edge,939.0,35.39604962380333,36.36179656010983,12.100763157828347
edge,940.0,35.39751069934319,36.36303384102452,12.061224436594328
edge,941.0,35.39826537867681,36.36540455995036,12.040973888596328
edge,942.0,35.39902563591262,36.36724290341339,12.503052265309623
edge,943.0,35.40078864913197,36.369195996251534,12.49818703099399
edge,944.0,35.402813629797386,36.36963228371278,12.584432641573507
edge,945.0,35.405115685832286,36.3688486634652,12.64447486745722
edge,946.0,35.41171283978866,36.37310748533229,12.61941976906509
edge,947.0,35.41521056032109,36.37585907911465,12.404518591638865
edge,948.0,35.41773929952708,36.377318621506035,11.941355586651358
edge,949.0,35.42133890283432,36.37796653616389,12.30969705391535
edge,950.0,35.425238698849554,36.37957935014971,12.434076741196945
edge,951.0,35.42914432995483,36.38152943413405,11.83851131654735
edge,952.0,35.43307846688616,36.38314558821544,11.633201141402235
edge,953.0,35.43612149298726,36.3848386424436,11.418046550528636
edge,954.0,35.43895572693636,36.38590945201754,10.625877599878152
edge,955.0,35.442087689474434,36.38641002807239,10.966904219606825
edge,956.0,35.44508948673403,36.38749939276066,10.490334135476166
edge,957.0,35.44584730788205,36.38766063345305,10.388746904469617
edge,958.0,35.446363479570785,36.38744381261111,9.942968909931624
edge,959.0,35.44692337317604,36.386344881283556,9.92001819209943
edge,960.0,35.44800150385817,36.38583127171609,9.832614170356262
edge,961.0,35.44949358252403,36.385029155175,9.482980842950191
edge,962.0,35.452181756971626,36.38569399719977,9.348814868647832
edge,963.0,35.45605445946745,36.38759566380045,7.996258787681821
edge,964.0,35.46135097331066,36.388530784415615,8.017648685855441
edge,965.0,35.46822655592303,36.3872158728674,7.564723452327481
edge,966.0,35.47609091989048,36.386737652381804,6.906791401828469
edge,967.0,35.48206637525947,36.38646312372718,6.678578891600091
edge,968.0,35.48806358924183,36.38689397683046,6.722136083260485
edge,969.0,35.49362420328071,36.38735889626395,6.216896336928316
edge,970.0,35.50105735145055,36.387512813603045,6.266937519073091
edge,971.0,35.508558115269174,36.38836930845067,6.1119115565273
edge,972.0,35.514474731160526,36.38909921589717,6.501554851789557
edge,973.0,35.52092467304893,36.388239811096184,6.370883973125366
edge,974.0,35.52897089627423,36.38811539681008,6.067103974122112
edge,975.0,35.53788133675658,36.38777384909755,5.730851926728782
edge,976.0,35.5479108443459,36.38570574067966,5.746602762027054
edge,977.0,35.55764626533484,36.38481490823489,5.78189682750006
edge,978.0,35.5650590917755,36.38428936358289,5.265707671706082
edge,979.0,35.57187966417914,36.3834445644312,5.75914836022562
edge,980.0,35.57689885687444,36.38410832341737,5.9260413776569365
edge,981.0,35.58153144239036,36.38339005563278,5.588210616955925
edge,982.0,35.58222699110441,36.38047917943983,5.924017943538934
edge,983.0,35.58369704757695,36.381534234209454,5.480846701100388
edge,984.0,35.58278246865345,36.38134993574926,5.200607026873945
edge,985.0,35.58340330141003,36.379959311678896,5.6373149209556015
edge,986.0,35.584206859185336,36.37895942047267,5.236830530444754
edge,987.0,35.58393197667711,36.37819360294701,5.1890175296629195
edge,988.0,35.58252867865806,36.377407729150164,5.045789903528604
edge,989.0,35.581298484635724,36.37727239491762,4.978934950207206
edge,990.0,35.58120392567816,36.375836350678526,4.877063279652566
edge,991.0,35.58264920934669,36.3746928916045,5.044425202904735
edge,992.0,35.58355061794978,36.375712128241936,4.8080367834587445
edge,993.0,35.582912822188774,36.37534754055567,5.282975557478605
edge,994.0,35.58049017922105,36.376619210678534,5.305442173510837
edge,995.0,35.57723462627552,36.3772379500884,5.412925414754799
edge,996.0,35.573884734548244,36.37857507730279,4.8997082409024
edge,997.0,35.569078099280105,36.37911998360015,5.361738296302567
edge,998.0,35.56416591366305,36.37787521299658,5.27080653653665
edge,999.0,35.56015130680475,36.37638396526572,5.378493847384897
edge,1000.0,35.55778398250796,36.375963625789986,4.834493880218928
edge,1001.0,35.55589132552724,36.37373274178716,5.253663468367018
edge,1002.0,35.55448303744599,36.370943590858325,5.175495787464817
edge,1003.0,35.55383839082807,36.36878765925997,4.975153653465602
edge,1004.0,35.550862802264135,36.367850145981826,4.9775063621261975
edge,1005.0,35.54645242449725,36.36620960499297,5.142509989910275
edge,1006.0,35.540874377952385,36.36608017697236,5.011940681016937
edge,1007.0,35.535265164690706,36.36501467690387,5.22634183403494
edge,1008.0,35.52999640112176,36.363929624525966,5.155669665053663
edge,1009.0,35.525704678513804,36.36125733630054,5.114914168685443
edge,1010.0,35.519875789300755,36.360867510183844,5.212538751263419
edge,1011.0,35.51251497868125,36.362244313992655,5.423336793160658
edge,1012.0,35.50422407190916,36.36284955720209,5.167025249431054
edge,1013.0,35.49626637043764,36.36210713960216,5.099481830097144
edge,1014.0,35.48871305857508,36.360337867257,5.408254045699877
edge,1015.0,35.481559006356704,36.36043992388692,5.678607063468024
edge,1016.0,35.47456505940289,36.36023193668015,5.201958877242263
edge,1017.0,35.46806589180827,36.35827897000323,4.932122680113303
edge,1018.0,35.46115783414574,36.356393914966745,4.8389998734973165
edge,1019.0,35.45388240166685,36.35586121518035,5.1786338726243635
edge,1020.0,35.44721182001168,36.355551359244856,5.056864556011397
edge,1021.0,35.441439075955714,36.35522290799702,5.487696810454583
edge,1022.0,35.435732749411756,36.35369561918656,5.4724166650853405
edge,1023.0,35.430393330829126,36.35339829985846,6.206159425604273
edge,1024.0,35.4260308833638,36.353632896939295,6.689607685692156
edge,1025.0,35.42316350752096,36.35419687596359,7.300344078606674
edge,1026.0,35.4202849662074,36.35454663164646,6.272959713850911
edge,1027.0,35.41678839767938,36.354162742495156,5.855067606205119
edge,1028.0,35.41351340932793,36.354049209059376,6.123580538425232
edge,1029.0,35.409932128922975,36.35537528247075,7.01562315285776
edge,1030.0,35.40696462553136,36.35714814269904,7.553733697394751
edge,1031.0,35.40471993339297,36.3581846327394,7.061667934804697
edge,1032.0,35.40256358775601,36.358110638136814,7.0643517369175015
edge,1033.0,35.40027263481713,36.35771248862719,7.788690641924042
edge,1034.0,35.40003419435895,36.35694281449102,8.175912360140373
edge,1035.0,35.401651857455846,36.35470396432609,8.564812490898248
edge,1036.0,35.403736015604494,36.35599248932569,8.722558363886883
edge,1037.0,35.40559516553564,36.35699895346154,9.768305094446536
edge,1038.0,35.40636943740636,36.356892642591035,9.886520629459792
edge,1039.0,35.40800542375126,36.35642911075117,9.00326067702573
edge,1040.0,35.40936580203289,36.35732111246889,9.689052054858657
edge,1041.0,35.40961780764745,36.35854808385522,9.77211419110912
edge,1042.0,35.40817205600979,36.3590497192744,9.489426140275269
edge,1043.0,35.406382605540024,36.35987118070068,9.855858673690253
edge,1044.0,35.40463098551981,36.360076413805935,9.742114636593612
edge,1045.0,35.40416466964237,36.36082630900905,10.097122574955556
edge,1046.0,35.404892295906215,36.36092471811332,10.275517167555098
edge,1047.0,35.40655229052116,36.36108167919308,10.813590876413253
edge,1048.0,35.40855305948993,36.36141526372702,10.676129566100848
edge,1049.0,35.41095132375894,36.360212256145985,10.927318789216283
edge,1050.0,35.412898333482794,36.36043629108401,11.71697267111313
edge,1051.0,35.415162807783055,36.36024861570554,11.97043605400232
edge,1052.0,35.41856397597668,36.361345688972065,12.187559573196145
edge,1053.0,35.42235001045692,36.36233506748024,12.18592663334332
edge,1054.0,35.42565530186324,36.36249702305854,12.001611586921225
edge,1055.0,35.42848634889195,36.36214798719015,11.936941966341028
edge,1056.0,35.432480376411675,36.36129151075509,11.413580028178846
edge,1057.0,35.43580102599637,36.36175890258668,11.463777974451713
edge,1058.0,35.43921882462365,36.36247532039299,11.758804955622864
edge,1059.0,35.44150532579541,36.36423365682984,11.624040885355228
edge,1060.0,35.442624626801994,36.36679001156613,11.376277184817464
edge,1061.0,35.442615563249895,36.369585437870036,10.778327220281078
edge,1062.0,35.44255148513447,36.371147366576054,10.78759840779782
edge,1063.0,35.44192197748302,36.372474474131096,10.63756854561858
edge,1064.0,35.43208082676798,36.39193684862204,10.083127964874722
edge,1065.0,35.43634471348784,36.39073788244799,9.316690047001224
edge,1066.0,35.43612552496271,36.39087282815081,8.736717097445034
edge,1067.0,35.43691298900508,36.39048472014626,9.041174815589459
edge,1068.0,35.43709657342767,36.390348242654056,8.261027193234307
edge,1069.0,35.43686366318225,36.39231012405706,8.01069946324154
edge,1070.0,35.43641653100492,36.39359758702053,7.922515327675812
edge,1071.0,35.436715765293535,36.39366005110291,7.621732576297293
edge,1072.0,35.43851558308657,36.39511900612597,7.192382494060146
edge,1073.0,35.442742266708215,36.39543637495113,6.982079489650591
edge,1074.0,35.448946359953496,36.39569892627218,6.977234099412122
edge,1075.0,35.4568155780101,36.39472833475602,6.795211663883759
edge,1076.0,35.46576773546831,36.39569432857998,6.36325122372998
edge,1077.0,35.47450191111784,36.39646671939246,6.310805874882091
edge,1078.0,35.48318364498719,36.39735100708286,6.1712772169487025
edge,1079.0,35.49529513114728,36.396997739816676,5.743265405656086
edge,1080.0,35.503125065635444,36.39852865860106,5.898079642580375
edge,1081.0,35.51080038181416,36.39957894579593,6.0128415231658385
edge,1082.0,35.518439460109015,36.40005241376096,5.945425081144558
edge,1083.0,35.52669726843786,36.400355055476545,5.594163479943386
edge,1084.0,35.533491374422745,36.402974270026334,5.962665030949008
edge,1085.0,35.54178099519806,36.4042216205628,6.120815672634338
edge,1086.0,35.549819451775036,36.403116922955874,5.77564832494596
edge,1087.0,35.556426839500816,36.402951509941836,5.699211643630875
edge,1088.0,35.562966434942226,36.40345417422092,5.753296852138972
edge,1089.0,35.57021266674918,36.404495991308146,5.792603131214528
edge,1090.0,35.57685564005218,36.403976046057636,5.806943806036083
edge,1091.0,35.5839690921869,36.40338622456497,5.441909541010754
edge,1092.0,35.58936656225524,36.40117067164861,5.534036268264475
edge,1093.0,35.59223377659755,36.39988910209058,5.611282665985572
edge,1094.0,35.59578409129406,36.39961912546582,5.088141715085293
edge,1095.0,35.59977364239887,36.4002574934854,5.307049461682758
edge,1096.0,35.60446331494196,36.40101955998957,5.403373985146318
edge,1097.0,35.60884494655414,36.39996084759521,5.18803975002729
edge,1098.0,35.6131731730813,36.399369231114434,5.323679289816439
edge,1099.0,35.61806484636174,36.39787462442408,5.543686646423051
edge,1100.0,35.622407576487696,36.39666641114769,5.971139264140826
edge,1101.0,35.62534912330887,36.39519249489336,5.285665439115679
edge,1102.0,35.627279023046405,36.39211710653079,5.384108066683002
edge,1103.0,35.62680573404588,36.38953498145286,5.5653244127241415
edge,1104.0,35.6253826069186,36.3894011269898,5.286302059314453
edge,1105.0,35.625266593505486,36.38719892223166,5.432404898086938
edge,1106.0,35.62439581024684,36.386880539948606,5.661555270025925
edge,1107.0,35.62257395056061,36.38628204664073,5.38663222040034
edge,1108.0,35.62237823089496,36.384500725793984,5.50579181119776
edge,1109.0,35.62084957787463,36.38222329747177,5.297156383908824
edge,1110.0,35.61749550619512,36.38072491108552,5.6655839422582375
edge,1111.0,35.61423185986938,36.37977862460025,5.191493509696625
edge,1112.0,35.61102038260432,36.378527112267605,5.5095535070207875
edge,1113.0,35.60813870395295,36.37655261846683,5.32390458601361
edge,1114.0,35.60696374398011,36.373375158020885,5.02043258404405
edge,1115.0,35.60606418441035,36.37164880805946,5.476866352498839
edge,1116.0,35.60450107324884,36.36978662818291,5.5330083827259156
edge,1117.0,35.6035038892549,36.367570386808616,5.567239728143289
edge,1118.0,35.60318066615296,36.36418571982727,5.361556555665283
edge,1119.0,35.602601844113835,36.36160703019516,5.273843941499466
edge,1120.0,35.60158343909278,36.35906908886533,5.535904303817306
edge,1121.0,35.59743590962727,36.35719113243015,5.063628300449677
edge,1122.0,35.59339355886001,36.35462740608983,4.920626243087288
edge,1123.0,35.588414439824355,36.35145537755324,4.924407547674978
edge,1124.0,35.58265175753267,36.348765637183874,4.977369955579133
edge,1125.0,35.57713818324453,36.3466867909116,4.858937713283723
edge,1126.0,35.57204354455204,36.34511448538592,5.491761239003665
edge,1127.0,35.56707476288264,36.34411488356975,4.99467133655342
edge,1128.0,35.56338191654402,36.34308176600298,5.153759841400651
edge,1129.0,35.55977488348464,36.341448631458626,5.318892676823692
edge,1130.0,35.55617373724445,36.34008019729835,4.938597108275491
edge,1131.0,35.55065666735974,36.338995736984174,5.164768904457658
edge,1132.0,35.54418793192275,36.338584431496415,5.0861501479168165
edge,1133.0,35.5376561402561,36.33864207926042,6.248024640742138
edge,1134.0,35.53168286451073,36.33764072705345,6.420702827020779
edge,1135.0,35.52468085763301,36.336449908475565,6.378289870662632
edge,1136.0,35.51661319181415,36.334964500251516,5.9071967099589795
edge,1137.0,35.508685166986886,36.33431970720821,6.014202611303171
edge,1138.0,35.501905227649694,36.332900195132105,6.128105298775308
edge,1139.0,35.49381718137097,36.331735226878216,6.919253926666689
edge,1140.0,35.48495903128319,36.33220511681698,7.295139957096283
edge,1141.0,35.47670473886334,36.33303517620968,6.490155868492451
edge,1142.0,35.468807165205824,36.33419439965783,7.239763664468965
edge,1143.0,35.461121495744756,36.33474847526525,7.976182005986407
edge,1144.0,35.45404358262864,36.33597130688418,7.89469698335915
edge,1145.0,35.447802197562865,36.335701402621496,7.9134789848117455
edge,1146.0,35.442150573884135,36.33615885329835,7.749834493261487
edge,1147.0,35.43609050522019,36.337173728129564,8.01379044008483
edge,1148.0,35.43096620039366,36.33730463165939,8.29614183256691
edge,1149.0,35.426475035803776,36.33550326748055,9.093241769482386
edge,1150.0,35.4235042608809,36.333490478289285,9.859700442809313
edge,1151.0,35.42136420217991,36.332562037912766,9.40444275760213
edge,1152.0,35.418564950145594,36.332512188279786,9.445002496814174
edge,1153.0,35.415286840164015,36.33232138398229,9.308786534881005
edge,1154.0,35.41201972105519,36.33175784534267,10.097625202168917
edge,1155.0,35.41010167552346,36.33157383163426,10.75405818735994
edge,1156.0,35.4088559534097,36.33150302668363,10.749229834220753
edge,1157.0,35.407873034906956,36.33211159448335,12.208327238267435
edge,1158.0,35.40614846017021,36.332316502724076,13.34534176144059
edge,1159.0,35.40514498706398,36.33309199798561,13.261338751925173
edge,1160.0,35.40520753933075,36.333276559114715,13.296593352980562
edge,1161.0,35.40587740993269,36.33419376068697,13.622268966430358
edge,1162.0,35.40674890286598,36.33430200393722,13.29790500651048
edge,1163.0,35.407925707840576,36.334029381748685,13.824224863881767
edge,1164.0,35.4082753038866,36.33524909960482,13.945773368460273
edge,1165.0,35.409209851254964,36.335060995871814,13.693040735426747
edge,1166.0,35.410234621689575,36.33623487371848,13.575385806847486
edge,1167.0,35.411763673439786,36.338363211532666,14.2669442240327
edge,1168.0,35.41293851939926,36.340459872565965,13.59114780281943
edge,1169.0,35.41521096920305,36.341069696569676,13.763509000306872
edge,1170.0,35.41713969196926,36.34036305878459,14.476176100891907
edge,1171.0,35.41884950536963,36.34261399657826,13.74603790667002
edge,1172.0,35.41929150715328,36.34347577037878,13.794064606588151
edge,1173.0,35.41984681398287,36.34416537070485,13.585709827024882
edge,1174.0,35.40583983420464,36.34357511475677,13.586468622674047
edge,1175.0,35.40681028738936,36.34437298316223,13.092365023842266
edge,1176.0,35.40769667121205,36.3448979798717,13.044120588236211
edge,1177.0,35.40924083452596,36.34559748749459,13.09739733952452
edge,1178.0,35.410832461767356,36.3465979784481,12.957743919911975
edge,1179.0,35.41241249121421,36.34786912676217,12.615011373694632
edge,1180.0,35.41361075464511,36.34853648830049,11.583503979062623
edge,1181.0,35.41566910023587,36.34994661418692,11.543090496668075
edge,1182.0,35.418111962063584,36.350875571733006,10.9576296501803
edge,1183.0,35.41999347213004,36.35356885241779,10.399940331436643
edge,1184.0,35.42053308442076,36.35628907360081,10.953732117535804
edge,1185.0,35.41962057230453,36.35761786307074,10.765070698529772
edge,1186.0,35.41935528506763,36.359245974861416,10.414627026564721
edge,1187.0,35.41850581565918,36.359488953788315,9.733808032355434
edge,1188.0,35.41845273374498,36.36018797414149,9.722775956703885
edge,1189.0,35.41896175337324,36.36045191161256,9.665628475231042
edge,1190.0,35.420117059918276,36.360132262572975,9.025970309695213
edge,1191.0,35.42118948240382,36.360630412646806,8.757835839702503
edge,1192.0,35.42276558293825,36.36076725279597,8.6169175185528
edge,1193.0,35.425177447751054,36.35999503071903,8.506305116537881
edge,1194.0,35.42698616705308,36.359989938274964,7.8690490014503
edge,1195.0,35.428304043376656,36.36177293069877,8.131985133282935
edge,1196.0,35.4291474876601,36.36422018074201,7.74396200073179
edge,1197.0,35.43079636828398,36.367001312581294,7.495308533218749
edge,1198.0,35.43290640655612,36.367916771182756,7.786174329895729
edge,1199.0,35.43539472507411,36.36988255737032,6.92470496390076
edge,1200.0,35.433658958738036,36.37200287842228,7.079383513854208
edge,1201.0,35.451059692354214,36.374601075285454,6.883524224325164
edge,1202.0,35.4532445208448,36.37571528718541,6.893947715486482
edge,1203.0,35.45513258254293,36.37731668332081,6.737475913898246
edge,1204.0,35.45583383171303,36.37859357809425,6.07002671706446
edge,1205.0,35.45715906238912,36.37879158015343,6.676296644295558
edge,1206.0,35.46138855207053,36.37797163213468,6.47919669250062
edge,1207.0,35.46914872386976,36.378184608540764,6.181982642702305
edge,1208.0,35.47737543117564,36.3770409037046,6.109647238329929
edge,1209.0,35.48497682964034,36.37517688571113,6.124634311221742
edge,1210.0,35.492186089715695,36.3735586952209,6.593379520424377
edge,1211.0,35.49813136467236,36.37296306409697,5.549944184863994
edge,1212.0,35.50322591570141,36.373867938708884,5.72628575453608
edge,1213.0,35.498710842541314,36.37433107515742,5.533803376959423
edge,1214.0,35.49940526549504,36.375787951498594,5.802227472385788
edge,1215.0,35.49994014333614,36.375108130751684,5.755241381549832
edge,1216.0,35.49893940599572,36.376654369452496,5.972233530842242
edge,1217.0,35.51268533762785,36.378848597381854,5.62123004867561
edge,1218.0,35.51697021318079,36.38047200689586,5.466293390353034
edge,1219.0,35.52159420414711,36.379769253183575,5.961514751701725
edge,1220.0,35.52708483141116,36.3801104442819,5.822089308511904
edge,1221.0,35.5315164734582,36.380606041139885,5.492840517303976
edge,1222.0,35.53738315937417,36.38150035799201,5.575114936722134
edge,1223.0,35.543240887949395,36.38167861633139,5.430744217282834
edge,1224.0,35.548617069215,36.381208490333215,5.526209379380154
edge,1225.0,35.55255738600598,36.38026590038553,5.296294217703886
edge,1226.0,35.55726014258672,36.38087069348736,5.547617162986821
edge,1227.0,35.56344867712785,36.38070142053301,5.446715953014127
edge,1228.0,35.56908322988118,36.37953069276095,5.332704986202149
edge,1229.0,35.572843798564826,36.378988441217146,5.5076326054155995
edge,1230.0,35.576603805343886,36.37785135229858,5.522362216212244
edge,1231.0,35.57852737838103,36.37850053008833,5.583442219275101
edge,1232.0,35.57998815838046,36.37877711221111,5.521177809469657
edge,1233.0,35.5804797337152,36.37711319580415,5.33386788407527
edge,1234.0,35.5791387168178,36.37639043396182,5.234045467154394
edge,1235.0,35.57784743357355,36.37678346740965,5.529296091443636
edge,1236.0,35.5764183035436,36.37819240113435,5.327257130453458
edge,1237.0,35.57584342819064,36.377178523268235,5.253798612605934
edge,1238.0,35.573535133627935,36.37817334956773,5.323276882849138
edge,1239.0,35.572588829383285,36.37890191060434,4.793741776661192
edge,1240.0,35.571709777258924,36.3793555192659,5.526441130698092
edge,1241.0,35.572033144120844,36.378622142985634,5.3343936370374685
edge,1242.0,35.57238755621692,36.37769895006055,5.7764816675731865
edge,1243.0,35.57093287097042,36.37581205055365,5.261803662060019
edge,1244.0,35.569546648341166,36.37186137320423,5.360556545106494
edge,1245.0,35.56890999835196,36.369171071894336,5.347100876838791
edge,1246.0,35.568294970200455,36.36838696828155,5.105759468879503
edge,1247.0,35.56933588379413,36.36690000123198,5.236649925048771
edge,1248.0,35.570118824327714,36.365929609728376,5.1572837794119275
edge,1249.0,35.56927433752103,36.364365812068336,5.465158122834344
edge,1250.0,35.56780155541549,36.364298900144036,5.350677347030148
edge,1251.0,35.564971789558335,36.363456370956136,5.198999074674848
edge,1252.0,35.56187115739947,36.362222740408846,5.619333968830176
edge,1253.0,35.55973937117643,36.3628249848233,5.25339277114638
edge,1254.0,35.556469624974554,36.362599542536145,5.4450660876994945
edge,1255.0,35.552942567135425,36.36306790584825,4.9062197820534585
edge,1256.0,35.54792486166283,36.36288206762157,4.9928090306178206
edge,1257.0,35.54360533114619,36.36134874835523,5.048071241805172
edge,1258.0,35.54174309141066,36.35907569818085,5.124615924776568
edge,1259.0,35.540071135578216,36.35730190285246,5.604152726491439
edge,1260.0,35.53723358875138,36.35630306263718,5.533878839552223
edge,1261.0,35.532774289668126,36.35439824284369,5.12093055520867
edge,1262.0,35.526574022667596,36.35295351373614,5.468249597648713
edge,1263.0,35.51987765427058,36.3535550879388,5.483485204128636
edge,1264.0,35.51205425884121,36.35264238164615,5.122111958266179
edge,1265.0,35.50338480181102,36.35251337332348,5.630263055570497
edge,1266.0,35.494745702655976,36.35256397371578,5.93030818697497
edge,1267.0,35.48583931684501,36.352889843730004,6.929631773531931
edge,1268.0,35.476828581996585,36.35190618543363,7.111670492710848
edge,1269.0,35.46768371138255,36.35067120523744,6.93846205231001
edge,1270.0,35.45869742784958,36.35043644877377,7.309828760490117
edge,1271.0,35.45218848093773,36.349532204995384,7.249643938194014
edge,1272.0,35.447851271391066,36.348909988147454,6.78294083115048
edge,1273.0,35.44345241127685,36.34845354120021,6.274178166070345
edge,1274.0,35.438113055197064,36.348438286657725,6.396120810728396
edge,1275.0,35.43257847966143,36.347992744364156,6.099402578425877
edge,1276.0,35.42870318690041,36.34601666454127,6.160758866832243
edge,1277.0,35.424904032616766,36.346398738394974,7.159931867408321
edge,1278.0,35.42264248314396,36.345137402696515,7.858089646816687
edge,1279.0,35.420396475429854,36.342815419418606,7.427652101710958
edge,1280.0,35.41891490644836,36.342499453590946,8.202484768292717
edge,1281.0,35.41673123254223,36.342110048062,7.868758702912233
edge,1282.0,35.41413495773981,36.34214436350806,8.129263673350948
edge,1283.0,35.41168018284945,36.343540474451245,8.38189078474678
edge,1284.0,35.40999156635562,36.343594721125555,8.295861456348241
edge,1285.0,35.40889896911398,36.34396674043301,8.006485469509904
edge,1286.0,35.40814939813478,36.34477989944805,9.312669401655985
edge,1287.0,35.40511493614607,36.34561077872414,10.090398261932755
edge,1288.0,35.40304626304366,36.346256872309816,9.051021366564289
edge,1289.0,35.40212987836919,36.347949398251565,9.515061334568333
edge,1290.0,35.40104757917683,36.34919187766557,9.38746541836003
edge,1291.0,35.400538102915085,36.35012103445356,9.233344790126813
edge,1292.0,35.40135112562804,36.35140183933118,9.489791849424837
edge,1293.0,35.40291957241814,36.35022481889776,10.096364072431221
edge,1294.0,35.405366883844515,36.34907230673628,10.306899610450772
edge,1295.0,35.409032440344404,36.34958878501879,10.725484171211965
edge,1296.0,35.4125099031308,36.35062121928057,10.448041430367526
edge,1297.0,35.41645162600904,36.351460068440986,10.605812021700434
edge,1298.0,35.42020485711535,36.3535020770851,11.159582529776547
edge,1299.0,35.42298351367735,36.35515807733692,11.464846886493564
edge,1300.0,35.4250608497063,36.35639139763521,12.098970954259677
edge,1301.0,35.426740806802876,36.356944901843185,11.857279290991421
edge,1302.0,35.42889336322507,36.35726519686453,12.240305715495822
edge,1303.0,35.430301566163635,36.35704694717412,12.178365251592831
edge,1304.0,35.43212589266994,36.35722553673501,12.124782782034025
edge,1305.0,35.43421509263633,36.35694930733921,11.944272941233525
edge,1306.0,35.434846241678265,36.356535708002404,12.33650234391585
edge,1307.0,35.43653281805999,36.35566092243314,11.682723130873853
edge,1308.0,35.43821528587444,36.356289429417885,11.882358254501986
edge,1309.0,35.44091468489624,36.35671232844664,12.034968637583304
edge,1310.0,35.44501239587431,36.35699585398636,11.380062258280448
edge,1311.0,35.4503144308668,36.356733611875526,11.321200139970458
edge,1312.0,35.45604864006226,36.357505318977196,11.590297504229325
edge,1313.0,35.46167972312738,36.35732019003326,11.345851678656139
edge,1314.0,35.4775302465451,36.35869986588011,10.822087442146799
edge,1315.0,35.48084286766545,36.35917363443503,10.404842698958543
edge,1316.0,35.481610853030844,36.359592265169155,9.816990485887333
edge,1317.0,35.4812983627404,36.358731805265904,9.573033248134939
edge,1318.0,35.48043407906081,36.35881850579733,9.514517339662099
edge,1319.0,35.47982863038492,36.35971918387626,9.399490039114415
edge,1320.0,35.47973550714742,36.36188927762433,8.916212297352413
edge,1321.0,35.48110489439164,36.364594192935215,8.621371455106196
edge,1322.0,35.48654156801761,36.36537676892342,8.757843038522386
edge,1323.0,35.49349078485287,36.36617494173679,8.039966794759343
edge,1324.0,35.49567294890922,36.3672847442654,7.401127539635924
edge,1325.0,35.499372905091185,36.369309716545025,7.680605512288086
edge,1326.0,35.50200865935885,36.36904378305841,6.619227828942337
edge,1327.0,35.50439860833692,36.36896507919101,6.555873599471162
edge,1328.0,35.504022013202885,36.372998276978,6.629197818936124
edge,1329.0,35.507492963060685,36.374908124963746,6.2093633092233125
edge,1330.0,35.51107187945111,36.374624729331316,6.52188798412028
edge,1331.0,35.514805912504926,36.374386907240634,6.787438058570813
edge,1332.0,35.51962360821252,36.374187271333675,6.62966984032714
edge,1333.0,35.522819464421254,36.37463418385113,6.590874948936575
edge,1334.0,35.52388355485982,36.37388404995069,6.272723636271457
edge,1335.0,35.525463729282386,36.37434122781244,6.359876400282987
edge,1336.0,35.52644242645435,36.37449167413297,6.062089763037028
edge,1337.0,35.52652866443282,36.37491363967438,5.882788286599309
edge,1338.0,35.52812574202939,36.374962796065546,6.15348263686903
edge,1339.0,35.52987595446105,36.373894837528326,5.775760482510996
edge,1340.0,35.532199849526705,36.3726289451403,5.783958776686681
edge,1341.0,35.533472803586896,36.372593905136775,5.623480583386792
edge,1342.0,35.54162936452049,36.37359520733676,5.852034269041599
edge,1343.0,35.54264110798938,36.373912695189944,5.538702174780525
