state,time,x1,x2,amoc_strength
on,1.0,35.50280501882773,36.04446237847727,16.17519767017511
on,2.0,35.50638299592137,36.0429878983353,16.373698830032037
on,3.0,35.51035448923251,36.04256059899011,15.949896876286406
on,4.0,35.511403649175314,36.0406339566479,16.45019369746885
on,5.0,35.511942372627054,36.03939579746312,16.149437466760617
on,6.0,35.51020352320646,36.04070287635287,16.814869820284407
on,7.0,35.506455259516635,36.0426457648593,17.26558162730391
on,8.0,35.50206057944111,36.04371601008157,16.37416376336821
on,9.0,35.49760537708118,36.04535573075033,16.02668838962105
on,10.0,35.49395274279088,36.04618427339391,17.121138589523348
on,11.0,35.49201696217869,36.04595900618495,17.599729720367904
on,12.0,35.489851294094436,36.04341909103763,16.415651202947718
on,13.0,35.48754084573774,36.04295129929025,15.489396731454066
on,14.0,35.48586442066476,36.04234360649066,16.008311735379777
on,15.0,35.484813284234065,36.04170113532323,15.882417508338692
on,16.0,35.48214343506766,36.04037222578131,16.41422674959341
on,17.0,35.479189140416835,36.040068637622625,16.3725543234598
on,18.0,35.47733609976772,36.0412357106872,15.493970833208893
on,19.0,35.47686446419823,36.04087459387177,15.851370145634831
on,20.0,35.476854864671736,36.041849100868724,15.518601622846646
on,21.0,35.475762257974054,36.043544693578454,15.519905341380156
on,22.0,35.47561554467589,36.04346610997375,15.957268702157561
on,23.0,35.47676110469008,36.04255179469203,15.852739191650304
on,24.0,35.47759664918472,36.04414219125252,15.295488760269897
on,25.0,35.47739633675633,36.04742011485669,14.597333623486161
on,26.0,35.477469662318775,36.04898520743322,15.5110654603946
on,27.0,35.47952200019403,36.049134467374245,14.761142344295646
on,28.0,35.48143249551082,36.04991158550296,15.067221430183206
on,29.0,35.48253738100419,36.049831788859,15.853724332857702
on,30.0,35.48460576562482,36.04949056806901,16.488248910296413
on,31.0,35.4862764524326,36.05033165160849,16.385878384012866
on,32.0,35.48784140525298,36.04983753639522,16.87584850987777
on,33.0,35.48914112839489,36.04879611441651,16.309159954526443
on,34.0,35.48998928247288,36.04852810443049,16.358069887562863
on,35.0,35.491120127250774,36.04731525554726,15.855565320955911
on,36.0,35.49099904561124,36.04704077854876,15.32957408319863
on,37.0,35.4922897870915,36.04699711790841,16.064952880257398
on,38.0,35.492885585520234,36.04916359910988,16.108143095298573
on,39.0,35.49182370853274,36.05097551284612,16.502491732409226
on,40.0,35.49164711401094,36.051021618369255,16.578463380676755
on,41.0,35.49159024523894,36.0513464017456,16.06671162828962
on,42.0,35.49259955491778,36.05091438339564,16.761030576320465
on,43.0,35.49454093638395,36.04845460143958,16.431696581768243
on,44.0,35.49504090550764,36.04609335731373,15.655651726448937
on,45.0,35.495503169902655,36.045462435221694,15.93888959841032
on,46.0,35.496191375232875,36.046860480418154,16.127151960902346
on,47.0,35.49664120100038,36.04594965466375,16.024631851087538
on,48.0,35.4990334392984,36.04540764781696,15.921358025393863
on,49.0,35.501062074964,36.04293241261684,15.707465674227544
on,50.0,35.50180141182241,36.04197041784653,15.75822011404572
on,51.0,35.50183176948383,36.042191327282275,16.520942030377107
on,52.0,35.5014391131246,36.03977005738902,15.628001667837484
on,53.0,35.49882748195382,36.03896340947269,15.63898238739661
on,54.0,35.495320543808326,36.03917229617711,15.560235358719744
on,55.0,35.49222526765929,36.04055149307651,15.020562319175772
on,56.0,35.48899099989708,36.04312453811867,16.069650573261868
on,57.0,35.48609632443356,36.0443070172771,15.977188583583592
on,58.0,35.48263313476495,36.045336396578925,15.43587493825749
on,59.0,35.47865383499816,36.04714227450426,14.350414391102722
on,60.0,35.47548923865861,36.048994908316914,15.738179708654283
on,61.0,35.47205272090335,36.04972284428284,15.788038956669102
on,62.0,35.47081691065046,36.049256923867055,15.09046258718372
on,63.0,35.47093110029186,36.04678181942941,15.399448670666509
on,64.0,35.470106056121985,36.04424237007409,15.387161689375606
on,65.0,35.46933664935179,36.04447821192513,15.528509868641319
on,66.0,35.46923871258616,36.04303951827065,15.244373400394242
on,67.0,35.46971529249119,36.043323382336254,15.440945216531727
on,68.0,35.471491490972205,36.04401913803018,15.479991334916148
on,69.0,35.47177196755634,36.043728727966986,15.432155398162124
on,70.0,35.47167891140757,36.044016921717706,15.744316758763635
on,71.0,35.47206123959626,36.043498067081096,15.566572199323295
on,72.0,35.474454730472814,36.043996339988176,14.539382642065311
on,73.0,35.47635075148963,36.044947869573,13.682777248541008
on,74.0,35.477000267482275,36.04654274558775,15.302445059093097
on,75.0,35.477203782212506,36.04764934356722,16.062115097672542
on,76.0,35.47933246281443,36.04754148539955,15.704328752337162
on,77.0,35.48113503767784,36.047200593612665,15.84272948728789
on,78.0,35.48245716554992,36.047605289337284,15.776771642873967
on,79.0,35.48385669209713,36.04698852027294,16.589528641810407
on,80.0,35.4838549723854,36.04553433139214,15.89546167432035
on,81.0,35.48313229608566,36.04592329666964,15.629226719928722
on,82.0,35.48305752016148,36.04645626116022,15.800256143080183
on,83.0,35.48323204155857,36.04772934581529,15.049665620265282
on,84.0,35.48326000135283,36.048053102705275,15.37423668369027
on,85.0,35.48395691592515,36.04793346251432,14.855048365392424
on,86.0,35.48260977119277,36.04707741998864,14.713716653978715
on,87.0,35.481943376092445,36.04749371768985,15.172642353180393
on,88.0,35.48226131806779,36.04782304355998,15.263276007067924
on,89.0,35.48420451598454,36.04654011746238,15.162791403574737
on,90.0,35.48376307269023,36.04740439124621,15.024994031711806
on,91.0,35.48177768016189,36.047689684388956,15.491730975803225
on,92.0,35.48071096626102,36.04773142412277,15.649959372573967
on,93.0,35.48167508603042,36.048266003621784,14.978260675118747
on,94.0,35.482345207444446,36.04966310225153,16.122967612669942
on,95.0,35.482414265882035,36.04926147388216,15.858252066868257
on,96.0,35.48160825139801,36.04830883556064,15.657189594584661
on,97.0,35.48007166595238,36.049223664090775,14.94394339179485
on,98.0,35.479202444381514,36.049480595170316,14.761937908332492
on,99.0,35.478679570544784,36.051552465799666,15.202424161392914
on,100.0,35.478334021330255,36.05284027789365,14.584722474592931
on,101.0,35.47891831233683,36.052351505374176,14.32259094386821
on,102.0,35.48004515023641,36.05132562657657,14.910716476785264
on,103.0,35.48118350183465,36.0523608772982,15.19233000607531
on,104.0,35.482476567004674,36.05368164908711,14.612548956957426
on,105.0,35.48400634458941,36.05464377684356,15.109525903174589
on,106.0,35.48470956811856,36.055988662040555,14.70646026836081
on,107.0,35.484440979499695,36.055393264451716,15.001256488514088
on,108.0,35.48276247837041,36.056178795034604,14.706081829671442
on,109.0,35.482044644754005,36.05534046535984,14.558942603903539
on,110.0,35.48256831068434,36.054265362073075,15.190980822933199
on,111.0,35.48258673396724,36.05481406540379,14.955231013690248
on,112.0,35.482874877480064,36.05464816036795,14.909638798172052
on,113.0,35.48338284508095,36.052771107682496,14.502249040131423
on,114.0,35.48188630022668,36.0511805125295,15.763190925065993
on,115.0,35.47912037761808,36.04983886206503,15.120203191943489
on,116.0,35.47719604889246,36.04927036335621,15.18834580616694
on,117.0,35.47584909168995,36.04837946542783,15.599356032138108
on,118.0,35.47396813617927,36.05000331477538,16.21974224964685
on,119.0,35.4736225735585,36.05030973961843,15.805786352484212
on,120.0,35.47272896533187,36.04966135834095,14.656523694026566
on,121.0,35.47124241505574,36.047552559142574,14.720255606005066
on,122.0,35.46853433732375,36.04667263180075,16.203135733078966
on,123.0,35.467236536882645,36.04783261767485,15.369502522903055
on,124.0,35.4667351818476,36.047788543396784,14.910562357408843
on,125.0,35.46690957219823,36.04599662829271,15.635757197563454
on,126.0,35.46808609515706,36.044795458643556,15.553479967067204
on,127.0,35.46859854631357,36.04636797944392,15.623238378329342
on,128.0,35.46981825978328,36.04545273163678,15.85258811569993
on,129.0,35.47083669427283,36.043176303596624,16.28884204311896
on,130.0,35.4722982402658,36.042502341535894,15.68617193407621
on,131.0,35.4735056585323,36.04082536682776,15.310431925993718
on,132.0,35.47439593171287,36.039046297118965,15.416574879535194
on,133.0,35.47460935859869,36.03779030606384,15.446834191281873
on,134.0,35.47536994501331,36.037475667012004,14.446687377149324
on,135.0,35.47462828041037,36.03473154740264,14.541829655119052
on,136.0,35.4730303281154,36.03342104118739,14.797609776628256
on,137.0,35.47039370591982,36.03518404131122,14.58863027759245
on,138.0,35.467618816541446,36.03640744510114,14.89021120992173
on,139.0,35.466333135942214,36.036976610598714,15.396103185306163
on,140.0,35.46725721604609,36.036310496502566,16.216692093821486
on,141.0,35.469597463253656,36.03552304692349,15.774412047693612
on,142.0,35.471785012339794,36.03284926636783,15.146175218767223
on,143.0,35.47302242843733,36.0314151493127,15.747738898423934
on,144.0,35.47559762126119,36.030490588949775,15.968617869393189
on,145.0,35.47590439586528,36.03168352080438,15.791579930745435
on,146.0,35.47676511046405,36.03190489380236,16.41927082953447
on,147.0,35.4771052792994,36.029952174055694,15.349093321808276
on,148.0,35.47763910803504,36.027810132142754,15.473459491988196
on,149.0,35.477117888496984,36.02749747166959,14.255675845096306
on,150.0,35.47763699519667,36.029462035864924,15.95456554156678
on,151.0,35.477807812599806,36.03095216361855,14.320872224216142
on,152.0,35.47612349202388,36.03183516046644,15.094912752040798
on,153.0,35.476539210465674,36.032489212020806,15.568662977971982
on,154.0,35.477733850402394,36.031601149780585,15.259414531313446
on,155.0,35.47871155698146,36.0328096160126,15.308210572793291
on,156.0,35.48016466425755,36.03185863997511,15.545383377309417
on,157.0,35.48056120547759,36.028261248833175,15.338164270294211
on,158.0,35.480914833936474,36.0283831964023,14.693662936289588
on,159.0,35.480290863571405,36.02915929278094,15.597958934190956
on,160.0,35.479164192873014,36.025589372297866,14.724240571289165
on,161.0,35.478753787542594,36.02426986812415,15.514495298677062
on,162.0,35.47779554913143,36.02208448077328,15.98984169815727
on,163.0,35.475698603622696,36.02119942836891,16.157323422842346
on,164.0,35.47447520569343,36.022167608836355,15.49875867742108
on,165.0,35.47268928146695,36.023351291885575,15.26774440323701
on,166.0,35.47133668485627,36.02521440758841,15.130765190186533
on,167.0,35.46905722246899,36.026526085741004,14.813337847556049
on,168.0,35.4664917629802,36.027618197439104,14.35563468176175
on,169.0,35.46518948934676,36.02710482784577,14.09278436097999
on,170.0,35.46392969056963,36.02599666265074,14.23436596581022
on,171.0,35.46264386213919,36.02635397828454,13.766724708524016
on,172.0,35.462018855638306,36.02698138175966,13.823655383730346
on,173.0,35.461869752397426,36.025917563862706,14.175770455492493
on,174.0,35.46193651099475,36.02332339578256,14.048231896888385
on,175.0,35.461684072904106,36.0226304508717,14.786670627901255
on,176.0,35.462607717740134,36.02226631846993,14.756983116045141
on,177.0,35.46313792217451,36.022471795172265,14.977589711038725
on,178.0,35.463462935525754,36.023023737139916,13.805369728420052
on,179.0,35.46358426194958,36.02238941922717,14.142316374908855
on,180.0,35.463162557896545,36.021623779681036,13.814450712257607
on,181.0,35.46398944158915,36.0195742117975,13.521140149273474
on,182.0,35.46523888564315,36.02025402271695,13.843480036569826
on,183.0,35.46565379009947,36.02093325815114,14.373872531379625
on,184.0,35.46435253606697,36.02137758061032,13.219839396467458
on,185.0,35.46232988194459,36.02079323086696,13.496629921351225
on,186.0,35.460869125630225,36.021437812742725,13.7226249381643
on,187.0,35.45999035020464,36.02095841404569,13.41110048047075
on,188.0,35.45880276203349,36.02307067505555,13.11845903369075
on,189.0,35.4588900197514,36.02683903679258,13.687555106003341
on,190.0,35.45952761401679,36.03072244040561,13.245857372769233
on,191.0,35.45989029284751,36.03406200066513,13.774638195985572
on,192.0,35.46095612082231,36.035432724241474,14.939576582016606
on,193.0,35.462745998489375,36.03665812727906,15.412359902126394
on,194.0,35.464608462976585,36.03853814306241,15.670274216677406
on,195.0,35.465391676317886,36.038186690423956,15.4494530617269
on,196.0,35.46689416529225,36.0353198567919,15.866130149027594
on,197.0,35.46917110243504,36.03351256298836,15.638269900734915
on,198.0,35.469251941582,36.0343748909291,15.878813318026639
on,199.0,35.469585125442194,36.03624571742064,14.35179989039044
on,200.0,35.46711856614532,36.03686295004536,13.933195419770183
on,201.0,35.46505148514037,36.036887192039224,14.31977761717663
on,202.0,35.46470760365191,36.03653312675704,14.667240875088584
on,203.0,35.46435510259202,36.034551814921365,14.425381956382731
on,204.0,35.46425475393197,36.031945084934925,14.73426898186066
on,205.0,35.464807027959935,36.03116994804463,14.397950947120457
on,206.0,35.46417322628726,36.03131711982825,13.861126257849932
on,207.0,35.46373241298666,36.030906914880426,13.827167801030672
on,208.0,35.46292955418798,36.03099732034572,14.417098497424876
on,209.0,35.463292751288975,36.030630345622995,14.466338322080226
on,210.0,35.464075127081216,36.031884803407316,13.463219739845055
on,211.0,35.464173524153686,36.032868746270736,14.564735185161254
on,212.0,35.465042629195594,36.03438350600107,14.725287059356875
on,213.0,35.46552049129139,36.03695118735136,14.558257813521589
on,214.0,35.46659879177424,36.037924169524445,14.193263506795788
on,215.0,35.46740058497302,36.03823411457653,14.471852686105674
on,216.0,35.46822957046946,36.03747110076311,13.640829753062661
on,217.0,35.46949072952149,36.03516701942583,13.88557220410555
on,218.0,35.470969520987744,36.035735324607515,13.584630289854601
on,219.0,35.47196195322779,36.036293372632464,14.190885582290365
on,220.0,35.47291899871845,36.03670880815036,13.827705807665058
on,221.0,35.47272801714078,36.037456531239556,13.489226721365487
on,222.0,35.47350651320342,36.040002475463645,13.72992831628936
on,223.0,35.47398311213916,36.04218138722721,14.227167290874213
on,224.0,35.47563742905509,36.0431073081494,15.39581839755877
on,225.0,35.47730409068816,36.04350333642899,15.438918967620378
on,226.0,35.48018835020251,36.04314309781297,15.21023469983955
on,227.0,35.48200516864873,36.04168913711392,14.747516933174495
on,228.0,35.48386838480699,36.041863814494754,14.68998488341931
on,229.0,35.48522359132153,36.04067184617825,14.78446205442621
on,230.0,35.48643310578782,36.0406790870795,13.915350145627027
on,231.0,35.48628972461298,36.03962202928514,14.341286746764911
on,232.0,35.48584773067309,36.038091863487715,13.478817441957917
on,233.0,35.484406572236146,36.03843180766439,14.157749212630687
on,234.0,35.483260262816394,36.038042007558765,14.26018724899724
on,235.0,35.482459725302135,36.03781363122986,13.990141030364036
on,236.0,35.48179228199248,36.03655589228278,15.404730189954186
on,237.0,35.48252096748859,36.03583893703143,14.689289313659641
on,238.0,35.48412700317333,36.03439616480526,15.255982240423146
on,239.0,35.48516077857027,36.036528401017804,15.328532147085987
on,240.0,35.48478937950542,36.03896929163531,15.37178056060926
on,241.0,35.48540959579438,36.0367801312176,15.309052490385522
on,242.0,35.48615091892782,36.03492685821211,14.697472721365118
on,243.0,35.485434545586784,36.03249861799087,14.923798257711471
on,244.0,35.48382225661566,36.03007531806631,15.877670243127849
on,245.0,35.48479793830472,36.02908376094713,16.13719927667363
on,246.0,35.48501479199005,36.02745771702577,15.44564307193486
on,247.0,35.486457310358816,36.02700277369235,15.624364484118308
on,248.0,35.487979046265025,36.026246970492586,15.359737600611265
on,249.0,35.48846706982009,36.025915438457666,15.248202937410415
on,250.0,35.48564457548967,36.02573440771852,14.668098075087741
on,251.0,35.48333429222941,36.025340488599525,14.87886530928216
on,252.0,35.48132740438348,36.02317619780124,14.856819342174559
on,253.0,35.47926592648919,36.023615272048254,14.231269593609948
on,254.0,35.478410847182964,36.023346524132364,14.546007826344796
on,255.0,35.47749587890085,36.0233714526291,16.299098704683516
on,256.0,35.47688237063626,36.022314992563956,15.409361608241701
on,257.0,35.477040735008174,36.02236177415609,15.035128780989856
on,258.0,35.47820083128923,36.02450279566871,15.03160745988559
on,259.0,35.4778355583367,36.027497648593986,15.61172224032588
on,260.0,35.477408815609756,36.02896665827973,15.098243401273308
on,261.0,35.47633155150837,36.029551272433196,14.826189216372587
on,262.0,35.4752668478911,36.02885082628121,15.014320172588313
on,263.0,35.47523447226026,36.03041567997904,14.98901908362151
on,264.0,35.4776082865099,36.03121947974228,15.508415231691092
on,265.0,35.47951279851274,36.03050243973169,15.428111133002735
on,266.0,35.48180869787163,36.02926320262151,15.128616173043323
on,267.0,35.482933290487466,36.02878877777376,14.644308388211279
on,268.0,35.483086446546,36.0273273112162,14.82535955794348
on,269.0,35.483428084133955,36.02756894520982,15.026701170550982
on,270.0,35.48368091816151,36.0274247598316,14.610420245811394
on,271.0,35.48376120388601,36.02621813673759,15.07488911866792
on,272.0,35.482728231800635,36.026601286188445,13.908987231701666
on,273.0,35.482093361060286,36.028810798316336,14.70529571308565
on,274.0,35.48115461771676,36.02913546204075,14.786051408377356
on,275.0,35.48251179104147,36.02879367249102,14.996070403221026
on,276.0,35.482637153405925,36.02930452346891,14.343457741099236
on,277.0,35.48153036600679,36.0294991194619,15.188802827762043
on,278.0,35.48169653758969,36.029832501699154,14.521095665424479
on,279.0,35.48148305914353,36.03017823506968,14.837721366335971
on,280.0,35.481887674665536,36.02992330275353,15.406822928611623
on,281.0,35.48304682980095,36.02996519369686,15.938984936074569
on,282.0,35.484090757721304,36.02749033738744,15.266006341103907
on,283.0,35.483510058356295,36.02752235525543,16.53715927520526
on,284.0,35.48158845320466,36.0271271204466,17.314631345864036
on,285.0,35.480551969639336,36.02588746646336,15.842208423908172
on,286.0,35.479454609332336,36.02501190180683,15.832673316037798
on,287.0,35.47759001177077,36.02480187651536,16.222847996494433
on,288.0,35.47536961953721,36.02437460115266,15.352578685981133
on,289.0,35.4746577799452,36.02422170959852,15.724621386558585
on,290.0,35.474426874465095,36.02638085896426,15.31699242377762
on,291.0,35.47131298525686,36.027131787726425,15.656066576899025
on,292.0,35.46877745753893,36.0266285590518,15.279298578405186
on,293.0,35.46782990477164,36.02553490446563,15.091903247864412
on,294.0,35.46787707547066,36.024685717360235,14.500378019644703
on,295.0,35.4662035126651,36.02596598754089,14.493178544537477
on,296.0,35.4648448216386,36.027010696247224,14.722987917345154
on,297.0,35.46349214734995,36.02834958787277,15.201024119703803
on,298.0,35.462634455875666,36.028800635884835,14.762063712398323
on,299.0,35.46104694686504,36.028007797602505,14.15595237348289
on,300.0,35.460994348722565,36.02869482890766,14.788573579910915
on,301.0,35.46036072732686,36.028074730392404,14.896008935475907
on,302.0,35.46025899030257,36.02588244895622,13.875326001944511
on,303.0,35.46074286572291,36.02494749853295,14.439985421919044
on,304.0,35.461669494784296,36.02591117216003,14.666191038346916
on,305.0,35.46149213982774,36.02818320759701,14.904903742267177
on,306.0,35.46290966107727,36.027570643033364,15.298339763490024
on,307.0,35.4639696582759,36.02856913659223,15.506904386649905
on,308.0,35.466079457583625,36.02857620758836,15.573014454448803
on,309.0,35.46864155968174,36.02801747104225,15.589000445128613
on,310.0,35.47047714612571,36.0271477128483,15.18987330187617
on,311.0,35.471134425203935,36.026972415036425,16.1505064318649
on,312.0,35.47087001584878,36.02813173891628,16.18695760652097
on,313.0,35.4717826424995,36.02777554975839,14.966574837499863
on,314.0,35.47236023401173,36.02581773962444,15.614198402604233
on,315.0,35.473087038978335,36.023734481392516,16.045318755378243
on,316.0,35.47368512143897,36.02139871859404,16.010384108346326
on,317.0,35.47502886702,36.0203921580508,16.018314650994
on,318.0,35.47645421563191,36.01990883161285,16.188035948406764
on,319.0,35.477831074366776,36.01847720564049,15.782737275316453
on,320.0,35.477535887051225,36.018575665725294,15.208034621420335
on,321.0,35.47748283720278,36.01910266608094,14.88052681950494
on,322.0,35.475949677849876,36.01967359549788,14.148703729522406
on,323.0,35.47433551591073,36.02103565861795,13.643978997285869
on,324.0,35.47191830099115,36.022280071518104,15.209895059651942
on,325.0,35.46900474979157,36.02224134186384,15.596790885278338
on,326.0,35.46809680849599,36.02256858081462,14.68841427634553
on,327.0,35.46799362076574,36.02298149408124,15.057733520188226
on,328.0,35.467518234808416,36.024084477167115,14.823490252914446
on,329.0,35.46627810073786,36.02541413492328,14.912454269877323
on,330.0,35.465802609408705,36.025463619236916,15.622417643319714
on,331.0,35.46645506892324,36.025101638315775,14.613852692540533
on,332.0,35.46698725861956,36.02646751775363,15.746528925452033
on,333.0,35.46782051488735,36.027883839869745,15.819380397925713
on,334.0,35.469332529159864,36.02896960244238,15.868467809966392
on,335.0,35.46859808769754,36.02902992541175,14.955593609530542
on,336.0,35.465913889787515,36.03070080202088,14.384829034552478
on,337.0,35.46565110020522,36.03062779693148,14.808361456094827
on,338.0,35.4666698526688,36.02961861047749,15.36046468244238
on,339.0,35.467934916325994,36.02875746626967,15.449261671962423
on,340.0,35.468735377700206,36.02941711897096,15.325446667233019
on,341.0,35.46911965449245,36.028616455992925,14.828843298389394
on,342.0,35.468331516314095,36.029627793963,15.265297865497487
on,343.0,35.46687313820799,36.02968114968139,15.073386998734039
on,344.0,35.46583137921584,36.030811021141,15.190458684544264
on,345.0,35.464560672676775,36.0307878893731,15.152881448033739
on,346.0,35.462609443807025,36.03066904876932,14.890128783951418
on,347.0,35.46092947173925,36.030130619241596,14.683501672522834
on,348.0,35.46034253704276,36.029093571181534,13.884899083426596
on,349.0,35.45960570272201,36.0276864611129,14.040910046148255
on,350.0,35.45848654801302,36.02710121230331,13.922875923512557
on,351.0,35.4562403680099,36.026546807302424,14.418314960151903
on,352.0,35.45507579784278,36.0267271165577,14.179243674212454
on,353.0,35.45597479554095,36.02784521067103,14.759365571305116
on,354.0,35.456900226365825,36.02874760955413,15.044813547867136
on,355.0,35.45792423000721,36.03031056749862,14.999932687206359
on,356.0,35.458944040928856,36.03020595116399,14.994015045616457
on,357.0,35.45977417999527,36.03047995649818,14.455218513218618
on,358.0,35.46144110303382,36.02816533762379,15.383053698267684
on,359.0,35.46401290763495,36.02467642189494,15.090946801716033
on,360.0,35.466247079127506,36.02146460324141,14.057268464758925
on,361.0,35.46723572280934,36.021224076720486,14.889640977187133
on,362.0,35.46828376148074,36.020956140288924,14.533007782962049
on,363.0,35.47131571466167,36.01981723134912,15.539778194368136
on,364.0,35.47582643695603,36.01875358543635,14.782498265360921
on,365.0,35.476813708316136,36.01894866378045,14.716749072998686
on,366.0,35.476003345015506,36.02222222916391,14.792919157162553
on,367.0,35.475690310226646,36.024683874327266,14.65131468988156
on,368.0,35.476324264681836,36.02555776448357,16.129373042991517
on,369.0,35.47534259376208,36.02500607051318,15.12035464105382
on,370.0,35.47567767794342,36.0239495293294,15.430955750885186
on,371.0,35.47509986877876,36.023013667574574,16.10475903597781
on,372.0,35.47599961148353,36.02359251789732,15.802532695497941
on,373.0,35.476040956593565,36.02535312058624,15.74510759384965
on,374.0,35.47593528778911,36.025501513289555,15.023564478311561
on,375.0,35.47461765780056,36.02498855621162,15.612358368766955
on,376.0,35.47380051103162,36.026579093895066,15.463747539499575
on,377.0,35.473234648897005,36.027803356739426,15.699760136077057
on,378.0,35.47204838614698,36.02652553229012,15.15417291992763
on,379.0,35.46989898733891,36.02636019538803,14.009470708626678
on,380.0,35.466752153160954,36.027416666479226,15.536483122878131
on,381.0,35.46381511968844,36.02738571036491,16.119224259949046
on,382.0,35.461557088741564,36.02962253253228,15.587577013299725
on,383.0,35.45941374119601,36.029241608809585,15.154033977434139
on,384.0,35.45853203340519,36.02750134341853,15.143693174060271
on,385.0,35.458158847106326,36.02483077768636,15.515748226693692
on,386.0,35.45786610210594,36.02332867827822,15.216077886048039
on,387.0,35.45899329779179,36.022325172416494,14.921625906671666
on,388.0,35.45888206203015,36.023022753252384,15.16785079147369
on,389.0,35.45915635590499,36.02167079588995,15.675160776151419
on,390.0,35.45987395192283,36.02146651075139,15.017664264147054
on,391.0,35.45978419972369,36.02143960452992,15.377068838465883
on,392.0,35.45987798965518,36.02282847548221,16.468051581806446
on,393.0,35.46100790476496,36.025210937034934,15.120118409409358
on,394.0,35.46086967331737,36.02540919689056,15.519376320726877
on,395.0,35.4599255020303,36.02560842407563,16.0106251157745
on,396.0,35.46019355983467,36.025258698073486,15.125752753647795
on,397.0,35.459691924472104,36.02531464558318,15.388581965158671
on,398.0,35.45865668606297,36.024183551749786,14.300050423743183
on,399.0,35.45584668773624,36.022953459950884,14.710781920705271
on,400.0,35.45347250908249,36.022027648120776,14.689569771914286
on,401.0,35.45141087280387,36.020459252684326,14.297266241055443
on,402.0,35.45104478561089,36.01875412574956,14.832652695112941
on,403.0,35.451441314489095,36.017912590048105,14.573252008985765
on,404.0,35.45168230867501,36.01912559829451,14.379995410622742
on,405.0,35.45180432791491,36.01959106515236,14.491683469919519
on,406.0,35.451226583798366,36.02017796693707,14.284982154084645
on,407.0,35.45022616542306,36.02076930165911,14.048055330569822
on,408.0,35.448916055358126,36.02101662871875,13.62613055447896
on,409.0,35.4474036753252,36.020303882562295,14.584273387143245
on,410.0,35.44725922985096,36.01933859586595,14.686557208330328
on,411.0,35.447357552147686,36.01748292046094,14.350382189412947
on,412.0,35.44619388758378,36.01845279297962,14.248329192981373
on,413.0,35.44448578246258,36.02096345642246,14.212759570506506
on,414.0,35.444966402808916,36.02071518303532,14.477544679563682
on,415.0,35.446287782640695,36.022019651868845,14.732826553434343
on,416.0,35.44791256925975,36.02471002216642,14.259263625258406
on,417.0,35.450794242319866,36.02625029408257,14.42935487599498
on,418.0,35.45354039358929,36.026535620579985,14.179010562699395
on,419.0,35.45555768686107,36.02874480815074,13.74798106973368
on,420.0,35.456752173132365,36.030806039490045,14.234075298859318
on,421.0,35.45691904307089,36.03238542537953,13.929611903847173
on,422.0,35.458155431344615,36.034254997897925,14.579851172339758
on,423.0,35.45889355538204,36.03457205997731,14.349267874161097
on,424.0,35.45961356101519,36.03493641179635,14.29844794227315
on,425.0,35.45858528215741,36.034679791093524,14.365802067400347
on,426.0,35.45790399512957,36.03452994322909,14.531937571251031
on,427.0,35.457371014370764,36.03402933473667,14.588762121139599
on,428.0,35.455071076841605,36.03520873190481,14.393417940449519
on,429.0,35.45433147809458,36.03379425233233,14.516572927890403
on,430.0,35.4535758473728,36.03312504628526,13.981210180493953
on,431.0,35.45345929105813,36.032534605096444,14.018156629129443
on,432.0,35.454111298127444,36.02985466384179,14.515595173388078
on,433.0,35.45507816571055,36.02879108374018,14.010772781013141
on,434.0,35.45552184646283,36.029134681014305,13.29672525369859
on,435.0,35.454764721017675,36.02835226838786,13.556338004565042
on,436.0,35.453040286073595,36.02781056373503,13.751089400925842
on,437.0,35.451120321076694,36.02556261764642,13.594603121052362
on,438.0,35.45217577886088,36.023477753897126,14.429660954468897
on,439.0,35.45547064440054,36.0215832783198,14.506520409739629
on,440.0,35.45753590693666,36.02032912835049,14.226954725304644
on,441.0,35.45961035289161,36.020575036409404,14.318585521079882
on,442.0,35.46125741851366,36.01979799907247,14.554671138251521
on,443.0,35.46199110452674,36.01999743958376,14.795193500131429
on,444.0,35.463901801882514,36.02088174047934,15.067518440120377
on,445.0,35.46585448236991,36.02131370771518,14.37730093762128
on,446.0,35.46613571495771,36.02381107015623,14.311859192247152
on,447.0,35.46442158210637,36.024214427616734,14.251172605730584
on,448.0,35.463470432553436,36.024832382305476,14.358869502779939
on,449.0,35.461374494131206,36.0240610286851,13.473977070727578
on,450.0,35.45874262206061,36.02443100238617,14.402728467383808
on,451.0,35.45629785959227,36.02444841538584,13.971697763908418
on,452.0,35.455207059412736,36.025996147073776,14.6356710917001
on,453.0,35.45504605141028,36.026316405026456,15.525804804970212
on,454.0,35.45738532552896,36.026992898737475,15.278977311951941
on,455.0,35.46080469126798,36.02610221654351,15.002702370561135
on,456.0,35.462679976456606,36.02616668917154,14.45447303117857
on,457.0,35.46498015241397,36.029652685124766,14.20073714139389
on,458.0,35.46535259623745,36.032257261695484,14.435201580047698
on,459.0,35.46630543682062,36.03202286410005,14.281535582086203
on,460.0,35.46679769051937,36.03098832439079,13.776613555470057
on,461.0,35.46543479437849,36.02938247955378,14.038631112819363
on,462.0,35.46347767286818,36.02877148876126,14.822514696552085
on,463.0,35.46291506599975,36.0295740637182,15.385856409844369
on,464.0,35.46423422875977,36.03001775439496,14.4878985544309
on,465.0,35.46556816928888,36.03053961771114,14.754368933519677
on,466.0,35.46717758289817,36.02978245362578,14.77336154465737
on,467.0,35.46706732640899,36.029150260585936,15.316741786399259
on,468.0,35.46747519518694,36.02821134953121,15.26069613103655
on,469.0,35.46803408929904,36.02599605161907,14.708599383920614
on,470.0,35.46695214669091,36.02514518775251,13.820342633922051
on,471.0,35.464815624902286,36.026371222227645,14.552589420957652
on,472.0,35.464236484145516,36.02916037437914,13.252887066286803
on,473.0,35.46277439546439,36.02984830534906,13.607844012712313
on,474.0,35.46218000841371,36.030559112489186,13.930732114477566
on,475.0,35.461498931366,36.03210778668027,14.216470401337563
on,476.0,35.46096627157372,36.032456430492076,14.72766564395969
on,477.0,35.46127053597694,36.03270857764823,15.98542865174494
on,478.0,35.460936222117205,36.03287426137857,14.821280989138884
on,479.0,35.45833762897134,36.03262373727526,14.578460870806165
on,480.0,35.455912653434886,36.03274973784972,15.08661885152804
on,481.0,35.45453210510982,36.03213943446397,13.581694055131162
on,482.0,35.453577395880615,36.030169077159634,14.16735057795005
on,483.0,35.45486194913553,36.03103612099903,14.719145965894864
on,484.0,35.456595656239095,36.029144307386495,15.019565535930653
on,485.0,35.45779264475178,36.028290002430026,15.147299290497397
on,486.0,35.45983470995017,36.0270730163622,14.477597348217568
on,487.0,35.46024550880616,36.0274832669953,15.095814123925223
on,488.0,35.46011417753814,36.02817079817646,15.38073415910325
on,489.0,35.45956709756567,36.027779828050726,14.249495781575824
on,490.0,35.46041191971615,36.02923706109985,14.21951723072857
on,491.0,35.46193829746982,36.03260268900751,14.231862260006984
on,492.0,35.46153280909029,36.03343733570787,14.377829278218005
on,493.0,35.462663066615654,36.03512694367633,14.53554975818778
on,494.0,35.46304259940517,36.03565379006909,13.77820878614217
on,495.0,35.46411551776532,36.03579335161336,13.582668686074289
on,496.0,35.464248722105694,36.03539071394007,13.460916746651302
on,497.0,35.46367933983631,36.032755840857234,13.373944947552054
on,498.0,35.46322490008944,36.0325142138152,13.554256715497871
on,499.0,35.46340546954395,36.03199819590891,13.459567284490426
on,500.0,35.463657177062224,36.03380899718669,13.038501482008368
on,501.0,35.46416522033159,36.0355036028957,15.183635961154339
on,502.0,35.46425088087689,36.03700887728189,13.978653169199323
on,503.0,35.463981269838825,36.03702165184518,14.4152402020997
on,504.0,35.46474569102831,36.03606683874554,14.653148071141413
on,505.0,35.467150120372,36.03421998694714,15.075773257202727
on,506.0,35.47063451345485,36.03254972215856,16.47560374818595
on,507.0,35.47561855650166,36.02955005326347,16.029896286550116
on,508.0,35.48000401145885,36.027657513607515,15.838892846330035
on,509.0,35.48262827327869,36.02861142050765,15.79938575661919
on,510.0,35.484296704759345,36.02999183910312,16.2772736310246
on,511.0,35.483535108230285,36.029488468565454,15.85218670931104
on,512.0,35.48276279637789,36.02957120347811,15.8314518753212
on,513.0,35.48249748812934,36.03067367242436,16.806158034543287
on,514.0,35.483101134318794,36.03222100122381,15.641012380582005
on,515.0,35.48134244819331,36.03300683025266,16.744551392517508
on,516.0,35.48022070646339,36.03401905076684,15.300309083211499
on,517.0,35.479905868280156,36.03381088420384,15.84053994499246
on,518.0,35.47859290674975,36.035067756697615,15.072224198031378
on,519.0,35.47555287816026,36.03665652410743,14.597242479776334
on,520.0,35.473878873573774,36.03500046374256,15.444321217646209
on,521.0,35.472342977520924,36.03331151470725,15.220841682213969
on,522.0,35.47092698156415,36.03225204498532,15.133099591679684
on,523.0,35.4694247355321,36.02999023346498,15.641642983814055
on,524.0,35.466831760673,36.02910483515808,15.636863179980626
on,525.0,35.466200799442746,36.03034681195038,15.473141362979295
on,526.0,35.4667367102922,36.030119673009466,15.726419468813884
on,527.0,35.46800331577818,36.028366292734916,14.887172702178798
on,528.0,35.468088892024966,36.027017011351155,15.50163317228168
on,529.0,35.4690027825486,36.028391281839795,15.763102694351556
on,530.0,35.469721204036254,36.03182790365941,15.686202117879716
on,531.0,35.47054701441468,36.03241218708816,15.306744834743629
on,532.0,35.47192681466893,36.03221185642427,16.00651196160345
on,533.0,35.47447407158565,36.03291834624886,16.500595763528754
on,534.0,35.476640621628334,36.03220227670448,16.595107100633907
on,535.0,35.47908843091758,36.0317954613463,16.3497771235404
on,536.0,35.48062708687516,36.031554902461316,16.304208326993926
on,537.0,35.48111817581906,36.031179960583025,16.656825023250878
on,538.0,35.48325872008899,36.030672793898795,17.182785713805874
on,539.0,35.48392999807525,36.030172483907585,15.935452578414395
on,540.0,35.484790039688384,36.032620123310586,15.660290403251022
on,541.0,35.484389826540124,36.034168890814904,14.843480178323873
on,542.0,35.48413314129672,36.032053049403174,16.50184039017904
on,543.0,35.4842671940638,36.0305274227324,16.488808849030836
on,544.0,35.48547171499981,36.02931913511235,16.056557171160932
on,545.0,35.48591582495169,36.02736324443968,15.487887499069114
on,546.0,35.48552614084344,36.02638390929697,15.052909957999201
on,547.0,35.483950050328694,36.0267670639571,15.809204349981009
on,548.0,35.48144337718824,36.02880941265965,15.159471142274853
on,549.0,35.47815596017826,36.029113545779126,15.684322765225051
on,550.0,35.47415676053388,36.03053088154319,17.099952656560312
on,551.0,35.46857046664453,36.030633060426794,18.03375301777163
on,552.0,35.46405416799116,36.02845314703197,17.809468875850516
on,553.0,35.46171482897828,36.02757682833062,17.25391793549223
on,554.0,35.460082769066375,36.02632306828352,16.398737513623765
on,555.0,35.457499971697786,36.024479622550345,15.91166163193277
on,556.0,35.456334458484925,36.02436211996066,15.773944655670615
on,557.0,35.45716167495338,36.022853808718224,15.635478616533877
on,558.0,35.45833631070759,36.02038941668255,14.661003409493734
on,559.0,35.458560637309,36.020538184814775,14.814901518639125
on,560.0,35.45832044407007,36.020849438167964,14.900184480869939
on,561.0,35.45735204259541,36.024105676426636,15.942622728401645
on,562.0,35.457339925324845,36.02609344278729,15.673356533599609
on,563.0,35.45813036004487,36.02521913582349,14.85689450767509
on,564.0,35.45888239672566,36.02356468606545,16.054202080278632
on,565.0,35.459575492271895,36.02211392870729,14.997087548133454
on,566.0,35.46136779199779,36.024174426768994,15.466494846107665
on,567.0,35.461327351983435,36.02689634033574,16.338877972060985
on,568.0,35.460359050883135,36.0282355233681,17.665872532108917
on,569.0,35.46045256050615,36.031818667700236,17.893660020485136
on,570.0,35.461681858321825,36.03354554799382,16.810104409435965
on,571.0,35.462696590519045,36.03190050518914,16.406329314432913
on,572.0,35.46258668422369,36.030414516296474,15.368284863392311
on,573.0,35.4619723339395,36.03016044329348,15.198682500914583
on,574.0,35.45872300938683,36.03089812032072,15.084192622795264
on,575.0,35.45655959218901,36.0318221289692,14.585999205029186
on,576.0,35.45564609668287,36.02962854430997,14.0187606351659
on,577.0,35.45494517530476,36.028441601586216,14.455203377539885
on,578.0,35.45383184869858,36.02693435954449,14.393737118171547
on,579.0,35.45279094726857,36.02649229115725,14.400578055666257
on,580.0,35.452150397980006,36.02733930108287,14.9967568399044
on,581.0,35.451713969934595,36.026678096172915,15.268377738705137
on,582.0,35.45275515310831,36.026582676580006,15.23130311715429
on,583.0,35.45432753535936,36.02538412135588,15.348244298684774
on,584.0,35.4559597864219,36.02317612099093,15.30481755322118
on,585.0,35.4578313846802,36.022076520490835,15.229471065576734
on,586.0,35.459228381260104,36.02002447832978,15.136411137828153
on,587.0,35.45966109397515,36.01860802654959,14.366417813060249
on,588.0,35.46050520724879,36.019638024082504,15.116665740577767
on,589.0,35.46031128819568,36.02094546861773,14.672274186798775
on,590.0,35.460877471841385,36.02194039543266,13.871672773060546
on,591.0,35.4610306044761,36.02056049691904,14.936724234844132
on,592.0,35.460368956921506,36.02037027192791,13.799928955643207
on,593.0,35.4590290786782,36.0207654538834,14.14645455886788
on,594.0,35.45971597902526,36.02042985001957,13.97032490451787
on,595.0,35.46135075522122,36.021227704257164,15.587680321884367
on,596.0,35.46228605585187,36.02298169328949,15.237935788456225
on,597.0,35.46301685756408,36.02169200968918,15.14877759329968
on,598.0,35.462852228573944,36.022083175285715,15.794276685090821
on,599.0,35.46302121943395,36.020763891099975,15.8639795391617
on,600.0,35.46274939361327,36.01875454673426,15.365555190633886
on,601.0,35.4625867845879,36.0197038380091,15.08216790081699
on,602.0,35.46238076980763,36.020617732032306,14.90445059912945
on,603.0,35.46110441650665,36.019888139831075,14.954465632695673
on,604.0,35.460210930627134,36.01828999802086,14.86434286428598
on,605.0,35.45843410132213,36.01694462051208,14.757902626238291
on,606.0,35.45722367934186,36.01648888273047,14.022092025146168
on,607.0,35.45629120731011,36.01710962550708,13.418731629208157
on,608.0,35.45389510242611,36.01778651605944,13.441075319993118
on,609.0,35.45008286288499,36.01921894519846,13.607636923123648
on,610.0,35.44718282531501,36.01999377753468,14.102071147075105
on,611.0,35.44472511714856,36.02065278753241,13.941054583266881
on,612.0,35.44468768695699,36.021442880300654,13.833645706341741
on,613.0,35.444928664669995,36.02127004382688,13.959223384554717
on,614.0,35.44516432097548,36.01978979393627,13.876236407690222
on,615.0,35.44547264057917,36.02030368292638,13.880102939135888
on,616.0,35.44550516731027,36.019502457101964,13.354319929582003
on,617.0,35.44552687264126,36.02058580273746,13.728676190228075
on,618.0,35.444980712141984,36.02199661711758,14.033543668946727
on,619.0,35.44493824550597,36.02133929354606,14.135890256341359
on,620.0,35.44499465062356,36.02197376009035,14.412777376834152
on,621.0,35.44643713022516,36.022811200689524,13.957190952182241
on,622.0,35.44594246767858,36.023251488009706,14.311876241883493
on,623.0,35.44649993665788,36.02343241615787,13.389501417082037
on,624.0,35.44708127933377,36.02568714814896,13.744050202173511
on,625.0,35.44611194575494,36.027234929989085,13.569208354752785
on,626.0,35.44586582265653,36.026743554382044,13.038770843827042
on,627.0,35.44556143369678,36.02650121667159,13.151351335498566
on,628.0,35.44734165787281,36.02720834562596,13.014135125057795
on,629.0,35.44778112005962,36.028107812204446,13.464421162265543
on,630.0,35.44777722083218,36.029810143932686,14.078637139500415
on,631.0,35.44760749332392,36.02923769134083,14.411609508490653
on,632.0,35.448003997233656,36.02726655919123,14.40058717987926
on,633.0,35.448757762677516,36.02531489735688,14.402752841060348
on,634.0,35.449631625218174,36.02448570929588,15.223270365875413
on,635.0,35.450149403296344,36.02633796638497,15.49494128967965
on,636.0,35.450641689275635,36.0254810341631,15.134952187795522
on,637.0,35.45200858982046,36.02457474228368,14.692169249418136
on,638.0,35.45467356082149,36.0243933058269,14.44606230842647
on,639.0,35.456745671609575,36.02543194806722,13.592707410017232
on,640.0,35.45963774705481,36.02690543730079,13.793558774258589
on,641.0,35.46087631925581,36.02828735381587,12.957852497659971
on,642.0,35.46248126565759,36.03026034368947,13.200235241946334
on,643.0,35.46365867897141,36.03287908794959,13.652098395154724
on,644.0,35.463606534006814,36.03299464306935,13.427843275226042
on,645.0,35.46367726862897,36.03391498230629,13.832397183709332
on,646.0,35.46263989370468,36.034869527637696,15.168707977092348
on,647.0,35.462717283355325,36.03524661317033,13.78672559096154
on,648.0,35.46183823067658,36.03594488901114,13.89219812192748
on,649.0,35.46049902200196,36.035493098265874,14.03559937565957
on,650.0,35.46013224974663,36.03434236632373,14.121704036816087
on,651.0,35.459324361162444,36.035342646391534,14.229795483697046
on,652.0,35.45955336573593,36.035574613269276,13.904775703170296
on,653.0,35.45779289007859,36.03544723063833,13.489265228811627
on,654.0,35.455741557850324,36.034970073810214,13.867499583989737
on,655.0,35.45580626149647,36.034945464179685,14.046769492767652
on,656.0,35.45622928239919,36.03255193333759,14.39668361846726
on,657.0,35.454842775165446,36.03273811352336,12.93089880233034
on,658.0,35.451862225864936,36.03454555469582,12.9097945080014
on,659.0,35.45049594573054,36.034168075396906,14.613956617802561
on,660.0,35.44957852505436,36.03455165623787,14.531980357480702
on,661.0,35.4509542440976,36.034342050216935,13.794592309363505
on,662.0,35.45307187528055,36.03361138927818,13.645029287648548
on,663.0,35.45457463505133,36.03505233374558,13.791916019793424
on,664.0,35.45409737484269,36.037555027176346,14.673414320704701
on,665.0,35.45376805893314,36.039082706516005,14.801356441820605
on,666.0,35.454692712967635,36.03888879231213,14.733820069735902
on,667.0,35.45514645988779,36.04034422934266,14.939909886130854
on,668.0,35.456488017571054,36.04116197480008,15.375448939625647
on,669.0,35.45924818137022,36.039478130438056,15.815141589832878
on,670.0,35.4625554417009,36.03708875603129,14.749683803835353
on,671.0,35.46553760006026,36.035412175410485,14.694562976978665
on,672.0,35.46598113389385,36.03423947129407,14.334305398757229
on,673.0,35.46641314658883,36.03321553653777,14.116090674063091
on,674.0,35.46516136594367,36.03425336470647,14.315472193601032
on,675.0,35.46347686463032,36.03575949247814,14.964939893801938
on,676.0,35.465465664247745,36.038790147057156,14.994958121150258
on,677.0,35.46806144865239,36.03911658809062,14.542020724149719
on,678.0,35.47134970618192,36.03935636628789,14.451499966325223
on,679.0,35.47380217724055,36.04002679703965,14.224240806483387
on,680.0,35.47631986539829,36.03917246604522,15.74428544409787
on,681.0,35.47841765423857,36.038189183495305,15.85904694673525
on,682.0,35.48009324521475,36.03656433244532,15.319561499362049
on,683.0,35.48178538470516,36.03404700186165,14.738555283959432
on,684.0,35.480932694171,36.03400392893882,13.906923682130726
on,685.0,35.47983388436117,36.03493953476275,15.006631919115486
on,686.0,35.477630062062374,36.03766077113059,14.343969077435732
on,687.0,35.474322599420915,36.03980085916714,15.48357661767977
on,688.0,35.472430949244725,36.039054937077175,14.329532689535544
on,689.0,35.472218067307516,36.037776192462,15.017228325469734
on,690.0,35.47330856357482,36.036232456606,15.095378718551768
on,691.0,35.47584376253296,36.03507370456566,15.146765365610989
on,692.0,35.47751294581079,36.03331509559841,15.592870195707956
on,693.0,35.47933655363246,36.03137954068254,15.9762370281152
on,694.0,35.48161499615905,36.02937410689195,15.092432597146766
on,695.0,35.4834574523146,36.02707969517158,15.941456628914551
on,696.0,35.48449113033429,36.0253171687104,14.573409333694016
on,697.0,35.48379320709098,36.024443369397375,14.131624664958611
on,698.0,35.48168498296117,36.02486318287097,14.886794888696969
on,699.0,35.48128093280409,36.024592590776656,14.423293211178294
on,700.0,35.4797803553819,36.023624021319286,14.228238563168285
on,701.0,35.47918487019975,36.02224569166461,14.575253661066853
on,702.0,35.478283524759576,36.02238028345539,14.687885859258554
on,703.0,35.47519238063816,36.02314594980305,14.65253630756313
on,704.0,35.47242352386262,36.0251141768853,15.560073401475417
on,705.0,35.47174338450614,36.025408188584414,15.120754195590816
on,706.0,35.47026164416381,36.02595128904062,15.81498227240205
on,707.0,35.46909932349826,36.02688694286445,15.821470643507467
on,708.0,35.46799419109033,36.02775289122581,15.433881189045866
on,709.0,35.4676370725959,36.02828587697876,15.567518079720585
on,710.0,35.4677867451366,36.02887892069091,15.767761649545193
on,711.0,35.46908943633635,36.02902063572951,15.817228887016732
on,712.0,35.47018703967125,36.028286291137,15.075169185621167
on,713.0,35.47110545676927,36.02815681615042,15.192888019597495
on,714.0,35.47017273016303,36.02936176015962,15.28645532654873
on,715.0,35.46911089021866,36.028527722487254,14.887129214384828
on,716.0,35.468054323489824,36.028638691722236,14.763007748965158
on,717.0,35.46724714613531,36.02838556952492,15.229417165738184
on,718.0,35.46758846390487,36.02869840361796,15.471758161846541
on,719.0,35.46821281116882,36.03082932901802,15.289381424446795
on,720.0,35.46862853789562,36.03126620215818,14.710974764567652
on,721.0,35.46903569743589,36.03000549215417,14.175159977215657
on,722.0,35.46954466109326,36.03166063473278,15.277566365109525
on,723.0,35.47016018307417,36.03380100178819,14.580659941566582
on,724.0,35.47074560721507,36.03503820567848,14.774907781359953
on,725.0,35.47150294511803,36.035671473551176,14.92270521225062
on,726.0,35.47223367728749,36.035971550830766,15.180541384088526
on,727.0,35.474644194647276,36.032683846528016,14.580568433232019
on,728.0,35.47600511128924,36.03032432068071,16.4987306783064
on,729.0,35.47523465059476,36.0299252760764,16.021827791302456
on,730.0,35.474833013461364,36.03037489206694,15.693523729735155
on,731.0,35.475537611913644,36.030584159124,15.339681106689074
on,732.0,35.47363876077019,36.030284792666244,14.759393086468993
on,733.0,35.471782915749586,36.03069523067468,14.67658126187768
on,734.0,35.46891955116995,36.0286230346908,14.664034760267153
on,735.0,35.4674957029059,36.02663777168259,14.735446461159452
on,736.0,35.46711528232713,36.025696099728535,14.87369752248717
on,737.0,35.46412206600372,36.02480183194523,14.84621408246798
on,738.0,35.46360407596654,36.02455571614972,15.46726624952193
on,739.0,35.46272310452055,36.02532042172413,14.637607406136683
on,740.0,35.461293211214524,36.02506346456326,14.676557026109684
on,741.0,35.460514528131775,36.023383220727695,14.871447237518986
on,742.0,35.461530810428435,36.023441679166766,15.34889971983105
on,743.0,35.463404568897154,36.02253644378997,15.104524557339102
on,744.0,35.465169311533586,36.02159963936282,15.514680070305664
on,745.0,35.46586481591765,36.022151683942596,14.744144179082667
on,746.0,35.4668746810852,36.021883101425004,15.487740554719569
on,747.0,35.469009623313404,36.02214307280573,14.83795389189627
on,748.0,35.47082827980165,36.02278564164869,15.4810746448152
on,749.0,35.4717442587102,36.02275078120478,15.464764201718772
on,750.0,35.4711245014722,36.024163906303286,15.118170300008757
on,751.0,35.46925484335544,36.02450968931283,14.112889711468153
on,752.0,35.465797001902175,36.02322277544936,13.44729653211078
on,753.0,35.46226403089357,36.02308786333075,14.759269608082343
on,754.0,35.458452204837734,36.02421207019679,14.713349212748604
on,755.0,35.45683299535034,36.024618243650465,14.516138032342996
on,756.0,35.45514456647756,36.02433551085222,14.452183692122183
on,757.0,35.454299541989954,36.02391693162383,13.957213020453539
on,758.0,35.45330062554608,36.02377821719452,14.511683665992791
on,759.0,35.453583204159095,36.024872463360616,14.421336373856299
on,760.0,35.45291649278252,36.02492606556507,14.612719774252525
on,761.0,35.45349903015417,36.026181311700505,14.689035213496336
on,762.0,35.45393654692827,36.02922690532028,15.40805650984337
on,763.0,35.45285983028889,36.03285198953539,14.247048418302548
on,764.0,35.45178407307379,36.03467067261958,14.365760320818502
on,765.0,35.45068041369942,36.03612204796657,13.64883956632276
on,766.0,35.44970973906783,36.03829144497381,14.390206524955927
on,767.0,35.45080995066167,36.039722138606855,14.187052271909854
on,768.0,35.45289614204128,36.04137577723579,14.50111899651327
on,769.0,35.45348026775953,36.04071205124656,14.541367900978274
on,770.0,35.453623067430634,36.03980799829434,14.090802671160375
on,771.0,35.454699214083035,36.04023126067522,14.934218259602323
on,772.0,35.45744844905673,36.041627635431624,14.884719358122103
on,773.0,35.460260117511424,36.04310810009425,15.191402264788127
on,774.0,35.4616750158469,36.042797987100265,15.306163446141532
on,775.0,35.463629590798504,36.043895764304025,14.40656845926132
on,776.0,35.46549326486459,36.04412331107188,14.664670481088443
on,777.0,35.46613334132641,36.04476010493678,13.982682893965315
on,778.0,35.46545285215337,36.047266711916414,14.24974451302739
on,779.0,35.465472154687454,36.04871174470207,14.876722351715662
on,780.0,35.46681366166487,36.04845409632705,13.540616397543033
on,781.0,35.46769431887922,36.04957422312353,13.935867734131577
on,782.0,35.4694217999671,36.050078399400185,14.970966699444544
on,783.0,35.47174872745676,36.047973293166784,14.529088904688768
on,784.0,35.473403369122174,36.046394678949646,14.620881991963646
on,785.0,35.47218806316085,36.04682867931273,14.012987356158305
on,786.0,35.47080319916201,36.04770791666026,14.10157732830318
on,787.0,35.46882910109222,36.047738081344725,14.719423134956344
on,788.0,35.46808254984919,36.04580743965578,14.440668060997783
on,789.0,35.467697895126236,36.04293167333145,15.280773960399653
on,790.0,35.46848650440456,36.040979236510545,15.145176808656082
on,791.0,35.4694435793223,36.0400339340809,15.430555118717589
on,792.0,35.46913457840068,36.03825796472987,15.829979321412914
on,793.0,35.46685715724757,36.0383745335401,15.635835509720089
on,794.0,35.46373739319887,36.03933583462946,14.846438651447784
on,795.0,35.46139282567057,36.04135559874044,15.116710457816403
on,796.0,35.459282532072294,36.04322666643106,15.603306402302122
on,797.0,35.45721980089779,36.04426528654371,14.380405602332427
on,798.0,35.45464900469853,36.04420824135786,14.196833685430828
on,799.0,35.454238161089066,36.04262282342942,14.430427758292096
on,800.0,35.45624523601279,36.04018800988785,14.39872576706617
on,801.0,35.456122269893605,36.03733401362899,14.430720317489136
on,802.0,35.456115293102975,36.034871322772744,13.77951934314897
on,803.0,35.45593058053691,36.031253707362374,14.208236196330791
on,804.0,35.45456851699695,36.0291784802859,13.146152840018292
on,805.0,35.4511719211624,36.03053340417896,12.947333875068772
on,806.0,35.44788265315255,36.03170126596426,12.589914661126379
on,807.0,35.44361386756077,36.03330223499529,13.642301527857315
on,808.0,35.44122322140004,36.03597800214932,13.640247250618925
on,809.0,35.4399391471302,36.03794806307416,13.575552437369659
on,810.0,35.43962578855249,36.039965195937526,14.155632736775829
on,811.0,35.44070454463301,36.039535096034314,14.569190596929438
on,812.0,35.44163709931602,36.03871975622344,14.50263844200849
on,813.0,35.44283227820031,36.04010961370363,13.452194396458905
on,814.0,35.44379239677361,36.041116844727426,13.357315614969165
on,815.0,35.4446249222407,36.03994859034782,13.679411445189462
on,816.0,35.44641612802274,36.04059033984885,13.849526448502548
on,817.0,35.45005064778643,36.04016359591583,14.283093528356483
on,818.0,35.45275599453399,36.03988937873861,15.108434222444133
on,819.0,35.45455700910256,36.04102078993103,15.009934898982749
on,820.0,35.456800691478676,36.04170212878679,14.654732018903177
on,821.0,35.459645673128904,36.04176118573103,14.631615357764534
on,822.0,35.46287192335588,36.04123506762521,14.65637602443751
on,823.0,35.46607279885398,36.037988583121745,14.146676401462567
on,824.0,35.469168532168126,36.038295844872465,14.45154915352856
on,825.0,35.471198545169784,36.03826248272504,14.331998636936142
on,826.0,35.47286242067151,36.039535330914724,14.952773474991847
on,827.0,35.47402111543859,36.040377199999234,15.502374838098726
on,828.0,35.472718430833766,36.0401408946209,14.527640539176168
on,829.0,35.47298697367169,36.03906693639392,14.50714491217954
on,830.0,35.47308919639577,36.039257814072315,13.553557841686228
on,831.0,35.47180379533979,36.04022514744868,14.442135807167901
on,832.0,35.470997265886204,36.04079562996534,15.34882399193351
on,833.0,35.47055205729753,36.043049125494825,15.290215778378492
on,834.0,35.46984531020091,36.0456479179268,16.005774236006282
on,835.0,35.47060126249002,36.044948893509755,15.524308380609494
on,836.0,35.470660596448816,36.0456613914549,15.664183300983192
on,837.0,35.46922798463309,36.04633632442431,14.934544765747239
on,838.0,35.467763285646285,36.04906420631392,14.25466438631016
on,839.0,35.467266564039484,36.050088746412094,14.38337777314273
on,840.0,35.46854160878327,36.049981753306795,13.850102987684922
on,841.0,35.4694685503986,36.05004955442283,15.21008879935088
on,842.0,35.47186336201866,36.05090725266305,16.15596282564528
on,843.0,35.47303605663772,36.05162889786162,14.197919585660182
on,844.0,35.47344415647271,36.05295348018749,15.267520516410055
on,845.0,35.473334847478405,36.052263521086616,15.370300048256862
on,846.0,35.47307129659637,36.05253133654234,14.977795031778992
on,847.0,35.473448892835044,36.05181086437413,14.376415682305835
on,848.0,35.47226222594938,36.052652266957715,14.937731314201539
on,849.0,35.470027671836256,36.05380424647414,14.158641656839707
on,850.0,35.46756800513893,36.05483795071348,14.036044626971094
on,851.0,35.46623081112484,36.05560912826987,14.198440928860647
on,852.0,35.46567777462254,36.05744802766262,14.965040623418407
on,853.0,35.46434749809438,36.05898498920519,14.670220717170565
on,854.0,35.46333051364563,36.05963264142349,14.797863291151874
on,855.0,35.46276140414501,36.059691762221014,15.155704866292153
on,856.0,35.46310722343472,36.06061945001165,15.311840439730036
on,857.0,35.46333183190343,36.06299206350469,14.401558207378297
on,858.0,35.461946157035946,36.062893732247794,14.962084160166974
on,859.0,35.461636838590536,36.06170317484259,14.272001844475295
on,860.0,35.46211105959632,36.05996284057182,14.287633672298936
on,861.0,35.46182574410369,36.05837998810072,14.574389619912505
on,862.0,35.461566027417014,36.0591096593516,14.620467712585414
on,863.0,35.46226165208806,36.06011248367303,13.901577886294387
on,864.0,35.462677381062576,36.06139700787613,13.845101761165845
on,865.0,35.463241435593524,36.059936561921816,13.62953864796851
on,866.0,35.46290628936714,36.05751291931576,13.193691278697933
on,867.0,35.46105831877662,36.056227051679976,14.249923117394907
on,868.0,35.46102826840316,36.053831125392385,13.021286571129306
on,869.0,35.46154066269551,36.05179473856924,13.839553181868354
on,870.0,35.46292426706741,36.0506093307049,13.30574050776378
on,871.0,35.46218291695722,36.051862544315185,12.553053728692262
on,872.0,35.46216249538753,36.05277298524899,13.294253521631642
on,873.0,35.462963763775925,36.051881732928024,12.900775514380522
on,874.0,35.463103438657306,36.05062527550017,13.210669037646552
on,875.0,35.462424728505646,36.049554335361584,13.734774140603399
on,876.0,35.464289898341875,36.0506957977151,14.632374359852609
on,877.0,35.46736615395927,36.05260249256529,15.141022938418509
on,878.0,35.47079338894384,36.05599277678095,15.322220131406626
on,879.0,35.47164062131815,36.05689284290136,14.381130049882165
on,880.0,35.47186568341359,36.05726855068802,14.18006815495707
on,881.0,35.47007269652991,36.05883002608259,13.374490156425702
on,882.0,35.46995061280677,36.06024465530977,13.863362158664424
on,883.0,35.470820915212805,36.059695034816194,14.144808905421264
on,884.0,35.47294526222706,36.0595792350599,14.163095286422474
on,885.0,35.47575873841379,36.06034130741436,14.1540042128177
on,886.0,35.477409851268916,36.0624346767437,13.867460866112406
on,887.0,35.47933779348684,36.06379559231985,15.452180075631066
on,888.0,35.48081542663114,36.063301005588634,15.642238098169472
on,889.0,35.48174727023528,36.06378399655091,15.189921124521568
on,890.0,35.48339420483651,36.063537841592286,14.505782295883872
on,891.0,35.48355194267766,36.06260987975197,14.778224392479391
on,892.0,35.48313156866578,36.0624127816616,14.276109815004943
on,893.0,35.48211865973075,36.06282833855812,14.387538910046857
on,894.0,35.480968065109316,36.06116080695834,15.958976981903891
on,895.0,35.48019500957853,36.058820396669695,15.39186886706202
on,896.0,35.47826659169766,36.05746796014412,15.062478669243283
on,897.0,35.474062932111906,36.05699769781063,14.896233825260289
on,898.0,35.469375561683854,36.056326904139404,13.795662901152863
on,899.0,35.46392209750739,36.056984027854796,14.660382625932908
on,900.0,35.46093546302104,36.059216533760576,13.773185628899348
on,901.0,35.45901165765858,36.06052089037938,14.319960736570739
on,902.0,35.459575367546144,36.060955854471956,14.623104012724244
on,903.0,35.45992188450023,36.05880635752071,14.311582457342974
on,904.0,35.4617973752961,36.057878516777826,13.978059207637735
on,905.0,35.46445048584242,36.05637148419548,14.050707580279564
on,906.0,35.46660595469134,36.05581762535136,14.398169304634843
on,907.0,35.46786090144643,36.05538084870608,14.805345448570781
on,908.0,35.468028784867386,36.05559686725033,14.408480798735058
on,909.0,35.46931070581001,36.05756284329577,14.142227365555748
on,910.0,35.47115141905,36.05935649158462,14.540653199721255
on,911.0,35.47011529408428,36.0597784216883,14.000106812652799
on,912.0,35.46966113419476,36.060022050339136,14.586333747995745
on,913.0,35.470846500012556,36.06114079166674,13.906697420002109
on,914.0,35.47143149432249,36.06098294905916,15.505337573018224
on,915.0,35.47139730496,36.06056251870589,15.165289881247208
on,916.0,35.47072561959079,36.06189331595467,15.583954513346336
on,917.0,35.469999973105224,36.06266825237355,15.173883338545831
on,918.0,35.470798576800256,36.06250051729786,14.676172649349873
on,919.0,35.47077334402154,36.062928394510934,15.496319132050893
on,920.0,35.471081956895965,36.06246551392563,15.424186851818256
on,921.0,35.47211367464552,36.06131800683438,14.268117897904222
on,922.0,35.47370472214478,36.0623644422113,14.049295211207767
on,923.0,35.47481207120244,36.06325744230253,14.496551665823539
on,924.0,35.47698889126812,36.06285617178475,14.665721798467409
on,925.0,35.47840787084353,36.061630653845135,13.938635862310804
on,926.0,35.4801658662784,36.06101390530712,13.26311715193016
on,927.0,35.4809688740438,36.05893914844196,14.336684022808864
on,928.0,35.48197720532355,36.058143691032335,14.188394949197512
on,929.0,35.48217321648095,36.05843433854843,14.453905189288097
on,930.0,35.482657373410234,36.05948330729388,13.791919419299099
on,931.0,35.483266288091684,36.06018310556113,14.273048268126534
on,932.0,35.48426580057314,36.05964792979202,14.7546760782159
on,933.0,35.48400957988817,36.05611996186262,15.962107827372183
on,934.0,35.48343552321246,36.056498187925826,15.183373412396572
on,935.0,35.4827547458251,36.05821518335396,14.987948494156118
on,936.0,35.482105480857896,36.05920721495187,15.193348501565614
on,937.0,35.48103695604489,36.05743213043296,14.956748846084087
on,938.0,35.4806050448344,36.056320137941796,14.476221945603182
on,939.0,35.479437333463494,36.056448147443795,15.276736606216517
on,940.0,35.476697932046164,36.05562331252455,14.80781404335388
on,941.0,35.476051956245435,36.054343195151446,14.289503564418698
on,942.0,35.47581437617212,36.05312808938691,14.57818629301448
on,943.0,35.476071800496676,36.05309751447118,14.317834242977755
on,944.0,35.47640440225575,36.05218554376531,14.033943093914157
on,945.0,35.4753457537506,36.05086713768907,13.320465369995315
on,946.0,35.47314059968651,36.048188462767506,14.691883717215983
on,947.0,35.47248046407385,36.047007338699586,15.053136831189112
on,948.0,35.473040473383726,36.04755643168894,14.429335850923621
on,949.0,35.47593253442086,36.046392275595316,14.740853103544179
on,950.0,35.47633236146799,36.0435405343375,14.851214540981058
on,951.0,35.47726273924413,36.04320040536497,14.539423494813889
on,952.0,35.477048916386636,36.044792536980474,14.771350701642358
on,953.0,35.47596509386988,36.04635549601146,14.235220589421864
on,954.0,35.47657912494399,36.04828659902132,14.040427778391084
on,955.0,35.47879635278263,36.04876221597399,14.157064158712423
on,956.0,35.48034129881231,36.04963392267141,13.900920967280921
on,957.0,35.480134359516484,36.04963013732576,14.490968459426517
on,958.0,35.47946825393534,36.05008891298312,14.12378805767653
on,959.0,35.47882173657425,36.0506242879803,13.684246657122898
on,960.0,35.478072995358296,36.0522060056657,14.316704307714065
on,961.0,35.47806942832177,36.05184330314139,14.475602608230801
on,962.0,35.47702664776052,36.05354673889741,14.345394603032979
on,963.0,35.47668055146826,36.05525637998517,14.523916862031312
on,964.0,35.47662335806345,36.05685340174926,15.088477673529063
on,965.0,35.47676976096278,36.05789710166346,15.375276854444273
on,966.0,35.47675280229567,36.058238338760994,15.113597402599595
on,967.0,35.477348159212596,36.059070608588534,14.87283051696507
on,968.0,35.4763633728722,36.059704299556095,14.39079032484986
on,969.0,35.47553741515006,36.05923475793735,14.282022236538293
on,970.0,35.47461795738629,36.057745153137674,14.488083459909696
on,971.0,35.47375784420578,36.05683964933136,14.619597686736764
on,972.0,35.47635410609449,36.05536417034731,14.249938674249798
on,973.0,35.478018529278174,36.05408219080693,13.815372904902226
on,974.0,35.47940089260704,36.05557332592712,12.878968493811694
on,975.0,35.4803753833561,36.05581628984605,13.53318160913269
on,976.0,35.480774122246174,36.05511707567858,14.03839724369659
on,977.0,35.482493556493296,36.0528995277679,13.750427536571923
on,978.0,35.4828722107118,36.051659405638226,14.112196390030036
on,979.0,35.485790376656226,36.04886568374587,14.2208034092038
on,980.0,35.488319324785586,36.04769397797613,13.098205670736867
on,981.0,35.48826048408179,36.050181735886085,13.955627541789413
on,982.0,35.48821825270747,36.053355713300135,13.885142777957375
on,983.0,35.48809706659552,36.05530273810105,13.773556765785042
on,984.0,35.48753882523352,36.057246730410775,15.374433397843816
on,985.0,35.48692247926279,36.05723976799116,15.063537819629941
on,986.0,35.48584280186179,36.05874267885408,15.40323244965938
on,987.0,35.48681230512582,36.05976063357931,15.745743015483166
on,988.0,35.48821968397162,36.05920863165443,15.83838828674679
on,989.0,35.487155515044726,36.058568077999986,14.777661738098523
on,990.0,35.487060225837816,36.06011348044686,14.650943442636379
on,991.0,35.486569755930134,36.06045237720471,15.23151027150093
on,992.0,35.48683834667846,36.05983240367279,14.579033820506208
on,993.0,35.48609340225948,36.05849244936329,14.578238340051856
on,994.0,35.482857628688045,36.05784686129513,14.456345337952849
on,995.0,35.48108992870317,36.0581561688886,15.38954439502804
on,996.0,35.48200189442667,36.056994341576214,15.279177015132193
on,997.0,35.482292681839226,36.05767557430945,14.969878582379199
on,998.0,35.481385492647064,36.05806383618723,15.52923562827116
on,999.0,35.48252703691696,36.056091718884886,15.607720720001232
on,1000.0,35.48160558597506,36.0547034867417,14.739108325714067
on,1001.0,35.479717212004694,36.05541714804774,13.630010120428071
on,1002.0,35.47776176586168,36.054343812932835,13.909962812190892
on,1003.0,35.47402165110072,36.0543963840686,13.997861332414269
on,1004.0,35.47078110293617,36.055008472873965,13.627319405322636
on,1005.0,35.46848755811541,36.0553390159026,13.864559808058596
on,1006.0,35.46702151041555,36.05665101957257,13.299203961497536
on,1007.0,35.46582605533038,36.0580123735837,13.002554408775005
on,1008.0,35.46333816651745,36.05757451976159,14.117503467185195
on,1009.0,35.46324827198189,36.05618410174564,14.385721042684725
on,1010.0,35.4647315764974,36.05478250999517,13.576731282455363
on,1011.0,35.466603969972255,36.05284090317354,14.225487788045651
on,1012.0,35.466410841907866,36.053071406398836,14.174749892867336
on,1013.0,35.46614497357537,36.05195385716603,13.743272775944579
on,1014.0,35.46636246135498,36.050630554560634,13.17010510403136
on,1015.0,35.46585369436001,36.051243650730584,13.207511158525538
on,1016.0,35.466326154710806,36.051637091192745,12.634499082826135
on,1017.0,35.46493511252341,36.050631947880845,12.732422686675005
on,1018.0,35.463660233821685,36.049965896569255,12.981963451364813
on,1019.0,35.46362514992919,36.0487399859324,13.301970125163916
on,1020.0,35.46393488910686,36.04965282523407,13.67515158719593
on,1021.0,35.46502908554777,36.051107507618354,13.664297866984988
on,1022.0,35.46560634312379,36.05097437168789,14.469169188405427
on,1023.0,35.46665124990407,36.05149449801734,14.18815561450155
on,1024.0,35.46724947523927,36.051330742548956,14.06542785588288
on,1025.0,35.46684693735686,36.05132353755529,14.108366735706543
on,1026.0,35.466514871450606,36.05278836091882,13.151489619454772
on,1027.0,35.46724376960013,36.05242228351682,13.710283931453626
on,1028.0,35.468231977825944,36.05082047874531,13.03952442063482
on,1029.0,35.468726823183,36.05082039052184,13.236615956094937
on,1030.0,35.46898072328863,36.05042301734943,13.444139934301923
on,1031.0,35.47074235526857,36.049864675661674,13.494424876535183
on,1032.0,35.473470482470596,36.05055579352699,13.911385458469585
on,1033.0,35.47514399514579,36.050887606573504,13.647193879968874
on,1034.0,35.47655080322103,36.051796106318164,13.981741494443352
on,1035.0,35.475552147409914,36.054013275752844,13.724568570782822
on,1036.0,35.47499734622352,36.055443447592694,13.64647593477882
on,1037.0,35.475311106863884,36.05621225091327,14.5323252951995
on,1038.0,35.47617541384636,36.0572888000876,15.238047896617966
on,1039.0,35.477344769116584,36.058903950403575,15.083826147313289
on,1040.0,35.479933299196986,36.05907825986987,14.385624818034437
on,1041.0,35.480921686878695,36.05867643702841,14.513649706561079
on,1042.0,35.48184528864571,36.05910683919186,13.876132535062673
on,1043.0,35.48122073873902,36.05980721691138,14.00484700378137
on,1044.0,35.48029514686329,36.059864890335355,14.300224823109758
on,1045.0,35.480545172039264,36.05923687937555,14.308158399643471
on,1046.0,35.482318981825614,36.06049532703488,14.44007918100596
on,1047.0,35.48252366668823,36.06186800165146,13.706528358034152
on,1048.0,35.482136334823416,36.06204972455689,14.919606727696827
on,1049.0,35.48327259497449,36.06120090691571,14.634476736918423
on,1050.0,35.48362281336053,36.060852234604695,15.55673431161394
on,1051.0,35.48514407406064,36.06148827019634,14.875901089061985
on,1052.0,35.48700175386712,36.059999631299746,14.772891726445968
on,1053.0,35.48781776456697,36.060091290770075,15.339783813463123
on,1054.0,35.489080706752496,36.06081379506804,14.888853015999613
on,1055.0,35.49218157172226,36.06164361549989,14.402245904401482
on,1056.0,35.49427140478899,36.06161185778342,14.536217510982812
on,1057.0,35.49679723566241,36.06009868056669,14.765793580946102
on,1058.0,35.497493629587055,36.059277873979816,13.722120446549447
on,1059.0,35.49727371402993,36.05753647048358,14.372125937943055
on,1060.0,35.49479917721303,36.05741501794514,14.421168861245466
on,1061.0,35.49229566417824,36.05672921822561,15.280007292669309
on,1062.0,35.490961810345475,36.0568831456784,14.167158230380853
on,1063.0,35.48946591214562,36.057787242838465,14.44149395268938
on,1064.0,35.48826291158015,36.05667955150927,15.178336859069779
on,1065.0,35.48532580508487,36.05671382267687,14.453483502080003
on,1066.0,35.4830000817957,36.05646608188702,14.953266960416663
on,1067.0,35.480495171399376,36.05623963145899,14.195606437828046
on,1068.0,35.478284585886385,36.05671100220992,14.579241824866997
on,1069.0,35.47518381652579,36.05723581314396,14.452962112530813
on,1070.0,35.47352683182676,36.05642072844746,14.714420809616307
on,1071.0,35.47303927957106,36.05714458331589,14.830916691597412
on,1072.0,35.474574512782006,36.057659434654845,15.198280842243499
on,1073.0,35.476491766903294,36.05734627526877,15.27518736251126
on,1074.0,35.478713637094096,36.0562653628655,15.066053260284942
on,1075.0,35.47928613372223,36.05520614776005,14.37921201334349
on,1076.0,35.480754685899356,36.055548358016566,14.680547443698071
on,1077.0,35.481343158365924,36.05592110539804,14.528970146656425
on,1078.0,35.48293018289869,36.056215949427035,15.324408411404981
on,1079.0,35.48491374357369,36.05650007286251,15.589214779508712
on,1080.0,35.48908308781692,36.05613845700412,14.927160680615945
on,1081.0,35.49226918850726,36.0545434443434,15.05176721947756
on,1082.0,35.49568765520544,36.053507348421,15.766068891348148
on,1083.0,35.50068544428933,36.05206345154007,15.779306855021455
on,1084.0,35.50362583493982,36.050330635636904,14.954492358839406
on,1085.0,35.505480142436674,36.05037665172763,15.55760241181914
on,1086.0,35.50533473043116,36.05138909147004,15.557101203607099
on,1087.0,35.505609023098636,36.05091007777432,17.433405679155342
on,1088.0,35.50758223861139,36.05179375965891,17.290760584883813
on,1089.0,35.50742592471609,36.05039736505837,16.214221224482444
on,1090.0,35.50567306713917,36.04951874849878,15.609248104044918
on,1091.0,35.50524782523266,36.04930583213733,16.468685851189093
on,1092.0,35.50472102115702,36.04853350124886,15.617261230259103
on,1093.0,35.50444360044403,36.04773004103538,16.131803272057805
on,1094.0,35.503563484577626,36.04638733090254,16.0411019178152
on,1095.0,35.500766798032934,36.04835098309705,16.540902180837854
on,1096.0,35.49952652768704,36.048011277592096,15.80710575212252
on,1097.0,35.497064915227476,36.04597724167492,14.95584275627336
on,1098.0,35.49428220389009,36.04488077455218,14.56968558227015
on,1099.0,35.49069956325402,36.04454341586603,14.544377326318628
on,1100.0,35.48762790498516,36.04391160684849,14.404409795867883
on,1101.0,35.48498567673898,36.04220021572052,13.818067343081331
on,1102.0,35.481978735354616,36.04175601993936,14.260386479728925
on,1103.0,35.47916956839912,36.04144317440946,14.660308481647544
on,1104.0,35.47696983451027,36.040519337715494,14.198489469550786
on,1105.0,35.47440392171551,36.04067660154234,14.41210841754147
on,1106.0,35.47232756857119,36.04214623366967,14.12894968445222
on,1107.0,35.47146288604165,36.04250047992807,14.328170478169673
on,1108.0,35.47130919110825,36.043608908394546,14.830448164556506
on,1109.0,35.47343078025553,36.04201257549845,15.228406061792143
on,1110.0,35.478199558624915,36.04036773797137,15.219653489411886
on,1111.0,35.4824309435929,36.03958563712154,15.410573859528222
on,1112.0,35.48459144428936,36.04122889256774,15.014006487065338
on,1113.0,35.48700742279881,36.03970998907386,15.527604657594356
on,1114.0,35.48943671115741,36.03958367403295,15.026603638035898
on,1115.0,35.491497327642065,36.03860610735777,14.688663586650025
on,1116.0,35.49342910869555,36.03789527654343,14.443097688982693
on,1117.0,35.49373197315965,36.04040271931437,13.842281658567957
on,1118.0,35.49289227261402,36.04160398316415,14.226084447271132
on,1119.0,35.49177720479085,36.042527772297895,15.984182572255058
on,1120.0,35.49292160128519,36.04187215116636,16.36890284358109
on,1121.0,35.49399768267504,36.04216702762634,15.485036250799556
on,1122.0,35.49633232609075,36.041463615010166,15.487858683345355
on,1123.0,35.498500191869645,36.042062984007984,15.251949074471359
on,1124.0,35.50009358982271,36.040744159984996,15.109332159477441
on,1125.0,35.50116877418491,36.04102404696022,14.191099553165845
on,1126.0,35.501387281938605,36.041869299115845,14.30939219304282
on,1127.0,35.501564724146924,36.043017167009,15.109111220129101
on,1128.0,35.502605302697766,36.04496380576638,14.303641661644276
on,1129.0,35.50347831547947,36.046565246021316,13.9807236512237
on,1130.0,35.503244332091775,36.04791166536696,13.49834595711329
on,1131.0,35.50397266449093,36.04957096620939,14.740383694436645
on,1132.0,35.50566447229582,36.04744641765875,14.676961234483684
on,1133.0,35.50648017624774,36.04775120029488,14.86779735493154
on,1134.0,35.506399142906,36.0490510583662,14.131042849851987
on,1135.0,35.5040300469799,36.04932411062418,15.906303324848686
on,1136.0,35.5019970228927,36.04774544283537,17.224851259023247
on,1137.0,35.500302477889875,36.04621797654384,17.740077624717983
on,1138.0,35.49816573896646,36.04346930822204,17.372773857320702
on,1139.0,35.4960956760653,36.04238721269444,16.220143576456564
on,1140.0,35.49294162119852,36.04402343198168,15.955161518134158
on,1141.0,35.48899992566122,36.044368350792595,16.476235811474663
on,1142.0,35.48912925238112,36.044049368938715,16.231867172988153
on,1143.0,35.4902309157572,36.04361416949251,16.640593448546976
on,1144.0,35.49183207478455,36.04255264096866,15.552751452654974
on,1145.0,35.492225559212265,36.044927662755946,16.047348408007274
on,1146.0,35.49269560729488,36.04586399766086,16.851900602953492
on,1147.0,35.49412291943026,36.044823530614174,15.774509765343009
on,1148.0,35.493679009707925,36.044902811114824,17.01619727236306
on,1149.0,35.49523088357853,36.04487898415365,16.23367678934436
on,1150.0,35.49698980109983,36.043290480783604,16.336269391497027
on,1151.0,35.496254716072514,36.043130668993534,15.624249706556679
on,1152.0,35.49500390465231,36.04236135469347,15.800547110169255
on,1153.0,35.49517568659979,36.04158868432871,15.71819057906269
on,1154.0,35.494020753360694,36.0389835308361,14.842920399671609
on,1155.0,35.492982439602216,36.03796560916025,15.151970531762117
on,1156.0,35.493448169328005,36.036455794367846,15.448225392600001
on,1157.0,35.49282515720158,36.03646380240018,14.887903003688733
on,1158.0,35.49164479957501,36.03714579485307,15.405137929071001
on,1159.0,35.489516012613144,36.03780461987521,14.645592600225017
on,1160.0,35.48798086512518,36.03802787239329,14.694702365331452
on,1161.0,35.48660393802735,36.037373899780526,14.039066990834264
on,1162.0,35.48623370249286,36.036239504927295,14.693146178232913
on,1163.0,35.48280653482712,36.036100630406,14.81189688099856
on,1164.0,35.4802352209643,36.036739195642625,15.033425429201221
on,1165.0,35.47808292628179,36.03986670013281,14.90154022493095
on,1166.0,35.47595307672708,36.040552564620064,15.145602139813452
on,1167.0,35.47455307397114,36.03924171750251,15.034224101015017
on,1168.0,35.474595821816074,36.03844833900027,14.819677155295498
on,1169.0,35.473882647036405,36.04019463708155,15.497453252732088
on,1170.0,35.474205199141245,36.03873524601919,15.670069590288099
on,1171.0,35.475971081239514,36.03618982976903,15.0210402431342
on,1172.0,35.47819375253134,36.03761791947759,14.431645269224727
on,1173.0,35.47974722819888,36.040034940224984,14.619597635056417
on,1174.0,35.4817324014665,36.04201164043511,14.845639794970207
on,1175.0,35.48383626379173,36.044168885404446,14.80784861573419
on,1176.0,35.48586561970932,36.04486805916243,15.441486561219769
on,1177.0,35.48972218151461,36.04302753586571,15.767159310432891
on,1178.0,35.492140536443536,36.04077334319967,15.72032354523757
on,1179.0,35.49393393602973,36.03941312085025,15.738384069609591
on,1180.0,35.49674092817271,36.03903374733907,15.930480440798641
on,1181.0,35.49752994821025,36.03771353755844,16.287700691339126
on,1182.0,35.49708891107503,36.03625899059575,15.922774486725228
on,1183.0,35.497577662955855,36.0343831576653,15.581393343479624
on,1184.0,35.49746702966046,36.03244675191357,15.032375476717341
on,1185.0,35.496371448919405,36.029052407997206,15.972008405681084
on,1186.0,35.49335033968163,36.02947251547838,15.069874047233206
on,1187.0,35.491044854147646,36.030722126810176,14.749423391268339
on,1188.0,35.489703076470036,36.031082998465386,14.589390172877827
on,1189.0,35.4877146320992,36.03291785234551,15.254149626645791
on,1190.0,35.48720925449757,36.032060891659775,15.58699552889648
on,1191.0,35.48754186378483,36.03182428568221,15.420590283146817
on,1192.0,35.48764792581104,36.03119886600698,16.1858223599109
on,1193.0,35.4868826227625,36.03102050620416,15.02405685011697
on,1194.0,35.48477966829601,36.03084970341502,16.953408349111108
on,1195.0,35.48586376950309,36.0311660949999,16.138083734931826
on,1196.0,35.48702066528227,36.0306700516038,15.423074611433153
on,1197.0,35.48867029670964,36.02899173948518,15.772307302620208
on,1198.0,35.490220165185875,36.02883548137733,15.914290730240602
on,1199.0,35.49189252997834,36.02874836348504,15.495140823797502
on,1200.0,35.492674888415564,36.029779300360865,15.104750085955585
on,1201.0,35.493607111228734,36.02946616348103,14.636992863075978
on,1202.0,35.49555487719109,36.029455041417414,14.367922155789485
on,1203.0,35.49574159870185,36.02924969761494,14.785914183684277
on,1204.0,35.495314188164066,36.02981387739717,15.166633808796746
on,1205.0,35.49439380150043,36.02880314774479,15.330681092978603
on,1206.0,35.4941759980858,36.02938213431176,15.643216014539178
on,1207.0,35.493513387040835,36.029493587302454,15.784923051641929
on,1208.0,35.493153383867956,36.0311418436721,15.401269166305273
on,1209.0,35.49283700660635,36.03036234673461,14.94490176080971
on,1210.0,35.49109476224024,36.03072024171231,15.631683238436688
on,1211.0,35.48943180998352,36.03123424946223,15.82128271862124
on,1212.0,35.487753401414686,36.02935461071771,15.858976789284991
on,1213.0,35.48583959367218,36.02689235141712,16.12974189289278
on,1214.0,35.48365270743905,36.024630928684104,16.15784297042717
on,1215.0,35.48352557295801,36.02432660162867,16.21607771889306
on,1216.0,35.48139104839244,36.02357032313018,15.318360189477222
on,1217.0,35.479601004417205,36.02181653688989,15.768322020298065
on,1218.0,35.47632528183983,36.02306658526951,15.897155885125674
on,1219.0,35.47426490731056,36.02208300087856,15.558911346873462
on,1220.0,35.47287983629176,36.02183360357357,16.661121680085124
on,1221.0,35.47262279307328,36.02343827649221,15.913447965627231
on,1222.0,35.4725348407887,36.02406362745877,15.675017483663524
on,1223.0,35.472392462185475,36.02321050041288,14.545494208610883
on,1224.0,35.4717003376263,36.0221147437785,14.611880924845902
on,1225.0,35.471726503639125,36.023116179745614,14.771937789850675
on,1226.0,35.47210282490967,36.02265333091907,14.702488434370018
on,1227.0,35.47256673344479,36.023318845953284,13.593700948850735
on,1228.0,35.47164178064264,36.02496374432559,13.890070948795362
on,1229.0,35.471189401494264,36.02509688828182,14.315294363349132
on,1230.0,35.469356648473436,36.02684801026135,13.466335276254323
on,1231.0,35.46863855112182,36.028295964860796,14.687683634143283
on,1232.0,35.47008854192056,36.028708733857265,14.575192470112857
on,1233.0,35.47011791300272,36.03010854725579,14.922126209561927
on,1234.0,35.47220293790565,36.03092578343203,14.373064522480263
on,1235.0,35.47469329239128,36.0313519219341,14.495565501078048
on,1236.0,35.47614259502115,36.031212522566875,14.435383408257819
on,1237.0,35.475891124560476,36.033537285476,13.89851895387713
on,1238.0,35.476027563523935,36.03366234939352,15.202322353005897
on,1239.0,35.475036806009975,36.03388250643263,15.267419080329724
on,1240.0,35.47475403731166,36.03401239244153,14.858404590473706
on,1241.0,35.474894669796164,36.03382825669753,15.125812210499355
on,1242.0,35.47493738435344,36.034950216325946,14.753681302812655
on,1243.0,35.47344289330447,36.035704126784104,14.583281504429394
on,1244.0,35.47422985397243,36.034866146735695,15.172645713793102
on,1245.0,35.47397931279316,36.03510380199753,15.312652269283252
on,1246.0,35.47595590363689,36.03231444926861,14.658655861637587
on,1247.0,35.47698007025977,36.03246452393595,14.447319921923182
on,1248.0,35.474935193956334,36.032390237693015,14.072827180653466
on,1249.0,35.47386504000857,36.03287318083515,14.167716350941149
on,1250.0,35.47267234579904,36.03414903159571,14.319042480638853
on,1251.0,35.47176237310359,36.03803309700327,13.186999642867772
on,1252.0,35.47133378738812,36.03987858986037,14.461605965807511
on,1253.0,35.47059951707016,36.04151100161468,14.217678798875301
on,1254.0,35.470666078524786,36.04409481524089,14.053162558570392
on,1255.0,35.471076975306374,36.046580570266855,13.54999614351726
on,1256.0,35.4709390123436,36.04734189413707,14.44176031470884
on,1257.0,35.46991987061002,36.04719292547993,14.806857895366033
on,1258.0,35.46896386886479,36.04701508161467,14.282331052263322
on,1259.0,35.46892767753018,36.0477010158162,14.5098459890151
on,1260.0,35.46806773463522,36.05074681935578,14.374811324979104
on,1261.0,35.467309873025485,36.051391288508995,15.006913216791162
on,1262.0,35.4676738876054,36.05071391908032,15.47512618298213
on,1263.0,35.469062790187934,36.048914646815106,14.545632115590955
on,1264.0,35.47187741098947,36.04613702822414,14.96105647571018
on,1265.0,35.47253271736799,36.045956503711714,14.967174104334116
on,1266.0,35.47218081680711,36.04602129243141,15.556152696863588
on,1267.0,35.472772828622944,36.04336662932523,14.750754353157417
on,1268.0,35.47532635275433,36.04168927824439,14.426638546280056
on,1269.0,35.47668226016676,36.04002297489605,13.54755192727993
on,1270.0,35.47578747680683,36.03965495107972,13.503547899987671
on,1271.0,35.473899614839716,36.03817252699055,13.642527922170451
on,1272.0,35.472601569204244,36.03983006542822,14.190460206646382
on,1273.0,35.473007658024606,36.039996270590464,14.125104133977981
on,1274.0,35.47354704920224,36.04127173595956,14.325684529703778
on,1275.0,35.47258399872823,36.04094866374214,14.739450715187878
on,1276.0,35.4717809108187,36.04088224837958,14.872862463467872
on,1277.0,35.47126371541604,36.042618668208725,14.697934855893468
on,1278.0,35.470511763769274,36.04438253191826,14.500011340461299
on,1279.0,35.47032689903162,36.044265024940884,14.488761738709869
on,1280.0,35.469739032683286,36.04314722553547,14.012052799326046
on,1281.0,35.46837830765046,36.04489626561192,14.501120629419926
on,1282.0,35.469079056425,36.04731222351424,14.111969224907554
on,1283.0,35.4692749476504,36.04728619067818,14.037855881668843
on,1284.0,35.46844793660698,36.048020741666924,13.890187142313547
on,1285.0,35.46865288781916,36.05019450636003,14.552006791115152
on,1286.0,35.46900336667242,36.050745248452415,14.484479578374643
on,1287.0,35.46985563172954,36.050131384303675,14.376081658599759
on,1288.0,35.472587229559075,36.04986932342197,15.258988577394515
on,1289.0,35.47627546100647,36.04967627048573,14.918376097880003
on,1290.0,35.47926208872936,36.049608263778595,15.549691440900965
on,1291.0,35.480296301843076,36.04734719320583,14.426583283172484
on,1292.0,35.4799796764798,36.044738635590804,15.079317017845437
on,1293.0,35.47877864594276,36.04538290201285,15.119392750430974
on,1294.0,35.477954309432924,36.04632032435184,14.46249383626872
on,1295.0,35.47553336170139,36.045451001897945,13.744520801177774
on,1296.0,35.47244826717976,36.046680997126295,13.645216164586255
on,1297.0,35.471049991274384,36.046091453482106,14.143351708699775
on,1298.0,35.470067362408834,36.04675775391344,14.719453786283662
on,1299.0,35.46942304395791,36.04464229442691,13.562922927698116
on,1300.0,35.468406216436854,36.04581242932673,13.969353882003727
on,1301.0,35.46750644636734,36.045855158174426,14.530727258285768
on,1302.0,35.46825209733299,36.0457915440837,13.806703307381287
on,1303.0,35.467866450139326,36.045681471404116,13.81560514976515
on,1304.0,35.466556496949174,36.04428490757208,13.892356045646915
on,1305.0,35.46531267834637,36.04551301615718,14.921727777510235
on,1306.0,35.46335532421125,36.045642437168965,14.602903815488887
on,1307.0,35.46290104938805,36.046459940088404,15.268922343081925
on,1308.0,35.46356452022093,36.045608616332046,15.020177298491557
on,1309.0,35.464833330798655,36.04761263260408,14.500018334191399
on,1310.0,35.46635072191613,36.04880600005152,14.70379902652373
on,1311.0,35.466900203523956,36.048779976777844,14.324943641762292
on,1312.0,35.46782304863203,36.04771703641603,14.791540717740993
on,1313.0,35.46924977596015,36.045898264470814,14.287511939459769
on,1314.0,35.46888810923824,36.04489575500431,14.412548169255103
on,1315.0,35.46867696310793,36.044196825415675,14.567457272480084
on,1316.0,35.46832548033154,36.04424936673454,14.908373559462362
on,1317.0,35.46782219107683,36.04575702031319,15.05950413476135
on,1318.0,35.46765890676156,36.04693561326885,14.499653024621121
on,1319.0,35.46742368675838,36.047309173908936,14.365041743905856
on,1320.0,35.46660748029677,36.048160160289434,15.030548396384539
on,1321.0,35.466749003466894,36.04832383885544,14.56244233186833
on,1322.0,35.46725199310774,36.04743717599492,13.982841698308237
on,1323.0,35.46775912081298,36.045996510054046,14.308921481292337
on,1324.0,35.46951714189951,36.045937792629054,15.059331517716839
on,1325.0,35.47155486153385,36.04492730971256,15.409182829647111
on,1326.0,35.47252944352345,36.04635624294679,14.572397923266013
on,1327.0,35.47259488309093,36.04637202401079,13.951280816945491
on,1328.0,35.47414461834637,36.045486918291644,13.617949237494603
on,1329.0,35.47460479079167,36.04540084751844,13.792345885719836
on,1330.0,35.4748927833481,36.04767053868107,13.867660157516328
on,1331.0,35.47593326564862,36.04877611679021,14.027857262396157
on,1332.0,35.477635956285674,36.049341410208456,13.627249391920653
on,1333.0,35.477214847129346,36.047867526128435,14.028765249939035
on,1334.0,35.477304099041746,36.045306084856016,14.207046762924453
on,1335.0,35.477476674711994,36.04291558637467,13.256723425950277
on,1336.0,35.4744603563067,36.04283641657413,14.196171450378541
on,1337.0,35.47096585291177,36.04226832599242,14.681996056246021
on,1338.0,35.46830582246658,36.042123779277524,13.762501666402077
on,1339.0,35.46534550791543,36.040131322605326,14.167574342458389
on,1340.0,35.46211500002821,36.039697817851156,14.41741972624623
on,1341.0,35.45951922031562,36.03957262103123,15.370057485923812
on,1342.0,35.457643050354356,36.03986458190432,14.540850947951366
on,1343.0,35.45531151363426,36.04074486023431,15.01572363579031
on,1344.0,35.45347130394006,36.04158936906517,15.370730430184986
on,1345.0,35.45351409317316,36.04201844434474,15.04485882078005
on,1346.0,35.452943114377454,36.04243454469047,14.204132700674723
on,1347.0,35.45290413494085,36.042846636411184,14.89417936310353
on,1348.0,35.45453833398997,36.0428547167402,14.315047308971193
on,1349.0,35.45464783287568,36.042402153939946,13.915392971328618
on,1350.0,35.45537005826926,36.04420368537173,13.779459227845045
on,1351.0,35.456188646227055,36.04563399204494,13.830685701468441
on,1352.0,35.45704859454207,36.0459108097468,14.412964455626518
on,1353.0,35.45788479423409,36.04478496922108,14.039368109520996
on,1354.0,35.45922520662439,36.04659550033278,14.1101683076715
on,1355.0,35.46214880514512,36.04759509883404,14.554807133655935
on,1356.0,35.465585335571504,36.047675903288145,14.323465491425573
on,1357.0,35.467588790080555,36.047446757319825,14.290666008335922
on,1358.0,35.47087657631708,36.04760068316737,14.554395089233484
on,1359.0,35.47302551209771,36.046896871386714,14.085572875042768
on,1360.0,35.47559562247323,36.04449228474942,14.81996938055833
on,1361.0,35.47743558922136,36.042496200444305,14.16772262084893
on,1362.0,35.47786689543977,36.04318338761108,14.02782770882332
on,1363.0,35.47709611479698,36.04243394639545,14.536562178615494
on,1364.0,35.476798961669125,36.04141065394535,15.22700622822643
on,1365.0,35.47645393895991,36.04115851808629,14.749291839046812
on,1366.0,35.476802799521664,36.040375990664856,14.711335860311008
on,1367.0,35.47510884021223,36.039252011977375,15.017613668741578
on,1368.0,35.475182054555006,36.04068988221608,15.405359276542082
on,1369.0,35.475090645921455,36.04023448221057,15.721897481110892
on,1370.0,35.476008619118566,36.04020693082446,15.527957681509879
on,1371.0,35.47524855273246,36.04077313635473,16.484586353894862
on,1372.0,35.474412241000245,36.04219390971951,16.137326218438922
on,1373.0,35.474062860098925,36.04191697533119,14.970038924392272
on,1374.0,35.47366204946951,36.04098266848817,15.52296648815948
on,1375.0,35.473253786989225,36.03918808282416,15.528965882275978
on,1376.0,35.47162644790389,36.03803497940574,14.773097109145422
on,1377.0,35.47114983270891,36.037498082500974,14.65135180628377
on,1378.0,35.47266410422855,36.03705598282306,14.466838359776048
on,1379.0,35.47353386281818,36.03762218715721,14.181065565080539
on,1380.0,35.47450927564105,36.03710702957751,14.800783945311505
on,1381.0,35.473873588740645,36.035643332113544,14.714338765861811
on,1382.0,35.47485580857054,36.03480218378223,14.557423990791081
on,1383.0,35.475436223052164,36.03326500280333,14.42285354963509
on,1384.0,35.47483209702382,36.03449385601837,14.942851741487393
on,1385.0,35.47522974237958,36.034137605285736,14.789986215749336
on,1386.0,35.4756354730658,36.03435521315648,14.612894195879235
on,1387.0,35.47621570960927,36.03342590550359,13.556465028613115
on,1388.0,35.475488443605315,36.03275758850595,13.51585179231721
on,1389.0,35.47458825770623,36.032680735049404,14.223674047022737
on,1390.0,35.47210238897451,36.033039249817115,14.47900848623934
on,1391.0,35.469776011494375,36.03367599655869,14.495428767132502
on,1392.0,35.467548426603706,36.036280814088,14.784270523201148
on,1393.0,35.468600601289815,36.03485433656697,15.131740134496807
on,1394.0,35.46923945111446,36.033609358300865,14.363346891462779
on,1395.0,35.46885687517656,36.0321707740605,14.973399457392624
on,1396.0,35.46938559016915,36.0321394544539,14.824671319951353
on,1397.0,35.468191800727844,36.03178461874298,15.037852493706474
on,1398.0,35.46481206803074,36.033552894681314,14.452180542523507
on,1399.0,35.460753341178155,36.03501343191813,14.438068180924777
on,1400.0,35.457723242586034,36.034261898784145,13.846790027865708
on,1401.0,35.45387251894795,36.0337088314485,13.18501432617603
on,1402.0,35.451241467836844,36.0351754379167,13.42917754049439
on,1403.0,35.44840040917528,36.0379009707761,12.93136172178328
on,1404.0,35.44493077123111,36.03805602898166,12.61398870132041
on,1405.0,35.44114349584859,36.039189305798565,12.297959220073302
on,1406.0,35.43952881653633,36.0383127112825,12.807120311800315
on,1407.0,35.43779680111663,36.03634703346168,12.334506447808542
on,1408.0,35.435565454380914,36.036353350167104,12.852771792472765
on,1409.0,35.43307929969414,36.03692509138211,13.585286079577997
on,1410.0,35.431517667744934,36.03902203853842,13.295775892435358
on,1411.0,35.43025515027372,36.041143226198514,13.868309192909223
on,1412.0,35.42943941017847,36.04089743252596,13.04539427476563
on,1413.0,35.42833183558747,36.042457210981766,13.707595667147675
on,1414.0,35.42981086942134,36.043925308422054,12.280680388382553
on,1415.0,35.43045505343501,36.04694913725111,12.12495847453426
on,1416.0,35.43270558407076,36.04941064985916,12.27472158103945
on,1417.0,35.43682484171944,36.05064947325756,12.189853830462855
on,1418.0,35.44266006826247,36.050805791766166,13.298246186366185
on,1419.0,35.44805218741424,36.051175376399236,12.777507441217946
on,1420.0,35.45303238666199,36.050394021529605,13.001957077509939
on,1421.0,35.45639564961382,36.04920211339526,13.533425170356168
on,1422.0,35.456241271704435,36.05005786653682,14.477861625059246
on,1423.0,35.45959885506234,36.050432416242664,13.641498232237518
on,1424.0,35.46311915760822,36.05043343500788,14.134155817738037
on,1425.0,35.46509354979271,36.050855494759695,14.204916703819059
on,1426.0,35.46443488947223,36.05085529006022,13.784724516099253
on,1427.0,35.46316178737889,36.05010712273109,14.57634379851822
on,1428.0,35.46335094088363,36.04989339960161,14.361162662888301
on,1429.0,35.464327069433665,36.04987639303085,13.989378618169148
on,1430.0,35.4647126025919,36.05019225700272,13.085059149011212
on,1431.0,35.46372717290468,36.04869670576296,13.147403570789407
on,1432.0,35.46296212131516,36.049390436333695,12.61156191652789
on,1433.0,35.46397241039245,36.04931082851029,13.433057207674679
on,1434.0,35.465520918932725,36.04769693275831,13.867515272654963
on,1435.0,35.46574479919098,36.04660403780754,13.840045432222517
on,1436.0,35.465854978906854,36.04694310026375,14.167995391302235
on,1437.0,35.46746288347758,36.04771418888195,14.486728823108043
on,1438.0,35.469007664206345,36.04964928130541,13.237714412299127
on,1439.0,35.469025626891614,36.05026270432644,13.52613824232115
on,1440.0,35.46851574138389,36.05084876669857,13.572543662064351
on,1441.0,35.46699149222448,36.05073144640323,13.537452442692
on,1442.0,35.46651774324845,36.051362789122614,14.010897045971147
on,1443.0,35.46672458284812,36.05150598374313,14.645731553552963
on,1444.0,35.46844727641505,36.05186193621755,14.620120452014426
on,1445.0,35.470754825747484,36.052584591916386,14.88656979201523
on,1446.0,35.47468124648887,36.052024510370764,15.353884739855136
on,1447.0,35.47830792938704,36.05038801163841,14.6721516706439
on,1448.0,35.479756340950246,36.04849797730844,14.24935080029832
on,1449.0,35.48157316643084,36.0479346418202,13.755142027911658
on,1450.0,35.48207948717996,36.04697130694032,13.393885553118213
on,1451.0,35.48165625249128,36.0464694802327,12.706887793286658
on,1452.0,35.48121806950892,36.046808348075565,13.63449353184831
on,1453.0,35.47970173351435,36.04678044975421,13.295160121601644
on,1454.0,35.47845576363158,36.046230833440845,14.596347925699682
on,1455.0,35.479473092418104,36.043669392971424,13.810090030144686
on,1456.0,35.47928727041762,36.0439841023188,14.937810584183339
on,1457.0,35.4787056224148,36.04469510970103,14.847557402177983
on,1458.0,35.47857006911832,36.04713284702454,14.146275305405041
on,1459.0,35.478523486237634,36.04811630052011,14.535593758789776
on,1460.0,35.48015131663461,36.047173440312385,14.743748374562015
on,1461.0,35.482073793735196,36.04653201729536,14.990706140475549
on,1462.0,35.48484689683162,36.04622358470177,15.315175139022877
on,1463.0,35.48687933496968,36.046566020663285,14.961378043867521
on,1464.0,35.48820658224965,36.047596965939825,14.86497238564601
on,1465.0,35.48963573478293,36.04847618415138,14.880893271906615
on,1466.0,35.48922256237482,36.04888206608181,16.28736745465725
on,1467.0,35.49041781470873,36.04974323596057,15.987493879863134
on,1468.0,35.49125824415535,36.04906724779295,15.166037619116228
on,1469.0,35.491542481324565,36.047910658218505,16.26912544931183
on,1470.0,35.490793986755385,36.046011236256234,16.986833501797015
on,1471.0,35.489820592242616,36.045563452485204,16.010382032303312
on,1472.0,35.49001381354983,36.04447194284199,17.171142396944575
on,1473.0,35.4901890539869,36.04379881703713,16.346163447647413
on,1474.0,35.48965131670534,36.044423486460616,15.677312293350376
on,1475.0,35.49015324368383,36.0434533878994,15.954081929806446
on,1476.0,35.48937610453007,36.044633632725684,15.092149205756787
on,1477.0,35.48784314569374,36.045179753481314,14.897572692030675
on,1478.0,35.48642975695501,36.04584764815115,14.418544039479805
on,1479.0,35.48482687272687,36.046819771221834,14.865610326693735
on,1480.0,35.48568531718765,36.047828741702105,15.139163255707334
on,1481.0,35.48703144708431,36.04765296218888,15.19951097228602
on,1482.0,35.486874533277366,36.04510056080002,14.126877301520734
on,1483.0,35.48574834990831,36.04497132254382,14.678231445631127
on,1484.0,35.48404934425747,36.043737486949034,15.794262593877859
on,1485.0,35.48191173278709,36.04265819267127,15.850150521395815
on,1486.0,35.48104985204899,36.0402701762211,15.887099304484915
on,1487.0,35.48129970729759,36.04184253439357,15.180673126056902
on,1488.0,35.481239708978855,36.043411697275694,14.65863737388414
on,1489.0,35.48103277897732,36.04528715052328,14.981765454879906
on,1490.0,35.48096152584246,36.045577520700895,15.15248617964047
on,1491.0,35.48144033528658,36.04551697768821,14.772525360213626
on,1492.0,35.48281910458401,36.04579610704897,15.536724610298506
on,1493.0,35.48367175585642,36.0454962271187,15.490727344535712
on,1494.0,35.48367355310373,36.04669829088269,15.27167048510125
on,1495.0,35.48413687629072,36.04746404668765,16.028976480249995
on,1496.0,35.48536432078264,36.04834416482919,15.647660762642221
on,1497.0,35.48695705131916,36.04726184716653,14.629596699568562
on,1498.0,35.48845243608466,36.046392385390604,15.597379286650238
on,1499.0,35.49064255354354,36.04600714519864,15.302234951339276
on,1500.0,35.49158131549143,36.0454111679612,14.941752607626896
on,1501.0,35.49237551978457,36.046464153049335,15.88628076988341
on,1502.0,35.49349397574633,36.04650915884705,14.888261571164175
on,1503.0,35.49467946277671,36.04627069021894,14.460182424537468
on,1504.0,35.49328155769506,36.04746876573659,14.391821068193746
on,1505.0,35.49180370172226,36.0481654771688,13.842460145374403
on,1506.0,35.491161006386875,36.05171071061109,14.250748482839494
on,1507.0,35.489692465384785,36.053186436854325,14.506105196485928
on,1508.0,35.48905716855509,36.053268873928104,15.081288467882235
on,1509.0,35.488787650756215,36.05191228586605,15.297651730406262
on,1510.0,35.48785367990907,36.05056797671713,14.935077022309093
on,1511.0,35.48645643765967,36.04974479024125,16.447545455538446
on,1512.0,35.48674914226853,36.049298590246615,16.650306539320244
on,1513.0,35.487668206339706,36.04864291542405,14.863619888037261
on,1514.0,35.48799134500703,36.04954266812285,14.86303146267265
on,1515.0,35.487792883434935,36.04755914866287,14.469860357350697
on,1516.0,35.48495807361149,36.045807726935216,15.001845252510822
on,1517.0,35.48380061265327,36.045847841862695,14.122445254994798
on,1518.0,35.48315203105099,36.04662613955618,13.788761418147502
on,1519.0,35.48143834783478,36.045972292543865,14.924052657717356
on,1520.0,35.48187773513419,36.04482785057732,15.31770438582032
on,1521.0,35.48275567670692,36.043364399720865,15.564827631188113
on,1522.0,35.482404221478426,36.042279805473086,14.286687718856232
on,1523.0,35.48214009960179,36.04055792097079,15.0551499558313
on,1524.0,35.4829423413652,36.03887531189865,15.463269566849533
on,1525.0,35.48128752290312,36.04084240098268,15.628931472090919
on,1526.0,35.478575402270955,36.041799584458374,14.530259066854002
on,1527.0,35.475723936179186,36.04422705054399,14.58066680297908
on,1528.0,35.47276353630134,36.045529366989925,14.595619958951382
on,1529.0,35.47082394433719,36.045371245220956,14.569417859183087
on,1530.0,35.46991974084622,36.04553462159944,14.680568653548274
on,1531.0,35.47001125876887,36.044611877524574,14.288456980353558
on,1532.0,35.470980276056316,36.04300326424823,14.356077144627292
on,1533.0,35.4724214598033,36.0427072176406,14.685162146318033
on,1534.0,35.47433528985154,36.042801043067485,15.193750531442992
on,1535.0,35.47658039299398,36.0427566719519,15.137506579771753
on,1536.0,35.478337975426875,36.04201048023326,14.932776257658555
on,1537.0,35.4814964164936,36.04096845925786,15.024796772486955
on,1538.0,35.48369573471272,36.04071426909139,14.795341520653027
on,1539.0,35.484156783900595,36.04175975626079,14.966261716475266
on,1540.0,35.48432196283419,36.042925547629906,14.963532716319232
on,1541.0,35.48485135019694,36.04402936959302,15.498684691158866
on,1542.0,35.48527887151256,36.04599864405875,14.990911305872617
on,1543.0,35.48508418462956,36.046791403392,15.768561915370626
on,1544.0,35.48581052200856,36.04760460882376,16.127770910208056
on,1545.0,35.486195231700094,36.048243697181874,16.010975441296665
on,1546.0,35.487163640866086,36.04760639658123,15.180968514524508
on,1547.0,35.48840081664221,36.04615700454515,17.043721736404564
on,1548.0,35.48701494712772,36.044669141805294,16.780845379650614
on,1549.0,35.48552384356156,36.042500460572015,16.26603520579742
on,1550.0,35.48445159332379,36.041845432167825,15.74455710390492
on,1551.0,35.483673289058295,36.04133307027399,15.440391535843732
on,1552.0,35.48300123291931,36.04210662884992,15.619998363580706
on,1553.0,35.48332602678803,36.042762870350764,15.446653645574173
on,1554.0,35.48363486831552,36.041186100081134,14.411654086387436
on,1555.0,35.4845502327552,36.03889253839811,14.984230796863347
on,1556.0,35.4851398407488,36.039736133382334,14.780992090363572
on,1557.0,35.48620666838063,36.038766861625795,14.803570522174013
on,1558.0,35.485210124228544,36.035128070185394,16.054733523377234
on,1559.0,35.48489127554486,36.03521999275445,17.236649956502998
on,1560.0,35.4842020140628,36.03530448558786,15.316495378838955
on,1561.0,35.48192058995325,36.03419645960015,14.444586923827803
on,1562.0,35.47996790057717,36.03602386342465,14.815261692909345
on,1563.0,35.4781340641682,36.03705316478002,15.63450715156953
on,1564.0,35.476890089860355,36.03735943102581,16.351001125663956
on,1565.0,35.47645597121312,36.0375044593778,15.410481843223423
on,1566.0,35.4771092935777,36.03758966285224,15.75422849978174
on,1567.0,35.477273529376376,36.03729544641684,15.432827651752714
on,1568.0,35.47560443775133,36.036908851879936,15.242192979863946
on,1569.0,35.47400511864652,36.0379994667561,15.046429421225849
on,1570.0,35.47075039682671,36.03922898323015,14.403859136606982
on,1571.0,35.468217330012195,36.04057091952137,14.413089003030187
on,1572.0,35.46561750485786,36.04273770187323,14.08392593919428
on,1573.0,35.463516278508585,36.041426132688436,13.993169585304992
on,1574.0,35.46179952830414,36.039119218108446,14.909289409800369
on,1575.0,35.46094101707461,36.040307550788604,14.814343745720004
on,1576.0,35.461546934682985,36.039140080111686,14.705338192290906
on,1577.0,35.46109689030614,36.03762990327188,14.958686716597914
on,1578.0,35.462492762394355,36.03762580808985,14.689987311214793
on,1579.0,35.46444942081202,36.03741073437851,15.282028917847487
on,1580.0,35.46622438225158,36.036375762085385,15.761501113252027
on,1581.0,35.468395451042554,36.037378520518345,14.705008350733216
on,1582.0,35.470079609573546,36.036761144936406,15.139476051521626
on,1583.0,35.470266857687236,36.03598555868908,15.178857864957251
on,1584.0,35.4710515565257,36.035081828117406,14.934103799427511
on,1585.0,35.47077419487418,36.03581515331337,14.772225853530113
on,1586.0,35.47028140924455,36.037643310623324,14.013070470591304
on,1587.0,35.46957561667976,36.0386459894635,14.636194366722417
on,1588.0,35.46724528184213,36.03806978094145,14.588148194862402
on,1589.0,35.465963426280595,36.03795046219751,14.552754447570221
on,1590.0,35.46487155219945,36.03850701940427,14.367341824676046
on,1591.0,35.46415854245096,36.03882196354634,13.822745092234115
on,1592.0,35.46287838513671,36.038365422534454,13.59978256398451
on,1593.0,35.4616274598741,36.03855098626464,13.899396846354652
on,1594.0,35.461738026204834,36.04022677633316,14.712040079545545
on,1595.0,35.46229593175402,36.04143864891102,13.836830819181968
on,1596.0,35.46141398071593,36.04058589325205,13.580419513989913
on,1597.0,35.45911790092556,36.04009954819914,13.55353413152211
on,1598.0,35.457539795828744,36.038681713267536,14.120728425872972
on,1599.0,35.45634439234853,36.03977182142975,14.581378497415628
on,1600.0,35.45527116258807,36.04103798659565,14.966795945395795
on,1601.0,35.455720176637705,36.041532650552995,14.295624762934434
on,1602.0,35.45658288441171,36.04189592438922,14.268869746055085
on,1603.0,35.45837770918686,36.04243712350337,14.68977539100636
on,1604.0,35.46144248950998,36.042137891372306,13.92728252840573
on,1605.0,35.463531651310255,36.04223735861968,13.92737226791544
on,1606.0,35.46472283396091,36.04155320050681,13.864886843970915
on,1607.0,35.46502636970882,36.04088709406788,13.407217603505373
on,1608.0,35.46492915666311,36.04268577584937,13.349281948699929
on,1609.0,35.46613889569502,36.04373885278878,13.636411763136522
on,1610.0,35.46627461558785,36.043775411040365,13.892219352978994
on,1611.0,35.46638098565582,36.0454782420812,13.20780851203041
on,1612.0,35.46399829302831,36.04543254036288,13.652509219544799
on,1613.0,35.46277567309238,36.04601104925164,14.033924730394947
on,1614.0,35.461262534913864,36.04761734593208,14.81515130491767
on,1615.0,35.46051199759148,36.04860331522206,15.02114353527821
on,1616.0,35.460802846170424,36.05042098227541,14.868895587151194
on,1617.0,35.46015289076173,36.049771143078665,14.586510442509603
on,1618.0,35.4611494618545,36.047494814575536,15.252763393880109
on,1619.0,35.46078085364085,36.045514789690415,14.411519001685015
on,1620.0,35.46067152257908,36.04387817891975,12.99842916932178
on,1621.0,35.459260930218086,36.04299396347677,13.19934090966687
on,1622.0,35.45798887487643,36.04141283594682,13.066960996189803
on,1623.0,35.45485000168739,36.03984749449767,12.3703398985133
on,1624.0,35.45246962064586,36.03922743426701,12.775133359194232
on,1625.0,35.451108432481355,36.03873341878889,13.104389900118512
on,1626.0,35.450522151909944,36.036501338597745,13.46065692320302
on,1627.0,35.44982635618918,36.036219522584595,13.19172621843007
on,1628.0,35.44954554710693,36.036771776650944,12.906677490179469
on,1629.0,35.44877861164421,36.03794751109815,13.45429537520849
on,1630.0,35.44765000483436,36.03820932962282,13.230455219664782
on,1631.0,35.447715062327575,36.0382566954748,13.311163218763616
on,1632.0,35.450112714138335,36.03947651134896,13.45321043477899
on,1633.0,35.45151176549446,36.03888259856524,14.12295753540531
on,1634.0,35.452885393873665,36.03815882167039,14.17002008315228
on,1635.0,35.45561638172408,36.03766101062941,13.548185491983077
on,1636.0,35.45871895527608,36.03933829318675,13.726872260271204
on,1637.0,35.46040166532277,36.04000610219354,12.794131627532916
on,1638.0,35.46205806497717,36.038434694502556,13.641605351087982
on,1639.0,35.46304966870398,36.03709011429053,14.034270537144451
on,1640.0,35.46679953223971,36.03673366874893,13.488854811885997
on,1641.0,35.46859234474012,36.03705105142185,12.550187781872312
on,1642.0,35.47022532374974,36.03721441257622,12.396364524885984
on,1643.0,35.470935713317665,36.036411670612964,13.054591339433536
on,1644.0,35.47151448823741,36.0372321480708,12.952645125753087
on,1645.0,35.471827695331115,36.038691563265196,12.786507797445845
on,1646.0,35.4723319539082,36.038324887540995,13.062560846188862
on,1647.0,35.473844663731896,36.03782901883491,13.909875170942904
on,1648.0,35.473873620895446,36.03702996617492,13.456326721746649
on,1649.0,35.47263303606633,36.037928972100566,13.793472594014569
on,1650.0,35.47225146826317,36.03948318785497,14.106656826655115
on,1651.0,35.4693561132818,36.041168561208984,14.006588433560253
on,1652.0,35.46821946510922,36.03985733105455,13.717813061224687
on,1653.0,35.46655682766539,36.038704141214374,13.673541965287233
on,1654.0,35.465125415072535,36.04065732379923,13.330279856734188
on,1655.0,35.463000433894614,36.041464201165574,13.185945873929835
on,1656.0,35.46109091394708,36.04248328641894,12.948579242820841
on,1657.0,35.45844544618327,36.04367035417762,13.217886851578378
on,1658.0,35.458098164085236,36.0422974005835,13.446918214422322
on,1659.0,35.45681657608135,36.042982129891406,12.820103683616063
on,1660.0,35.45702554330569,36.041957967138785,12.526828616649617
on,1661.0,35.45680350210198,36.04070902297271,13.52023065803861
on,1662.0,35.45700660766182,36.042038891051924,12.85897314987395
on,1663.0,35.457426501634295,36.04265104076892,12.28930977918471
on,1664.0,35.45681022990733,36.04492379617271,12.850362228025608
on,1665.0,35.45646723374102,36.045890803288984,13.098156012515602
on,1666.0,35.456405570715944,36.04761068536132,13.603257305487446
on,1667.0,35.45820791677222,36.04809529227732,13.78295357378656
on,1668.0,35.46132486284649,36.04822140923003,14.055586630815514
on,1669.0,35.465000621459,36.04719994503557,13.458290275323684
on,1670.0,35.467391832972645,36.04571647127691,13.81425889827957
on,1671.0,35.4678603418968,36.04516651854103,13.394172422313995
on,1672.0,35.46792272310856,36.04582556276593,13.728448910047824
on,1673.0,35.46983975396725,36.04630923853672,12.772951324422907
on,1674.0,35.47196785678823,36.04724200042463,13.630391883492553
on,1675.0,35.47531429016603,36.048240133862265,14.187245940575302
on,1676.0,35.47819364632284,36.04873767247901,13.205417473097192
on,1677.0,35.480603987919274,36.04934797573415,13.416306640378757
on,1678.0,35.48311924224512,36.05033547556037,14.114077084484116
on,1679.0,35.484512563767225,36.05170101331282,13.961739114781771
on,1680.0,35.485587376668036,36.054075959382615,14.565636011742196
on,1681.0,35.48889030019986,36.055534769340994,14.411506752219468
on,1682.0,35.4901383735092,36.05655295901202,14.188895322956089
on,1683.0,35.488987494601105,36.059766286409236,14.210189951728022
on,1684.0,35.488220618463565,36.06346117580496,14.300360884181071
on,1685.0,35.48697782142562,36.0630863939867,14.331703832960464
on,1686.0,35.48462427638304,36.0620320931609,14.023695210998174
on,1687.0,35.48117706427286,36.06124541837185,14.471776022360249
on,1688.0,35.47757555688058,36.06149755037604,14.104152079001224
on,1689.0,35.47341509069936,36.062056675584294,13.988927002012307
on,1690.0,35.471515730988195,36.06240741129266,13.893321009503808
on,1691.0,35.47185191193278,36.061213705700865,13.816762182229992
on,1692.0,35.472455659067734,36.05970079505301,13.868756701840224
on,1693.0,35.472899082690056,36.05847406564907,13.832768608830257
on,1694.0,35.473261141566844,36.056442743785965,14.220398761693914
on,1695.0,35.47371476169594,36.05476199474587,13.468474022521633
on,1696.0,35.473198801327904,36.05198598612523,13.63396285761424
on,1697.0,35.47247148130521,36.05008705250977,13.594585275582467
on,1698.0,35.472708286065604,36.04870443472378,14.163782639126897
on,1699.0,35.47311236495642,36.0487002050486,14.570735526801531
on,1700.0,35.47470187950694,36.04895213288067,14.011833980806998
on,1701.0,35.47529215413355,36.05251641843191,14.419041715014785
on,1702.0,35.47755581624608,36.05194732489229,14.270489352743134
on,1703.0,35.47919797328592,36.052765963148666,14.857839676623607
on,1704.0,35.482310540898524,36.05039635035489,14.268940566750013
on,1705.0,35.48526419971981,36.04861774782541,15.401607423276078
on,1706.0,35.487975112363486,36.046745166032515,15.088232232671597
on,1707.0,35.493588331609246,36.047554572158916,14.629387025282796
on,1708.0,35.49726072319214,36.04824108372841,14.417051734334837
on,1709.0,35.500399464757116,36.046828866085576,14.204817544986224
on,1710.0,35.50095884144241,36.045563561477984,13.643469769720632
on,1711.0,35.500387392099164,36.0449041104098,14.915080701768257
on,1712.0,35.499086079462195,36.042537507511085,14.664358716298334
on,1713.0,35.49706744706739,36.042396458873405,14.58271756676247
on,1714.0,35.49580646451664,36.04242637994685,14.297915052320608
on,1715.0,35.49624673502094,36.04299951613894,14.20818826173966
on,1716.0,35.49543378039317,36.042635272228374,14.663098224155931
on,1717.0,35.496360020839525,36.04469835815552,14.452311103834857
on,1718.0,35.49825592608681,36.04390108184077,14.197903491788752
on,1719.0,35.499621138702196,36.04448318650961,15.807126736764655
on,1720.0,35.49858155425938,36.04416142866742,18.328070873463762
on,1721.0,35.499550946724696,36.0443783250861,17.869370400186707
on,1722.0,35.50179603541835,36.043780298337644,17.76060736406426
on,1723.0,35.503656294499436,36.04483152128314,16.215852238006182
on,1724.0,35.50355936821516,36.0449943754023,16.48128125499119
on,1725.0,35.503379701231395,36.04537911934502,16.214762186465403
on,1726.0,35.50416582276392,36.04107670104078,15.85113297837788
on,1727.0,35.50469552449366,36.03956852866177,16.176675497207892
on,1728.0,35.50448766287103,36.038640022878646,14.549787278039013
on,1729.0,35.50149663297413,36.03834361035107,15.04385682667419
on,1730.0,35.49752034460483,36.03710645294654,16.411452860238942
on,1731.0,35.495271516130614,36.03647370167074,16.449424979944336
on,1732.0,35.49187913485339,36.03781819329497,16.66405147168209
on,1733.0,35.48913131570299,36.03942672724533,17.793137749853283
on,1734.0,35.48593121946939,36.039570995920826,18.376319729160336
on,1735.0,35.485001145005455,36.03914905857572,16.8247840885018
on,1736.0,35.484513694714174,36.03828321948237,16.788048341042998
on,1737.0,35.485080596605364,36.036723857166976,15.554363080144181
on,1738.0,35.48624030034087,36.0363256183713,16.122076072237107
on,1739.0,35.48803000791833,36.03691056814999,15.622705040530452
on,1740.0,35.48806829008654,36.03672657422823,15.859753914641978
on,1741.0,35.48801311208256,36.03630530349258,15.074931416300952
on,1742.0,35.488755057293844,36.03469613606385,15.63102711728001
on,1743.0,35.48946087559457,36.03515525709029,14.392956691638034
on,1744.0,35.487956731195275,36.03667398609114,16.211786151993422
on,1745.0,35.48838758764295,36.036878643047956,14.502512048326913
on,1746.0,35.48934353571403,36.037581637653346,15.18404381661232
on,1747.0,35.49190239811619,36.038524241839774,14.370307084852358
on,1748.0,35.49416069326913,36.037383181276624,16.59898502124139
on,1749.0,35.49518251009716,36.03796233611541,16.031829239863594
on,1750.0,35.49459682618216,36.03768840683429,15.859719151942429
on,1751.0,35.49342347065845,36.03612947127939,15.180219758289201
on,1752.0,35.49084778431921,36.03627371400053,16.797064510378462
on,1753.0,35.488818667553424,36.037390320368814,16.82603399190835
on,1754.0,35.48677603762944,36.037209523000485,15.566297985681022
on,1755.0,35.48375160485979,36.036744777093155,14.833626453779079
on,1756.0,35.48001228059127,36.03721453911982,14.381570206606884
on,1757.0,35.47874021073552,36.03716973591037,14.426603685509942
on,1758.0,35.4780886667283,36.035410765721295,14.253515566483436
on,1759.0,35.47447783768866,36.03371647144963,14.70812368798501
on,1760.0,35.47252655032134,36.03333416409387,14.917640306687904
on,1761.0,35.47267580246253,36.03161143401709,15.170859059809517
on,1762.0,35.47263941501228,36.03125315478612,15.261721909590559
on,1763.0,35.47333045686437,36.03224602618233,15.727612352010317
on,1764.0,35.47541287605025,36.03099697473529,15.575844437883884
on,1765.0,35.477266330633356,36.03222837178403,15.154224369589192
on,1766.0,35.47825348519849,36.032963687874364,14.738237583418284
on,1767.0,35.47931039266871,36.03289880278177,14.929943293650751
on,1768.0,35.47970875977602,36.031627461050824,14.655742003311051
on,1769.0,35.47930705273225,36.03135379431111,15.109033705026363
on,1770.0,35.47903514927708,36.03039301032678,14.623956891567698
on,1771.0,35.47687916424064,36.03107939191726,14.094811157974512
on,1772.0,35.475415415991094,36.032531073585055,14.817626249480067
on,1773.0,35.47403804902515,36.03339390612804,14.553330494766655
on,1774.0,35.47324523858518,36.034417892484704,14.563292178479141
on,1775.0,35.47276894665043,36.03638457577323,14.482507032406161
on,1776.0,35.47121057304087,36.03831954645536,14.80507904801772
on,1777.0,35.47084419380748,36.03691248148618,15.052248327828764
on,1778.0,35.47008843158101,36.035357686786085,14.83743490326304
on,1779.0,35.47048122483279,36.03433870713692,13.85528798259771
on,1780.0,35.46755618962905,36.034160334480276,14.002282587605714
on,1781.0,35.46618295895202,36.03500819206014,13.597207249464574
on,1782.0,35.465360981124476,36.035075391106034,14.978680656069063
on,1783.0,35.46485731601184,36.03615998899379,14.26055777354629
on,1784.0,35.46608820360883,36.03705753579046,13.649190596424825
on,1785.0,35.46618015080057,36.036756991710455,14.492726724939612
on,1786.0,35.46664035473375,36.035431724606795,14.674883877659777
on,1787.0,35.46650722433331,36.033364372722346,14.859274338670204
on,1788.0,35.466102401969444,36.03271280137005,14.786566330500422
on,1789.0,35.46691131746711,36.03197295833437,14.793324127951543
on,1790.0,35.46833566795977,36.03205357407606,15.237870492328176
on,1791.0,35.469942347546805,36.031884214378465,14.86714904068609
on,1792.0,35.471047755805536,36.02959862432681,14.449277015617822
on,1793.0,35.47198517035334,36.02880829597176,14.667328261851976
on,1794.0,35.47268872127542,36.02916013157139,15.533842632535123
on,1795.0,35.47291278227045,36.02982641958016,15.961765261583828
on,1796.0,35.474495330462254,36.03014083101951,15.264218954550152
on,1797.0,35.474176239133044,36.028964642820384,14.306700615228774
on,1798.0,35.4731954235443,36.028954371202055,15.743977557439152
on,1799.0,35.471574625376086,36.02817155823229,16.33950568934071
on,1800.0,35.471256394452055,36.026382128500984,15.285901734735786
on,1801.0,35.472020412507426,36.02592642426357,14.94150139492725
on,1802.0,35.472649071659994,36.02563102278617,15.460577492426971
on,1803.0,35.47243962232186,36.02682414595528,14.85029706399812
on,1804.0,35.472106375440944,36.02646653694178,14.916576907265393
on,1805.0,35.472006457520614,36.0279995751373,14.833006748002038
on,1806.0,35.47065754662968,36.02793412554965,14.617421813265757
on,1807.0,35.46959325701183,36.02634273083242,14.798733758250272
on,1808.0,35.46820390882166,36.0237504514601,14.734438118131383
on,1809.0,35.46682880117747,36.022414567353806,14.520123305586962
on,1810.0,35.465496605969655,36.02286520088909,14.662972019150963
on,1811.0,35.463953505483786,36.02541437179699,14.580834461720608
on,1812.0,35.46258147182216,36.028512446208126,14.371593128791357
on,1813.0,35.461566263019364,36.030814746373714,14.579845813091442
on,1814.0,35.460293777054105,36.032123728947674,13.976617068758612
on,1815.0,35.45685979413368,36.034743631347446,13.343570251496676
on,1816.0,35.454258276682545,36.03496306914611,13.787343785680788
on,1817.0,35.452231071028265,36.03334326511461,14.179911690157924
on,1818.0,35.45049352805715,36.030560151907046,14.654577616303836
on,1819.0,35.44885816199311,36.03027708756123,14.425378795138524
on,1820.0,35.448001847587804,36.029549070593944,14.443490585064335
on,1821.0,35.4470789794558,36.02934093123754,13.823706597913752
on,1822.0,35.446484636001756,36.030346966270855,14.02527808546732
on,1823.0,35.44539236382858,36.02993495794363,13.519082392632836
on,1824.0,35.44430282343404,36.031305035047446,13.93246327707153
on,1825.0,35.443108720632885,36.0318881678992,13.539303002043805
on,1826.0,35.442596286545076,36.03240420655312,13.404346476816219
on,1827.0,35.44208040789167,36.032438446956846,13.758244014837672
on,1828.0,35.44363715717339,36.03161667431677,13.61154621634521
on,1829.0,35.44704262764508,36.031096394044425,13.879403347379728
on,1830.0,35.44913751917076,36.03469168509956,13.716503303991082
on,1831.0,35.45009987691836,36.036578968957734,13.625933672097641
on,1832.0,35.45139182028085,36.03672730392028,13.451911217802465
on,1833.0,35.45201922866347,36.03656666507767,12.992908610248179
on,1834.0,35.4537780327666,36.035943098129025,13.154884659552074
on,1835.0,35.455329554589774,36.03609588533237,12.75468490168071
on,1836.0,35.45715803474222,36.03559442978114,13.104392684206257
on,1837.0,35.45907028297161,36.034313687094595,12.672790970318797
on,1838.0,35.46143734898773,36.034070801793746,13.237326003737206
on,1839.0,35.46275228832639,36.0334608697634,13.40051825141817
on,1840.0,35.4648429506391,36.03458501538539,13.641199968650241
on,1841.0,35.466098992526305,36.03580203894036,13.980074380019003
on,1842.0,35.467916064336826,36.037836666322434,14.665687818513032
on,1843.0,35.46991872961564,36.04014232237907,14.935784929090346
on,1844.0,35.47182174819697,36.04048231051399,14.612431231223514
on,1845.0,35.47469462397016,36.04174392595703,15.223867895880765
on,1846.0,35.47577088496287,36.042268393663036,15.167577831618729
on,1847.0,35.47545929317643,36.042749109623145,15.247350571569541
on,1848.0,35.47705288701461,36.04250425416665,15.367549128956757
on,1849.0,35.479332924679255,36.04312500593197,15.873161403132647
on,1850.0,35.4805664206004,36.042112495821726,15.141808646870839
on,1851.0,35.48068679780738,36.03896270574958,15.22177963408593
on,1852.0,35.48045315147071,36.03928124809971,14.76729938653103
on,1853.0,35.479333634756166,36.04147256502975,14.99492305775296
on,1854.0,35.480266318570656,36.042337294610284,15.180894697839426
on,1855.0,35.4791435728516,36.040572750262726,14.908598812197358
on,1856.0,35.47819559539937,36.03940316355863,14.316746582694773
on,1857.0,35.47569962925888,36.03850542041864,14.424998840047255
on,1858.0,35.474729006775334,36.038232308877625,14.83345905257351
on,1859.0,35.473721334809106,36.0389509086125,14.376097724168428
on,1860.0,35.47197633969363,36.03872196500401,14.315154795292855
on,1861.0,35.46995277441426,36.03837753363242,15.115095882337826
on,1862.0,35.469346227014704,36.039766661030306,15.658629377633202
on,1863.0,35.470775196429315,36.03992919831593,15.674371868724881
on,1864.0,35.47331825665741,36.04091969760518,14.827598975166818
on,1865.0,35.474671792965125,36.04026949474468,14.561902766563623
on,1866.0,35.4753477506133,36.03828452810575,14.741240487768309
on,1867.0,35.4773069624021,36.03680947067745,14.233638527109228
on,1868.0,35.477714937712896,36.0394055801294,13.91627876463573
on,1869.0,35.47879405243704,36.04096093878924,13.612693683574497
on,1870.0,35.47783639751858,36.0416384097889,14.037516183466181
on,1871.0,35.4770561253382,36.041159268503975,14.23098232659672
on,1872.0,35.476340885672826,36.04229970037775,13.398114866845361
on,1873.0,35.47518868408419,36.04109828296633,13.392617956414638
on,1874.0,35.47234897982885,36.04099722279696,13.7439354378108
on,1875.0,35.46956240873579,36.04086764135884,13.33426223762827
on,1876.0,35.46813871320635,36.04204932888335,13.028415667600134
on,1877.0,35.46622823829638,36.04153121504302,13.562136143775998
on,1878.0,35.46447424735969,36.04262338600237,13.345291831493773
on,1879.0,35.46235655301904,36.041846416468765,14.090003459871884
on,1880.0,35.46037262322314,36.040526660007984,14.019580901929661
on,1881.0,35.45868811573706,36.04063675882367,13.762530589192544
on,1882.0,35.45783315838424,36.040156986749835,14.013951743205364
on,1883.0,35.45697222530025,36.04059477792039,13.936825383468847
on,1884.0,35.457917347556986,36.04099267673342,13.556329042307102
on,1885.0,35.4599151230713,36.04090449701775,14.1362620948461
on,1886.0,35.4599278113489,36.04231464494735,14.622058705703754
on,1887.0,35.46020502340159,36.043912237802196,14.399591912190743
on,1888.0,35.460423043045914,36.043720793046965,14.02188230464018
on,1889.0,35.45933879333351,36.04362400097693,14.202549569897439
on,1890.0,35.46002403720419,36.0451010366836,14.65705616276923
on,1891.0,35.46126784145058,36.04640567639108,14.58036948897929
on,1892.0,35.46251310232017,36.04717540929899,14.101139523300859
on,1893.0,35.46304055335065,36.0456185246904,13.981304847120402
on,1894.0,35.46451662238906,36.044707835948365,13.074699383122645
on,1895.0,35.46477793359213,36.04374205187762,14.030837649521821
on,1896.0,35.465803402578224,36.043643864595964,14.052464469825829
on,1897.0,35.46589907434836,36.04440739112675,14.895782135489313
on,1898.0,35.466234403380135,36.04505303582677,14.551899113117685
on,1899.0,35.46643378585079,36.04491507648129,14.515826458657191
on,1900.0,35.46660344491384,36.04327011319034,14.812225867511877
on,1901.0,35.46733206433308,36.044278863630815,14.513038078678498
on,1902.0,35.469289216194845,36.04348558782302,14.26552653190722
on,1903.0,35.46939977888655,36.04444490500357,14.00799937323736
on,1904.0,35.4710570797455,36.04410273466397,14.514498831474405
on,1905.0,35.472689503940266,36.04442606468967,14.229466061246317
on,1906.0,35.47482762747357,36.04545315389175,14.069648787410818
on,1907.0,35.477742100701214,36.04460064968945,14.330215573111069
on,1908.0,35.47858529572589,36.04345769870759,14.748407458056835
on,1909.0,35.480117435479386,36.04228469982297,14.387812818514593
on,1910.0,35.480364917237495,36.04281730030689,14.096099832367504
on,1911.0,35.480033205565974,36.0413455218925,14.362802323157748
on,1912.0,35.47917892845968,36.04174470533468,13.874477360219151
on,1913.0,35.47820272765778,36.04207316287771,14.066021461260952
on,1914.0,35.47715405769671,36.040943615901654,14.530129003480091
on,1915.0,35.4761775274929,36.040818669497895,13.668511472361384
on,1916.0,35.47456132379539,36.040596375521844,13.490101054692534
on,1917.0,35.472492155003366,36.03988435646858,14.320021612397486
on,1918.0,35.47059608687957,36.04018366689839,14.616318529090693
on,1919.0,35.46895256461046,36.039873575292624,14.28092256034186
on,1920.0,35.468815508589124,36.03811408601732,14.391456608345411
on,1921.0,35.46828734324383,36.03517149301994,13.935060702979511
on,1922.0,35.467490326122906,36.034666839701885,13.758762841829036
on,1923.0,35.46675653339193,36.03604649293653,12.929131525796521
on,1924.0,35.46481678724395,36.03624096175249,13.363234804533072
on,1925.0,35.46456803541479,36.03622991565293,14.181874375108134
on,1926.0,35.465288300590245,36.0368213543979,13.502901022696122
on,1927.0,35.46793311663546,36.03801000084857,14.350166681902625
on,1928.0,35.46959887543303,36.0375513299367,13.94198633009001
on,1929.0,35.470352194415646,36.03982113263344,13.146823768911599
on,1930.0,35.47007364855166,36.040053739480015,13.26471412250913
on,1931.0,35.471370565293505,36.039879733724774,13.779382406604872
on,1932.0,35.47315256778132,36.0398865971595,14.79602269297876
on,1933.0,35.4741816593534,36.04086177650263,14.71778669936544
on,1934.0,35.475513304152074,36.04329344021027,14.34489028868144
on,1935.0,35.476981400819824,36.0452118589502,14.725181310696353
on,1936.0,35.47959829932639,36.0451870375906,14.48532540046222
on,1937.0,35.47990719604679,36.044242666707945,14.183653295537017
on,1938.0,35.480313710201514,36.0444506687138,14.099616704378839
on,1939.0,35.482777537353556,36.04402118472304,13.956874046733741
on,1940.0,35.48521888372252,36.04278431709183,14.24905443381779
on,1941.0,35.486133272396785,36.04288765693167,13.733400120733965
on,1942.0,35.4859622771884,36.04321894725463,15.137013725441186
on,1943.0,35.48678905045921,36.042031083370816,14.322153058352903
on,1944.0,35.48648086017355,36.0436386122144,14.373150516091036
on,1945.0,35.485617383734166,36.04304596075307,14.532244732075632
on,1946.0,35.485066725552194,36.04343403890963,15.005016537798507
on,1947.0,35.48646359321615,36.04353022048737,15.117469818312326
on,1948.0,35.48792755042643,36.04224249633243,14.342065998658487
on,1949.0,35.4894459179356,36.0424790533849,14.272070732114821
on,1950.0,35.48866642064621,36.042729402950215,14.314675366471032
on,1951.0,35.48697736715468,36.043760361669506,14.260640193495778
on,1952.0,35.48406565223584,36.04231650638074,13.259944451146332
on,1953.0,35.480212386332084,36.04220814181876,13.342169273027366
on,1954.0,35.478088989411674,36.04231618387872,14.114843054949795
on,1955.0,35.47728182842849,36.04235863180868,13.481577448045506
on,1956.0,35.47633030286288,36.042842022670136,14.249476717906708
on,1957.0,35.47637856949486,36.04499360066451,14.46073701195837
on,1958.0,35.47609244417768,36.04741930885088,13.980618424640689
on,1959.0,35.47619321617873,36.04702168483307,12.974623437853822
on,1960.0,35.4749236760368,36.04602279840127,13.3696922570421
on,1961.0,35.47468220334679,36.04623566252134,14.265953456071646
on,1962.0,35.47566293864088,36.04536907883079,14.332037224059578
on,1963.0,35.47842066789869,36.04587943753399,14.547173565925263
on,1964.0,35.48260054897878,36.04538790976606,14.47184997262181
on,1965.0,35.48473458124221,36.044351232164814,15.265125416431207
on,1966.0,35.48725918444832,36.04303394908557,15.18642680911384
on,1967.0,35.48744037284179,36.041874578392715,15.392147999080716
on,1968.0,35.48788127017363,36.04300429306209,14.966980105017269
on,1969.0,35.48918068148052,36.04383074900469,14.704952653015495
on,1970.0,35.48917729599002,36.043681642501305,14.415783849419
on,1971.0,35.48907167401285,36.0448433832943,14.82505761352087
on,1972.0,35.49026778989069,36.04362238689018,14.911872861004
on,1973.0,35.492240614921926,36.04305571645636,14.567486327823154
on,1974.0,35.494269950439694,36.042996353585494,13.99347701401097
on,1975.0,35.49553234198005,36.042523833620066,14.113676782786989
on,1976.0,35.49418978158282,36.04132679521252,13.876197314312025
on,1977.0,35.49262311586783,36.042259218183474,15.05601577624788
on,1978.0,35.49124709957532,36.04295291839279,14.433935382074488
on,1979.0,35.48966038694049,36.04252284572161,14.286330814800984
on,1980.0,35.487597668391665,36.04125215917142,14.261871830657007
on,1981.0,35.48642435059223,36.04048214552801,14.58406245509502
on,1982.0,35.48685323413006,36.04115275534666,14.33760936513067
on,1983.0,35.486127260812346,36.041685717463345,13.881117256147952
on,1984.0,35.48441273621084,36.04241609940342,13.369085463977132
on,1985.0,35.48040841765194,36.042874578408,13.45177221320175
on,1986.0,35.47638746306718,36.04489580179299,13.372078335521307
on,1987.0,35.47478578101061,36.04561250577934,13.47661782160512
on,1988.0,35.471983271211,36.04627289487729,13.449364187789243
on,1989.0,35.471519417695184,36.04616426965559,12.947975462203326
on,1990.0,35.472544544964094,36.04510997831398,14.118883641681212
on,1991.0,35.47416690708935,36.04515500014729,14.824918259982462
on,1992.0,35.47515396322857,36.04462585568775,14.797887138923448
on,1993.0,35.47501169691778,36.04536280698053,14.616948302485424
on,1994.0,35.4758315715638,36.04456568282763,14.75357704274105
on,1995.0,35.47723750580848,36.04325897268533,14.599915335948651
on,1996.0,35.478161220276824,36.042140955209696,14.235309172266936
on,1997.0,35.479979815738346,36.0422048804416,14.018223803807835
on,1998.0,35.48009942137891,36.043189063515456,14.79943632989708
on,1999.0,35.48147992487929,36.04328516166465,14.592808917966643
on,2000.0,35.4830724132537,36.04240417369413,14.138060714190058
off,1.0,35.220652948837326,36.415114773094885,1.165826448576077
off,2.0,35.21760619542331,36.41277700046749,2.1368788146297084
off,3.0,35.21487975182528,36.412292273027894,1.9897388395896445
off,4.0,35.214511698290295,36.41128349678573,1.8175161601680077
off,5.0,35.21381771373278,36.41143451600749,0.9044713785594737
off,6.0,35.210540192176296,36.41355002333811,1.2935104347914268
off,7.0,35.20688806822464,36.415523265453196,1.4223668484781489
off,8.0,35.204443276823596,36.415516920993056,1.5287296498461176
off,9.0,35.20330032796715,36.41552643493226,1.4429485293376412
off,10.0,35.20011712171163,36.41588361724684,1.355300887775872
off,11.0,35.19927347333756,36.41636448071845,1.7608539111186112
off,12.0,35.20143485559412,36.41493487870571,1.6098302825523962
off,13.0,35.20743259833391,36.41281276630234,0.8809698903450978
off,14.0,35.21089419467407,36.4087700241833,1.5044413346696222
off,15.0,35.21645732800716,36.40674718912861,0.9154723751273482
off,16.0,35.220353710680996,36.40728771582457,0.7358599011432123
off,17.0,35.22242637752452,36.40872520120571,1.0737325771613482
off,18.0,35.22055346986575,36.41199499057933,1.1804749608792002
off,19.0,35.22167249216399,36.413002525872415,1.0448656177329412
off,20.0,35.2228518727242,36.41386493284934,1.37130075924189
off,21.0,35.22636787304735,36.41165521991662,0.7969090990540149
off,22.0,35.22791605967422,36.409165179785965,1.9804019153710117
off,23.0,35.228431545484916,36.40685888176061,1.3671329044103555
off,24.0,35.22634817129005,36.40746852450281,1.3634723042964263
off,25.0,35.226889678347455,36.40443813437952,1.5565976377211377
off,26.0,35.22551688711803,36.402733873806895,1.2685667582876576
off,27.0,35.22195912537068,36.40279393797048,1.677491786458539
off,28.0,35.21953976297154,36.403520358058394,1.1040674218473192
off,29.0,35.2185308106658,36.40316466131556,1.358281371276987
off,30.0,35.21945978786402,36.402536968780126,0.9772858906814545
off,31.0,35.21906201297103,36.40214187746746,1.6073692935056616
off,32.0,35.21560319695406,36.403605732502186,0.7836521423931372
off,33.0,35.21296356568767,36.40488121633515,0.6002218955577684
off,34.0,35.21128754088067,36.406005914060984,1.1172933719854647
off,35.0,35.20836650673003,36.40731409572377,1.5907229859631895
off,36.0,35.20621408627296,36.406277040628936,0.993133207879531
off,37.0,35.20171527628945,36.40642505062398,0.8890318691201244
off,38.0,35.20051317748182,36.40581234202798,1.258451029070709
off,39.0,35.1990480676187,36.40454718245464,0.7305388890474258
off,40.0,35.19975022453331,36.40238999895229,0.393956203519357
off,41.0,35.20051470127537,36.40131812336517,0.9052720700244774
off,42.0,35.19834388094414,36.40045748441812,0.7638200143737623
off,43.0,35.19768081269951,36.3994146410271,1.0654292905118479
off,44.0,35.198900059103416,36.39695976949463,1.6373352991064531
off,45.0,35.201008706532846,36.39574356631588,1.8288457762678925
off,46.0,35.203081874838006,36.39502716133694,1.5757438722152246
off,47.0,35.20600813916351,36.393287534032,1.5065920902041787
off,48.0,35.2092448213537,36.39190963119032,0.7943161760275583
off,49.0,35.21069362748179,36.39168720857358,0.9617092510500624
off,50.0,35.21109154764686,36.390501618091534,1.3091118285884757
off,51.0,35.211260427412356,36.38965723063363,0.6542355469598217
off,52.0,35.209099002939645,36.390180551323425,1.260015140594903
off,53.0,35.21145702769822,36.387301545183455,0.9845576844759071
off,54.0,35.21198946734001,36.385777343604964,1.7188040047235758
off,55.0,35.21186599197742,36.38655532312664,1.6953056866948508
off,56.0,35.21350071519264,36.38525157421551,1.6097300280896079
off,57.0,35.2107998363961,36.38425420841158,1.3970203169383355
off,58.0,35.20727616175527,36.38445500266145,0.8267850249737043
off,59.0,35.207423771736565,36.386160745286446,1.0288944089465037
off,60.0,35.20496783362042,36.38943508193838,0.5909917294992685
off,61.0,35.206044794282484,36.38715555374533,0.7499692138693363
off,62.0,35.20896630366781,36.38445102393752,0.43566937230039926
off,63.0,35.211298133296445,36.38337812142336,0.4904730290354518
off,64.0,35.21474462918481,36.38077960791756,1.0020705810034978
off,65.0,35.219362685738595,36.37872774189336,1.7084949905579179
off,66.0,35.222089611971306,36.377903252347416,1.247857629147549
off,67.0,35.22347302887393,36.37718138256013,1.115299505424057
off,68.0,35.225666699362236,36.378511171962366,1.0049140624551156
off,69.0,35.22817582429723,36.37833856782348,0.7878107625379478
off,70.0,35.232343859620954,36.376850238280625,1.2297182636068502
off,71.0,35.23381223294293,36.37481551067276,1.0057713800157762
off,72.0,35.231050251651155,36.37540361351883,0.8749674920509767
off,73.0,35.22932264026269,36.377991066665686,1.254645621323371
off,74.0,35.22798183508194,36.379766913930055,1.7294870645672455
off,75.0,35.228638857837446,36.38115417285876,1.3804407627032536
off,76.0,35.22526311925141,36.37967317979128,1.3809182371902464
off,77.0,35.22631017767124,36.38078557139799,1.1802800628677121
off,78.0,35.223376548585364,36.38206691658601,0.31914352305727717
off,79.0,35.22293593625498,36.381541780454214,0.9298452092392677
off,80.0,35.22327083869653,36.38023719166883,1.055674263190829
off,81.0,35.22513063951493,36.379302081252405,0.7614604092396322
off,82.0,35.22493097513429,36.37918219480371,0.25351703534613335
off,83.0,35.22461271619455,36.37965152597938,0.6093849515448382
off,84.0,35.22402873552066,36.38108755089406,1.4605267073284733
off,85.0,35.22363167635565,36.382551822761805,1.0568996948525
off,86.0,35.22185848882219,36.38470543289297,1.2047054131665884
off,87.0,35.222462964760695,36.38554616611669,1.4105237986794874
off,88.0,35.21988245320903,36.386087371347784,0.7490011172839839
off,89.0,35.22066150136006,36.387466739752696,1.752338030435659
off,90.0,35.21993267196374,36.38931253506621,1.2940063859832598
off,91.0,35.219748848013275,36.39128895945418,1.4774452510481992
off,92.0,35.220181969085786,36.39126509713869,1.089146427661376
off,93.0,35.22282644641819,36.390735486449294,1.4786007310887461
off,94.0,35.22753163932041,36.39052087166863,0.4255498052714585
off,95.0,35.22924611526823,36.3900292750743,0.9063281261399114
off,96.0,35.22888207071858,36.39156235811123,0.7983274048022357
off,97.0,35.228569734650414,36.39200609570455,0.9703613727174746
off,98.0,35.22687384414862,36.39237602332764,0.24317464550493556
off,99.0,35.22946516283885,36.39162384019918,1.6742227780280743
off,100.0,35.23346344266067,36.389890592804115,0.21246307117506394
off,101.0,35.23804574401676,36.38987162930843,1.3043994115551278
off,102.0,35.24099773096513,36.389071605851534,0.8520115656995384
off,103.0,35.2439451218429,36.38833356442679,0.7098717450888681
off,104.0,35.244931544567756,36.389005580107984,1.0394517322393382
off,105.0,35.24598503105994,36.38963477951972,1.5186627502700856
off,106.0,35.24758490274895,36.39087884314659,1.3618982830569721
off,107.0,35.247528240637635,36.39072918167513,1.1551745956747372
off,108.0,35.245539534532824,36.38979559298125,1.4592925659727372
off,109.0,35.243499765950105,36.391928638015926,1.0585292885096818
off,110.0,35.24190898312806,36.39236587681717,0.7781243970329856
off,111.0,35.238568941380976,36.394660226462015,1.280357530923137
off,112.0,35.23501599193867,36.39829539811642,1.0980689059655457
off,113.0,35.23207930091144,36.40153170419292,1.4454471938413715
off,114.0,35.23044472001983,36.40232071305398,1.4307251461279544
off,115.0,35.22791110792002,36.40375560095393,1.2954724128478725
off,116.0,35.22935495073144,36.40213771255266,1.3727237968741766
off,117.0,35.23102567595109,36.402237529286054,1.3140482820234727
off,118.0,35.23366428910527,36.40074371835348,0.9508420183139059
off,119.0,35.233754042621726,36.39889798443341,1.299708508420601
off,120.0,35.23266241511561,36.39911236197175,1.3501047404291748
off,121.0,35.233107836990314,36.39883945859618,0.7489728746254563
off,122.0,35.232524756676874,36.397858713362474,1.2851101004533907
off,123.0,35.23489783473292,36.39715455186024,1.1283935872128876
off,124.0,35.234247015709826,36.39763630952733,0.7115886629998665
off,125.0,35.23670345082794,36.39655523165542,1.258991079614811
off,126.0,35.235623844373976,36.3953163552921,0.5549817231287439
off,127.0,35.233084102314265,36.39600921718284,0.995804775823173
off,128.0,35.231573653158684,36.39772342408158,1.2682401998211736
off,129.0,35.22912369697799,36.400148941502465,1.5238832286584882
off,130.0,35.22931379147988,36.4005061099795,1.1976956201564848
off,131.0,35.23002593855516,36.40093326099563,1.0474865213695748
off,132.0,35.232843780149196,36.40117431827937,1.915214469950603
off,133.0,35.23915653589093,36.39922589653531,1.8179112769776236
off,134.0,35.24447323838279,36.39691378695653,1.9204438216470547
off,135.0,35.24794385058191,36.39364499139763,1.6543972373374691
off,136.0,35.25156422842669,36.39046760056913,2.15275526465462
off,137.0,35.25349265235851,36.39000943531042,2.318609261402891
off,138.0,35.25428486669422,36.388304127125025,2.0591857384284
off,139.0,35.24996853533406,36.390757103346765,1.5642517235691171
off,140.0,35.24832855219792,36.3941566857894,1.6533844593985454
off,141.0,35.249228901361235,36.39567436331464,1.3415259158167026
off,142.0,35.250538587547425,36.39457701865925,1.631524721554045
off,143.0,35.25005384013757,36.395611261723,1.4126333004026574
off,144.0,35.25377815978408,36.39553485104335,1.9416343895789647
off,145.0,35.254301309001534,36.393689678356544,1.8681494697595056
off,146.0,35.25656927670074,36.39311675614936,1.558816157087488
off,147.0,35.25724851643494,36.39222278518672,1.6964729509050407
off,148.0,35.25945637658436,36.389061682656326,1.4043402091303339
off,149.0,35.26111225511174,36.386994910508946,1.168481239218765
off,150.0,35.262647141051666,36.38493781712806,1.5067060966304455
off,151.0,35.26177157987592,36.384457723403635,1.1455842553521591
off,152.0,35.25709400548794,36.385704309918886,1.2694906577364788
off,153.0,35.25439725135061,36.38660413408494,1.9074121219905373
off,154.0,35.25322064318551,36.387785787785724,1.6272910178894073
off,155.0,35.25278454874293,36.387755677036665,1.6443811496512688
off,156.0,35.250086095923805,36.38872868589998,1.176874031471853
off,157.0,35.24860408184126,36.388622521350484,1.4930025832733247
off,158.0,35.247880462436626,36.38636360335416,1.2842225970352614
off,159.0,35.24885317455472,36.38646335362102,1.1497040133160636
off,160.0,35.248532711549366,36.386753905950826,1.0273880573148833
off,161.0,35.24815225313967,36.38608365320043,0.6052504323309819
off,162.0,35.2471262877533,36.38844281536039,0.9303745559576909
off,163.0,35.24759127490518,36.39028080954098,1.420605437359498
off,164.0,35.244379990221454,36.39175527261812,1.1876711795121548
off,165.0,35.24297058865616,36.39133452963027,0.9021280039211894
off,166.0,35.23651589289071,36.39386262728181,0.7570323921765589
off,167.0,35.23262449243515,36.397543030772646,0.6652734441437677
off,168.0,35.23064688628683,36.4012921380913,1.1216570276808553
off,169.0,35.231337663939556,36.40340914208061,0.9153318089489932
off,170.0,35.23334969976342,36.401557527302614,1.6970964062762832
off,171.0,35.23425736711985,36.40117462933833,1.2775389549445197
off,172.0,35.23735149364912,36.39976571462523,1.6877738477856172
off,173.0,35.23815418283361,36.39847697219413,1.1807367987291588
off,174.0,35.24000328419642,36.39564495285812,0.4354619423996185
off,175.0,35.24160038845891,36.39286193015333,1.9211452363865407
off,176.0,35.24202677700052,36.39119288734614,1.1946124725067033
off,177.0,35.242215775139925,36.391609940576664,1.4994667491490823
off,178.0,35.24406425561664,36.39122018370242,1.318261985591493
off,179.0,35.24690884692569,36.3907706440921,1.1643972820118647
off,180.0,35.24572796605703,36.39082035745896,1.6230256559061624
off,181.0,35.2407838245403,36.39249218436062,1.134182106190352
off,182.0,35.24058514485689,36.393473791839675,1.2900252247191275
off,183.0,35.237603629103376,36.394408585218244,0.8638632101679451
off,184.0,35.23494149655661,36.39498335283322,0.9132806964138966
off,185.0,35.234775296933606,36.396231194985276,1.6787091340388272
off,186.0,35.23660417661158,36.39604517942839,0.6841728630229318
off,187.0,35.23952430001125,36.39322116525907,1.2766920832813564
off,188.0,35.237673699638904,36.39211152233246,1.500175932848065
off,189.0,35.237464220389725,36.39210959911597,1.215071152410054
off,190.0,35.23660520937232,36.39150868835624,0.6409215308260094
off,191.0,35.23598565652455,36.391051170510075,1.2069510678697835
off,192.0,35.238700114894385,36.39010846445676,1.4780572354282908
off,193.0,35.23906608752111,36.38921553751719,1.2721032542336097
off,194.0,35.24040776863269,36.38723593209847,1.044798867486695
off,195.0,35.2422920371859,36.38704317292074,0.9958502546216613
off,196.0,35.24563427206237,36.38731731475372,0.8683119452752226
off,197.0,35.24856454909284,36.38571244647075,0.6683569633883453
off,198.0,35.249826403242,36.38319845220376,1.2641007106766016
off,199.0,35.24950960558038,36.38169991757386,1.753891322360464
off,200.0,35.24749562428944,36.38260428621244,1.20001701383711
off,201.0,35.24608983530969,36.38403105878867,0.9983108295459182
off,202.0,35.24171393369483,36.38588204067383,1.0346115014585184
off,203.0,35.240738271463925,36.38743837760134,1.8706204740042407
off,204.0,35.236767219351954,36.388720324383854,1.6275012896742271
off,205.0,35.23537421909925,36.38869200402238,2.032047729427834
off,206.0,35.23611002375004,36.388194867039815,1.6915246842434708
off,207.0,35.236371515816046,36.38751132624136,1.7163252024532598
off,208.0,35.2362472029625,36.389444006346636,0.8554984203895375
off,209.0,35.23471183579973,36.39294048412384,1.4766040975893961
off,210.0,35.235732401389605,36.39467406565416,1.534117622976255
off,211.0,35.23083573323714,36.39766880306145,1.7526502721744048
off,212.0,35.227801037240006,36.40037750575161,1.8084759422584127
off,213.0,35.22726409030246,36.40256395309778,1.5000193560494028
off,214.0,35.227315476877,36.40359174231262,0.6715409508705596
off,215.0,35.22793636797556,36.40468808754955,0.9042019719656862
off,216.0,35.22965457756282,36.40526234698345,1.754779362503565
off,217.0,35.23028481191691,36.405986619472856,1.4418033749589991
off,218.0,35.230225080377124,36.404901120626484,0.9703314661545537
off,219.0,35.23039279346548,36.40331629877144,1.1787990572361176
off,220.0,35.230126961346016,36.404067788172085,0.6290922533927252
off,221.0,35.226025686707736,36.40586191617916,1.0483230598439377
off,222.0,35.2216427415039,36.40889724501123,0.8491754617855773
off,223.0,35.218876038721696,36.40865363326299,0.7154045313280418
off,224.0,35.21568678115798,36.40919080201877,0.5173030137863035
off,225.0,35.21814534699454,36.407673303124426,0.5000274250503961
off,226.0,35.22070903922743,36.40548855901996,0.6787910291482007
off,227.0,35.22548389737612,36.40478287714906,0.9834115235881963
off,228.0,35.22739797182062,36.40488786082755,1.141250355620096
off,229.0,35.22939857737373,36.405906831550936,0.79711275442476
off,230.0,35.2280789513316,36.40870880154528,0.651560132282908
off,231.0,35.22492742105845,36.409258295937946,0.2997624413084735
off,232.0,35.22341766494675,36.41058018633032,0.9572483141818544
off,233.0,35.22491693733575,36.4101818986446,1.5819517340137454
off,234.0,35.22669197623823,36.40965496567196,0.7565901934304909
off,235.0,35.227704903942595,36.40935669400391,1.2305362777311957
off,236.0,35.23315449401824,36.4059065770099,0.9586699550856639
off,237.0,35.23756115960918,36.40300300955906,0.822595181626404
off,238.0,35.23825297590364,36.40149256816347,0.6522182278785933
off,239.0,35.237632851624525,36.3998237963938,1.3921220899359885
off,240.0,35.23811814359599,36.39861404312037,0.7363062526510656
off,241.0,35.23641851176888,36.39883174522499,1.0535442501979357
off,242.0,35.23634513326676,36.399477625283346,1.0141547170928356
off,243.0,35.23421424874738,36.40090312899283,1.2891087547195497
off,244.0,35.233866738810875,36.40371948336841,0.9368825808685162
off,245.0,35.23340186931813,36.40745357908071,0.8741591188669844
off,246.0,35.23184519531309,36.40951515436295,1.682356102627716
off,247.0,35.22892065768809,36.410232391506455,0.9782225974313794
off,248.0,35.22580074145972,36.41109060260087,1.668633114669761
off,249.0,35.226376610876564,36.41107484306142,0.8515402126445255
off,250.0,35.22502758030984,36.40988123358775,1.0193822390766063
off,251.0,35.22640795474856,36.40744099222488,1.0137941003216089
off,252.0,35.229709065084485,36.40479577719494,0.9945813703612735
off,253.0,35.22774025609231,36.404745493328726,1.369732440178435
off,254.0,35.227722247958994,36.40546920198945,0.7355634598749679
off,255.0,35.22691134136949,36.40326554480698,1.4030840869585566
off,256.0,35.224751090470086,36.403287380320116,1.4021136755781904
off,257.0,35.2226569150681,36.40376478869268,0.9551921234014124
off,258.0,35.2224218589629,36.40439392987393,0.7012085705594995
off,259.0,35.22432831728975,36.40342170883517,1.192435534872382
off,260.0,35.22264094478397,36.40425511301064,0.9563121062733189
off,261.0,35.22074846574783,36.40539180414254,0.9554050328883275
off,262.0,35.217403385028796,36.405904538652194,0.44944674493830816
off,263.0,35.21673775281683,36.405252416307796,0.6927528252120483
off,264.0,35.21837264174186,36.40261414317293,0.4263824428411233
off,265.0,35.21643396605911,36.40124353693763,1.1463029577269772
off,266.0,35.216964027070304,36.40004715054856,0.9617412278147104
off,267.0,35.213133298283104,36.39940529887217,0.866486689055604
off,268.0,35.2137274768411,36.39879059297621,1.7772188378755018
off,269.0,35.21239463059841,36.39798684072656,1.1407446352786392
off,270.0,35.21303814042252,36.39817549455906,1.4042103989403625
off,271.0,35.21185265807459,36.398971410598605,1.1645027526046827
off,272.0,35.211943229600365,36.39992952516693,0.6451114185142213
off,273.0,35.21334266943994,36.399075744565586,1.4556990399756264
off,274.0,35.21630290365119,36.39711390706649,1.204722966141985
off,275.0,35.219440398605116,36.39448932630111,1.14409144728273
off,276.0,35.22263459291551,36.39239309875499,0.5021959650759918
off,277.0,35.224913119213994,36.39178725456478,1.563709453748555
off,278.0,35.22668683684572,36.39188786976306,0.968399730350711
off,279.0,35.22626846456204,36.39247371509346,0.8422691936772985
off,280.0,35.22715284481874,36.390780220491834,0.8807835519717376
off,281.0,35.22731985894374,36.389171023385465,1.0188978276260874
off,282.0,35.22708135482095,36.38862298819835,1.2178486398442074
off,283.0,35.230659882633766,36.385696811894064,1.6509715804405913
off,284.0,35.23134126050797,36.382962008067835,1.289136667165694
off,285.0,35.232368845465565,36.38222052186934,1.2608784033474951
off,286.0,35.23216904672783,36.38259706920063,1.567916564503133
off,287.0,35.232867291122226,36.38100710865126,1.5549027894489307
off,288.0,35.235483758416336,36.37949071765173,1.0816114487553086
off,289.0,35.239665146765645,36.378283872091124,1.6846811611369654
off,290.0,35.24205863268089,36.37821923805558,1.6528715269238887
off,291.0,35.24103600466953,36.37914687659754,0.8698010697047152
off,292.0,35.239368378366805,36.38031609920266,1.2800429524986847
off,293.0,35.239571643685345,36.38136711158078,1.5901597075821097
off,294.0,35.240003678492414,36.38446453721857,1.0502587465161983
off,295.0,35.24142637692922,36.38590079676207,1.4626269203699938
off,296.0,35.242367514469656,36.38475680448386,1.5117011046067463
off,297.0,35.2441112246501,36.38269324171121,1.1384019574082425
off,298.0,35.24286019300194,36.38312850242097,0.9002753223694393
off,299.0,35.24201484561585,36.384911097835975,1.037525105591973
off,300.0,35.24140955339878,36.386655149752386,1.4770723499485534
off,301.0,35.242237249314215,36.386244540224126,1.2338294324078931
off,302.0,35.245663115705995,36.38534409167503,1.2054815094050946
off,303.0,35.24988884112554,36.38473490113138,1.2987484867302486
off,304.0,35.25133918693861,36.3836755082156,0.667226183239392
off,305.0,35.25246408531131,36.3837819779747,1.5004259895696288
off,306.0,35.25261439082027,36.38620423804,1.3446693658360953
off,307.0,35.253742829484786,36.38781474744409,1.487059942147228
off,308.0,35.25187285488537,36.389684126334544,0.9572904876649295
off,309.0,35.25185874598249,36.391664597073465,1.2637932694551473
off,310.0,35.24690378327239,36.3932061360036,0.9009198773153246
off,311.0,35.246292596337184,36.393726648316104,1.2739786478543462
off,312.0,35.24210993351852,36.39399764313562,0.8962976608438695
off,313.0,35.23834361804515,36.39584507539773,1.2138656574899107
off,314.0,35.235888720812255,36.39756084792239,1.297677694601148
off,315.0,35.23084029126174,36.398654403366024,1.6845166877598399
off,316.0,35.228156763938905,36.39968635850533,1.0428481147547146
off,317.0,35.22431474857853,36.40114727970143,0.9687261925234263
off,318.0,35.22147296232984,36.40222922295776,1.5213396203456802
off,319.0,35.219778349917,36.40150082883392,1.4358565597585757
off,320.0,35.21772906424862,36.401891026717415,1.6875173165181354
off,321.0,35.216319564813936,36.40264712045721,1.1535550881464798
off,322.0,35.21436714350929,36.40476375019524,1.896460671687325
off,323.0,35.212601475076305,36.40583759867579,1.0060592481410744
off,324.0,35.21073600994279,36.40639494832115,1.2022136606040763
off,325.0,35.21018133720042,36.40726670280926,0.9138254823880765
off,326.0,35.21097540185351,36.407164261812916,1.4047140039089987
off,327.0,35.210720367242075,36.408891478325536,1.463431281141858
off,328.0,35.21132809512765,36.40793893521507,1.038954449239376
off,329.0,35.20777549960856,36.40893545827433,1.0810271587797042
off,330.0,35.20577786680788,36.40943610168432,1.3295574180788623
off,331.0,35.20227503116741,36.412303659982776,1.0172260391326502
off,332.0,35.197726488971774,36.41271045238325,1.9051656219587354
off,333.0,35.19494901017645,36.41359075089618,2.136678353829356
off,334.0,35.192877260557054,36.414298445197254,1.5527198950783092
off,335.0,35.19248406311888,36.416111557995514,1.0780555727437504
off,336.0,35.19554437582579,36.413534904931545,0.7760612065886259
off,337.0,35.19801855144566,36.41009906888503,1.2843435473968823
off,338.0,35.201795814811554,36.40872631514803,0.8925948926963405
off,339.0,35.20176981139718,36.40938764403871,0.693938572078852
off,340.0,35.20006120262836,36.41210514203033,0.9860108000211948
off,341.0,35.19716972998171,36.414308687420466,0.728185094409319
off,342.0,35.19634201400811,36.4167289594361,1.451458840544078
off,343.0,35.19480044193415,36.417370352985564,0.27324549915976115
off,344.0,35.19458584833971,36.41678904475647,1.1327513588542302
off,345.0,35.198205184721424,36.415108170428844,1.1913577973368952
off,346.0,35.199384233892864,36.41479261520386,0.9860064945997845
off,347.0,35.197733205973286,36.41479777006893,1.3647466466812934
off,348.0,35.19332628685884,36.41610235601423,1.110004145273165
off,349.0,35.19457855516984,36.414611274017425,0.8266913591916027
off,350.0,35.196208038368354,36.41543670236308,0.9640362869201246
off,351.0,35.19707427012529,36.41417082341326,1.2069894337528235
off,352.0,35.19782696602532,36.41187119625043,1.2732350214955879
off,353.0,35.2002089647981,36.41094947597591,0.9338690016010452
off,354.0,35.204570844413325,36.40886658186053,1.1110393576180817
off,355.0,35.209634044338735,36.40740025274713,0.8421411254290994
off,356.0,35.216740413040135,36.40469614897676,1.0618083675887608
off,357.0,35.21934940926579,36.40352050375282,1.0706161177406468
off,358.0,35.22297952504363,36.40266599136553,0.7534527917945351
off,359.0,35.22445645066699,36.40195953393743,0.8918423155524708
off,360.0,35.22389909744825,36.402787634598546,1.3810548156134221
off,361.0,35.22325412174517,36.40497892591228,0.8725645569956194
off,362.0,35.223374304429946,36.40526629666356,0.5812370143764954
off,363.0,35.222664830055585,36.40677271253291,1.4284406693650245
off,364.0,35.22237743911782,36.4078888642714,0.7651862919106814
off,365.0,35.22345251585723,36.4075255681341,1.6897388460498046
off,366.0,35.223407144915626,36.40810928161303,1.0280375316321764
off,367.0,35.22622882727872,36.40694078230732,0.8868266303631454
off,368.0,35.230967629961185,36.40657926538623,0.4725698441898917
off,369.0,35.23786298854865,36.40448807876298,0.6128220702948437
off,370.0,35.24153993120498,36.40422636705791,0.6128085316969152
off,371.0,35.245330828011916,36.40294524766407,1.4235914738867606
off,372.0,35.249630455889374,36.401243354498924,0.8713257383469528
off,373.0,35.252499952238225,36.40229947964334,0.6776217083637599
off,374.0,35.25575424203293,36.40422136419428,1.445887491649927
off,375.0,35.25678832089855,36.40515275001855,1.2932980854036307
off,376.0,35.255925972399154,36.40627973682957,1.0749940238791311
off,377.0,35.25286472360415,36.40585209798083,1.6897727799014968
off,378.0,35.24956047714597,36.407276984761594,0.9123883873465931
off,379.0,35.249275266201586,36.407650904017075,1.7197526476781044
off,380.0,35.24889801888089,36.408724497334006,0.6296284479482588
off,381.0,35.24886675058779,36.40765293602577,0.3435211733517476
off,382.0,35.25017740119109,36.40499785147636,1.1170785016582685
off,383.0,35.25247853820621,36.40228203146739,0.9686389207682105
off,384.0,35.25577057362028,36.3991739325911,1.5360219395007917
off,385.0,35.257175452157774,36.39733710854219,0.7946781398172259
off,386.0,35.25801198922874,36.39421443164013,0.23043937253575653
off,387.0,35.255361977226386,36.39328390839129,0.99406041496119
off,388.0,35.25064755481591,36.39550466374591,0.8599515169204869
off,389.0,35.24840393466656,36.39581733029648,1.4716778666520036
off,390.0,35.2464377042468,36.3965424698005,0.8645311908021849
off,391.0,35.244930631629494,36.39553785102475,0.5467542634079122
off,392.0,35.24269022460815,36.39552504862104,0.964204530824023
off,393.0,35.24314089489387,36.395943401672135,0.8860789272513336
off,394.0,35.24114045408334,36.39788694079673,0.47226661570904815
off,395.0,35.239866068043675,36.39808930686012,0.7030684561187678
off,396.0,35.24084984566862,36.39772581172199,0.7850107597689143
off,397.0,35.24236978645576,36.395860874633634,0.9044829890956103
off,398.0,35.2440229534702,36.39554481696481,0.4300949252320071
off,399.0,35.24403084605487,36.395141149041436,0.7324824232487863
off,400.0,35.24420782528528,36.39536912412586,0.3935124205516329
off,401.0,35.24547434264794,36.3936964716961,0.46118874077591737
off,402.0,35.244162231022976,36.39418537267453,1.1647133759537072
off,403.0,35.23996527948736,36.39570458481864,0.16511644154290378
off,404.0,35.23669211326597,36.39748524485442,0.44109052203570764
off,405.0,35.23322489941956,36.40080170943919,0.836569017587239
off,406.0,35.23226735202513,36.40204008337463,0.38566215372524926
off,407.0,35.23130723684849,36.40103857648707,0.506849492074453
off,408.0,35.232138205202546,36.39930013825431,0.9537836149036303
off,409.0,35.23493074784289,36.39720924696448,0.7655025561015614
off,410.0,35.23345529638495,36.395880164725796,0.46431371923083653
off,411.0,35.231917171161136,36.39548777126975,0.806540859627806
off,412.0,35.23114584227887,36.395867317685344,0.8447201554032036
off,413.0,35.22717244234889,36.39749614960648,1.3485961853359711
off,414.0,35.225285714252436,36.39768213941142,1.292323250826864
off,415.0,35.22079127103154,36.399093017550406,1.0869715024152542
off,416.0,35.21965186105487,36.398604631713596,0.945866740851632
off,417.0,35.21832864758289,36.397266699297326,1.4542537311989392
off,418.0,35.21736358712976,36.39648828500268,1.25852781335071
off,419.0,35.21911648873846,36.395166246042976,1.1412324969287173
off,420.0,35.218407128633004,36.3927995191388,1.192396540055932
off,421.0,35.22042710935344,36.3881449701886,1.571790887155599
off,422.0,35.220667502127355,36.38351460964916,0.8618698169743353
off,423.0,35.22349376401822,36.38015205971104,1.0866950492709961
off,424.0,35.226370944959534,36.376583507159964,1.6512167297965457
off,425.0,35.22933794487829,36.37492540539706,1.0354374248972877
off,426.0,35.226733739533444,36.3754175722527,0.9821233492329833
off,427.0,35.226109104072655,36.373519228205325,0.9861532576023346
off,428.0,35.22343007171941,36.37297906257346,1.2560603618852904
off,429.0,35.22019240445554,36.37412246420025,0.6847291733142813
off,430.0,35.21898339205132,36.376058193524024,1.8466691170298248
off,431.0,35.21819375595025,36.37695388379311,0.9828393824073088
off,432.0,35.21813135286918,36.37729029308216,0.9450180079464445
off,433.0,35.222154800161945,36.376278841043195,0.9610313099276945
off,434.0,35.22656042199007,36.374456687698604,0.8769217616141756
off,435.0,35.23270647918671,36.372261059872216,0.8826923651526986
off,436.0,35.23769964598356,36.37222430253915,0.4622215018675488
off,437.0,35.239847822104196,36.37356427137296,1.2896724318464914
off,438.0,35.24357877573136,36.37482355816417,1.070485798584779
off,439.0,35.245486444986234,36.37544049868069,0.6750853068772444
off,440.0,35.24977565793684,36.37541333290896,0.9040276471068733
off,441.0,35.2523906999838,36.376120615800566,1.3020382118129534
off,442.0,35.25491142578604,36.375250245917016,1.0981758790492417
off,443.0,35.255098955456624,36.376923929566196,1.0886725908465589
off,444.0,35.252495239990814,36.3796990242163,0.5308642557276004
off,445.0,35.25014740799701,36.384293294917605,0.9105270084101279
off,446.0,35.246964055565186,36.38730421056314,1.008121721108254
off,447.0,35.246131961234184,36.38761863254363,1.5445753509051536
off,448.0,35.243596800160425,36.38831692865726,2.211543306772718
off,449.0,35.24244020680939,36.38720289138888,1.4574879686911566
off,450.0,35.23871518733849,36.38716641689635,0.9213777784619568
off,451.0,35.23619015985319,36.39001273388014,0.8698503939850651
off,452.0,35.23338467158213,36.39317466013226,1.2037419513680891
off,453.0,35.232183063146664,36.39315349132411,0.7719713470338625
off,454.0,35.23339822168999,36.39293754085029,1.216148841324518
off,455.0,35.23600157170052,36.389331453834664,0.9802894475526722
off,456.0,35.2361322156019,36.38664704513234,0.8103353254366206
off,457.0,35.23531003974239,36.384790651030926,1.1259907657420605
off,458.0,35.23340045198437,36.38232383638644,1.1139367492237713
off,459.0,35.229177888835515,36.38198142607833,1.0404467900023007
off,460.0,35.227564297588124,36.383237177045906,0.9267991993041627
off,461.0,35.22381745912315,36.38438605459968,1.1538529751372697
off,462.0,35.222122532856346,36.387383306615114,1.4566636355357154
off,463.0,35.22315010845621,36.38890263856567,1.1030678095945663
off,464.0,35.22080047026126,36.38843039733351,0.9429597477563527
off,465.0,35.21848439925718,36.38866536224249,1.3946997335162838
off,466.0,35.215914033256894,36.39143492613087,0.9456098356982248
off,467.0,35.21033584479996,36.39306387470688,1.335560359115525
off,468.0,35.20809966977108,36.39458975843412,1.2140922104052763
off,469.0,35.20839700967864,36.39541724751374,1.1585211301544585
off,470.0,35.21059417753779,36.39301816291936,1.3210875356193124
off,471.0,35.212510111498304,36.38956883396772,0.5934903483399891
off,472.0,35.2140171246815,36.38748788463582,0.8140739736811783
off,473.0,35.21514932471601,36.385890115455815,0.28427044207222496
off,474.0,35.2165877643667,36.38486239787511,1.1280851868481154
off,475.0,35.21925832703354,36.38274542026126,1.4307187414379072
off,476.0,35.22183657490334,36.37994442324998,1.5314852909625842
off,477.0,35.226990665900765,36.379221563450955,1.5570725355866082
off,478.0,35.229438232024144,36.3780981158439,1.7633981519404753
off,479.0,35.2289093573497,36.3787797851522,1.2751883996421383
off,480.0,35.22997277831337,36.378807621851664,1.015219663577617
off,481.0,35.229687849300745,36.37923647917377,1.160538113251468
off,482.0,35.231467158225215,36.37988757339741,1.1694870141017706
off,483.0,35.23171968325559,36.37957679244573,1.2713538787108503
off,484.0,35.230431050869434,36.379803130737926,0.8323131611267419
off,485.0,35.230574796671576,36.37989447720265,1.746084343771816
off,486.0,35.22963799424003,36.378192449048356,1.2655944456474821
off,487.0,35.22730365330061,36.37756897305067,1.4983222655247292
off,488.0,35.22617066350428,36.3770544438548,1.1567016400255834
off,489.0,35.224023671367455,36.375011237237935,1.5890576931589258
off,490.0,35.22211836505523,36.37349421898883,0.8936334384429565
off,491.0,35.22068439192633,36.37221525676455,0.9406354228452938
off,492.0,35.21827299353574,36.37137336735528,1.176686489332916
off,493.0,35.21435978071527,36.37179897442833,1.161139688064151
off,494.0,35.210617671098184,36.37388857320418,0.857159598492526
off,495.0,35.208255578507845,36.37315450622244,1.4589558948533814
off,496.0,35.20410633027266,36.37246058657191,1.0095877419188104
off,497.0,35.202035126703905,36.37169447096771,1.0336513031871142
off,498.0,35.199019592518155,36.372007360149006,0.683166570013818
off,499.0,35.193396803736725,36.37453029376114,0.9014407286843568
off,500.0,35.19001694791365,36.37753484927037,1.259826652062172
off,501.0,35.18657719049898,36.38039664462981,0.9139504739329944
off,502.0,35.185493910240346,36.382252932276806,1.38270517877762
off,503.0,35.18274844766612,36.38481549886798,1.1213430197552186
off,504.0,35.18142884254927,36.388416106715894,0.7464782633126008
off,505.0,35.17916612556797,36.39093640339321,1.0858401170739738
off,506.0,35.18098685894523,36.39052738359276,1.3671591454566245
off,507.0,35.18188980868665,36.38633005760449,1.5840682119105827
off,508.0,35.18192384827485,36.38271567323908,1.4566731451843862
off,509.0,35.18196072998838,36.38066128234988,0.6271253518216255
off,510.0,35.18075421110007,36.37944223242686,0.5197014529471665
off,511.0,35.17924609486087,36.37871256461459,1.395406979243581
off,512.0,35.176819526484884,36.378099774847826,1.2850805792616953
off,513.0,35.17659810827226,36.37728955499638,0.8379936771180314
off,514.0,35.17760197173506,36.374634537083146,1.165850176147405
off,515.0,35.17682125442582,36.37407069419584,1.2386933434049923
off,516.0,35.17495466709302,36.37566593759236,0.8286068289586347
off,517.0,35.17277832918735,36.37858319054142,0.7771161152598429
off,518.0,35.169898474688594,36.38153546128497,1.470886821891498
off,519.0,35.169230088517,36.3830197936537,0.6364733777545488
off,520.0,35.17024620648376,36.38307081714152,0.937551098500264
off,521.0,35.17365330424964,36.38185904460065,0.45744455713671234
off,522.0,35.175968128827996,36.37931722651293,1.142597158473969
off,523.0,35.17899468079288,36.37520410708713,1.0225573130623542
off,524.0,35.17970170651842,36.37389812432265,1.0342797643390764
off,525.0,35.17730778151738,36.37421393840303,0.8934260886567037
off,526.0,35.17439916126636,36.37670772444604,0.5988863969090777
off,527.0,35.174076270179576,36.37688644636547,0.9701901584125411
off,528.0,35.174560178037915,36.37762456287936,0.8642376997333487
off,529.0,35.17288798748628,36.37817939721461,1.4157730999502909
off,530.0,35.17300984526747,36.377232252426936,1.2919876667288546
off,531.0,35.17227345561928,36.377317891683866,1.1485344177376842
off,532.0,35.172299110966605,36.377650458368365,1.4997258187696587
off,533.0,35.16800177141264,36.378705028321065,1.2738820537052278
off,534.0,35.16758933854731,36.378614015441784,1.1381262299032906
off,535.0,35.16600671491289,36.37815474869526,1.5182260101013174
off,536.0,35.16984882716398,36.376470471109606,1.2249469581615813
off,537.0,35.17032089514823,36.375025004928496,0.8093229798661693
off,538.0,35.171085986107755,36.37542998180516,1.673192213052021
off,539.0,35.174581871770236,36.373958236888996,0.762560757792345
off,540.0,35.176034830651055,36.372273317514676,0.3014403592010344
off,541.0,35.17489927383838,36.37340226365618,0.39230606406701785
off,542.0,35.174694814513785,36.37610433240924,1.0423362854171934
off,543.0,35.174658255563514,36.37819703104915,1.2611399484148822
off,544.0,35.1782919802431,36.377316827304035,1.1259281668352727
off,545.0,35.17944129384172,36.375695542115395,0.5758275471735236
off,546.0,35.17860766199817,36.37610645618471,1.174263333696665
off,547.0,35.17992772694055,36.3760360203692,1.0828656790636235
off,548.0,35.18155890976329,36.373884891166774,0.8527051954974327
off,549.0,35.1869185442699,36.37288424440368,0.7371027513685684
off,550.0,35.192534834908976,36.369612978665266,0.9085133430094146
off,551.0,35.20053407260701,36.36841857438329,0.8758036405597082
off,552.0,35.206775149154296,36.36545786540704,1.071284257986788
off,553.0,35.21065653196133,36.36278009059603,1.0378563066956126
off,554.0,35.21047263450322,36.36433820373173,1.002696283071327
off,555.0,35.21055640825967,36.36507972042069,0.8210477421703903
off,556.0,35.20954790410926,36.366698666674296,1.633504506242375
off,557.0,35.20631021114862,36.36751765832175,0.9105314389833332
off,558.0,35.20580306175814,36.36821665267839,1.2761217250612211
off,559.0,35.2051545585213,36.369198419314166,0.6266421732835448
off,560.0,35.20507003411599,36.36923919911605,0.745741944714221
off,561.0,35.20566163870513,36.3713021476072,0.5305215690006886
off,562.0,35.206614479226,36.37218694920986,0.9398765872621633
off,563.0,35.207409916123936,36.37016956027647,1.2235642773846231
off,564.0,35.20606157907495,36.37023491701669,0.7249004656943427
off,565.0,35.20554932996629,36.37160701040401,0.12159381135255948
off,566.0,35.204262737679926,36.3726310647387,0.8017655940618489
off,567.0,35.20357670728183,36.37295508667717,0.48747371566309156
off,568.0,35.20356143407243,36.37474636862708,1.1725921213327763
off,569.0,35.204819222316594,36.375802813036216,0.5174581078240809
off,570.0,35.20471756711646,36.37634303770982,0.5338748036466421
off,571.0,35.203766239761855,36.378571689527675,0.9381349654719741
off,572.0,35.20039592331272,36.37959447981915,0.3474096567616326
off,573.0,35.199686784801,36.380358712778715,1.052084308598502
off,574.0,35.19929280137019,36.37915228256616,0.8233520938265491
off,575.0,35.19745806188835,36.37844201508481,1.2216872062293067
off,576.0,35.19679326125486,36.377820447786064,0.5143322464649678
off,577.0,35.194448584910155,36.378483986114134,0.573819892508884
off,578.0,35.19566406202295,36.37862709611037,0.7087529515086155
off,579.0,35.19475401058192,36.37754899338586,1.009905769331699
off,580.0,35.193818020639924,36.37621345602896,1.1356116717295066
off,581.0,35.19394452296472,36.37575371083806,0.9246053131937437
off,582.0,35.19765933930766,36.37425629179848,1.3616839173014663
off,583.0,35.201695305220014,36.37231626095219,0.9473691939397699
off,584.0,35.20826457973423,36.36846140215074,1.1699480142796679
off,585.0,35.216634539503595,36.365094586894,1.0034150650263636
off,586.0,35.224620026371426,36.36372081809495,0.6406825585974447
off,587.0,35.2290458542581,36.36363481111095,0.5109744233102596
off,588.0,35.23140735588719,36.36482912627528,0.6928774003859604
off,589.0,35.23206365983574,36.368361299828216,0.7181310258862177
off,590.0,35.233620036281,36.3698768375409,1.1152611767488871
off,591.0,35.23547093245699,36.372351651469145,0.6798778833258574
off,592.0,35.235648609766045,36.375886945580774,1.340812667394226
off,593.0,35.236328140264625,36.3769257394174,1.0632856337608272
off,594.0,35.23719046959337,36.37678416335377,1.3835165381593693
off,595.0,35.23766310213434,36.37493649229478,0.98095424532604
off,596.0,35.23199528079777,36.37509622573164,0.9223061682535709
off,597.0,35.22735448534712,36.37538775868162,0.4650352861449409
off,598.0,35.223062795291106,36.376950939799165,0.9197164626985919
off,599.0,35.221164831929585,36.377709623803966,0.8811653381312521
off,600.0,35.22160257950823,36.37948947372139,0.6488394666867484
off,601.0,35.221571804794245,36.37972325587505,0.7468368632662963
off,602.0,35.22199152815533,36.380124747637836,1.0902465732435966
off,603.0,35.224513745298765,36.3795479775361,1.471471399591736
off,604.0,35.2270397188121,36.38082125340047,0.839139847631879
off,605.0,35.230644292491796,36.37999463361465,1.2382718698426838
off,606.0,35.235749810003405,36.37816963918541,0.5398266066943549
off,607.0,35.24152715709151,36.373949164346115,1.2736211486027889
off,608.0,35.24607009676628,36.37181026308964,1.0573103823296264
off,609.0,35.24851686944312,36.37320566678183,1.4726136598168063
off,610.0,35.25145145796009,36.37250446155381,0.8083626979016441
off,611.0,35.2532809353119,36.372249382073655,1.0579577614767082
off,612.0,35.25470806846444,36.372996909285234,0.9210614588563578
off,613.0,35.254932134550394,36.37372725243582,1.0427382821876807
off,614.0,35.25529543969525,36.374586815040495,0.9942968013829954
off,615.0,35.25591968886841,36.37479263602794,1.5080824888493214
off,616.0,35.25645030443683,36.375725456856834,0.9996091591065959
off,617.0,35.253538662238974,36.3767723831344,1.3400416807543554
off,618.0,35.249552910897975,36.377346550145894,0.955828500032204
off,619.0,35.24709013171366,36.37849869908433,1.3677388851833365
off,620.0,35.24421985798112,36.38087479953134,0.9506649011279931
off,621.0,35.23945690673601,36.38270006844121,1.660626427016961
off,622.0,35.23661080382727,36.38465723205218,1.5968432881561532
off,623.0,35.23760333598135,36.38549295188714,1.3228279115267423
off,624.0,35.24026523007225,36.38694463465329,1.3953411950174344
off,625.0,35.2395632644102,36.388346202447906,1.162807707475911
off,626.0,35.23873720968623,36.38860274440638,0.9055797349237003
off,627.0,35.23737783347279,36.388777836345106,1.2742475035988863
off,628.0,35.23516331800081,36.38928199112878,1.5061776375792255
off,629.0,35.23386993799218,36.39003672803129,1.3135277624631327
off,630.0,35.23137916298682,36.39174687842023,1.3678428911231078
off,631.0,35.22612089310884,36.39358946890757,1.772937063864863
off,632.0,35.22021143392264,36.39516043648038,1.4576299225929046
off,633.0,35.21549191047562,36.396634889044,1.5535736336888113
off,634.0,35.213831858309646,36.3981765553915,0.958575986561232
off,635.0,35.213844038498344,36.39713205907402,1.038421319073824
off,636.0,35.214300540868656,36.39544369346441,1.2587263743053294
off,637.0,35.21868785947954,36.39318860937764,1.29569225528289
off,638.0,35.221375093937475,36.39166530921972,1.35951652777679
off,639.0,35.221883002407345,36.391495234121,1.0394435698777926
off,640.0,35.21999273743612,36.39154395665075,0.8145730869063803
off,641.0,35.216458006410924,36.3933964683943,1.1692863442667014
off,642.0,35.213088014738815,36.39573892850241,1.168864532498066
off,643.0,35.21209869640416,36.39686956168713,1.010850516625863
off,644.0,35.21396632363386,36.39578975539989,1.1529465581603318
off,645.0,35.2169808548531,36.39439678629461,1.3277887400620145
off,646.0,35.22156603297866,36.39603283119001,0.9667018366818414
off,647.0,35.2248868131784,36.3962485484605,1.7488351076062645
off,648.0,35.22647876286977,36.39712572118814,0.7713023842379927
off,649.0,35.22571195121402,36.39760162085876,1.4135466896032312
off,650.0,35.224288612138864,36.39657534780909,1.0444282831226404
off,651.0,35.2204117347535,36.39772924148588,1.1315470245654926
off,652.0,35.21873041220274,36.39887107372317,1.3554391237179484
off,653.0,35.21692979027081,36.39837287955602,1.1683714114062531
off,654.0,35.213322094663354,36.39864816404327,0.9344471965381734
off,655.0,35.21223520466879,36.400191132910365,1.2733666502755439
off,656.0,35.21337562444617,36.398293325334876,0.991799720773912
off,657.0,35.21551527953538,36.39496396195529,0.8130028004672171
off,658.0,35.22022258591053,36.39084296449304,1.088101231112712
off,659.0,35.22260750522157,36.38859343429621,1.2078272467929763
off,660.0,35.22501192689767,36.38934942341111,1.2599970977037835
off,661.0,35.22311569677249,36.389629531607575,1.2948737942909272
off,662.0,35.22035680224147,36.38966712121948,1.3994425412615308
off,663.0,35.21729361853472,36.391882644215144,1.0222937542696542
off,664.0,35.21292641965351,36.393096849348495,1.2117784976716566
off,665.0,35.21031177215226,36.39233379001015,1.462506773837202
off,666.0,35.21111412208053,36.39012282913648,1.0262745917838167
off,667.0,35.20732168005517,36.39060561761675,1.3045520931057735
off,668.0,35.20599667702156,36.39202290906907,1.0787894178441892
off,669.0,35.20476888962845,36.39167844408222,1.0903238487024511
off,670.0,35.20531463099548,36.39150651529035,1.4571036824458705
off,671.0,35.20811874692153,36.390824216268605,1.2697174358821761
off,672.0,35.20882813731184,36.38998570542484,1.132781185565534
off,673.0,35.20584913194705,36.39013996004756,0.9616017801888899
off,674.0,35.20540947771822,36.38974464935535,1.6020140695304956
off,675.0,35.202645010639465,36.39059951953256,0.5477749950103078
off,676.0,35.19986525036126,36.391488179178424,1.2813112941979496
off,677.0,35.19855454364063,36.392554849705384,1.3353533380851634
off,678.0,35.196178207454054,36.393344059048694,1.2712386170671692
off,679.0,35.193351292314404,36.39370069635237,0.9849713850992823
off,680.0,35.193931054528704,36.39312034313129,0.8211375368197038
off,681.0,35.19615348399016,36.39096681363229,1.1463404400523713
off,682.0,35.195033566883765,36.39030090553133,1.0289952049337452
off,683.0,35.194416367833405,36.39012425329688,1.070724487348695
off,684.0,35.193471558299336,36.39065976945347,0.7955793348312592
off,685.0,35.19174512299608,36.39124881020194,0.7593960045239325
off,686.0,35.19176890835866,36.39200857019141,1.0225943478573871
off,687.0,35.19018151230985,36.39093507455132,0.9651229237411554
off,688.0,35.18697355317414,36.390291776803544,0.9192948561618008
off,689.0,35.186160564291214,36.39072858395891,0.9492278645350711
off,690.0,35.18783866557004,36.39177931065123,1.0751114810373006
off,691.0,35.18800021454632,36.39501712034097,1.1101458919511662
off,692.0,35.188120564055815,36.39615676649165,1.5188288729410355
off,693.0,35.19201500052274,36.39693267495595,1.6490576885306085
off,694.0,35.194448010034826,36.39505335220009,0.7639552131990928
off,695.0,35.19760271738518,36.393867639916785,0.5810194254517197
off,696.0,35.19998153115272,36.393419256859055,0.9789120718173427
off,697.0,35.202579220443944,36.39422236033434,1.136290816758018
off,698.0,35.20593329708499,36.39506228258772,0.9776685168242749
off,699.0,35.20678580253656,36.39358995628488,0.8937128646858037
off,700.0,35.20429812501124,36.39163695557484,1.0118245264615642
off,701.0,35.20197920514845,36.39061208530653,1.6843041129611038
off,702.0,35.19810807008036,36.39056066018762,1.1360502054048869
off,703.0,35.19109763877459,36.38926697958529,1.6107592700500564
off,704.0,35.185591003478294,36.39202875502537,0.8334159910077221
off,705.0,35.18194698011679,36.39401506642634,1.409673658966242
off,706.0,35.17831274217567,36.39598935221273,1.3496359249340264
off,707.0,35.176969099725135,36.39651325459729,1.3222937727922508
off,708.0,35.17725747119127,36.39679006141833,1.4106819994804303
off,709.0,35.176578793067776,36.397528372295845,0.6615585985738301
off,710.0,35.17925618979431,36.39708068821133,0.8635538749855931
off,711.0,35.18173525148269,36.39641709431331,1.1713539126466843
off,712.0,35.18323049872871,36.394653091378935,0.9974620579431788
off,713.0,35.18697687852781,36.39250962170015,1.278304838972541
off,714.0,35.190703311171745,36.38821618812998,1.0079953010860985
off,715.0,35.19309391696414,36.385972547993255,0.7216686746749128
off,716.0,35.194108360762016,36.38577402309804,1.0713626054401084
off,717.0,35.19356067357578,36.386227164098145,1.675458287251414
off,718.0,35.19469646695077,36.38649944576452,1.1591559504540465
off,719.0,35.193854953187476,36.38566669824674,1.817993539538639
off,720.0,35.18994782114626,36.385425616667156,1.2467704648748346
off,721.0,35.18680151825585,36.387752948585444,1.3787518536858567
off,722.0,35.18343823015979,36.38864914414777,1.5712026172349203
off,723.0,35.179371717707696,36.38974080447503,1.089506044307061
off,724.0,35.17536580825724,36.39053308990289,1.1496037146486133
off,725.0,35.173337031959505,36.39161993737622,2.022788947924532
off,726.0,35.170979276286445,36.389931365913384,1.6285668094837082
off,727.0,35.174677280011466,36.38410196145145,2.140412018942405
off,728.0,35.17498082026656,36.38026084591211,1.23652571943986
off,729.0,35.1758862914001,36.37644040838055,0.9421908175124976
off,730.0,35.17869642882339,36.371274922605494,1.5344644805714043
off,731.0,35.18203974567826,36.367808465143185,1.5819352108718312
off,732.0,35.185031424418426,36.3647461352324,1.054392827610318
off,733.0,35.185204357466205,36.363529764050554,0.7081785861970459
off,734.0,35.185373424541844,36.36325755495953,0.7142473369317732
off,735.0,35.1812219208681,36.36278556020471,0.8251324438655353
off,736.0,35.17785980556561,36.36302003286179,0.9018230075677639
off,737.0,35.17550908102762,36.364504581909046,1.3611147153306375
off,738.0,35.17418680678731,36.366066470073584,1.193297290345193
off,739.0,35.17767018224163,36.364218376893945,1.0902750265625878
off,740.0,35.17639017673262,36.36268457040571,0.9337629751048535
off,741.0,35.178222617461856,36.36151628196932,0.8233972206482523
off,742.0,35.18108996779634,36.360769625548805,0.31726330907038464
off,743.0,35.183473469725165,36.36022651160018,0.8060148410970278
off,744.0,35.1846641565309,36.36110552893876,0.9230937408589311
off,745.0,35.18532101900317,36.36392063836293,0.7689680154345815
off,746.0,35.18658864942272,36.36663519861254,0.6568539340033511
off,747.0,35.18589845402383,36.368150493880876,0.8899726545872152
off,748.0,35.190495728573055,36.367873384751576,0.8379043711710427
off,749.0,35.192845694659965,36.36686465258576,0.8384467617917443
off,750.0,35.1944670171458,36.367200442625915,0.9947657278535562
off,751.0,35.196739777581165,36.3674391798052,0.9606410379778907
off,752.0,35.200421303320724,36.36839750356243,0.5170439168150153
off,753.0,35.20038947112774,36.37023059073521,0.5317336058443014
off,754.0,35.20021809789643,36.372862316355764,1.2331272368116157
off,755.0,35.19988709682063,36.374573197670315,0.9281452248624895
off,756.0,35.20319772107508,36.374845155654036,0.883164524545325
off,757.0,35.205235542091614,36.37368161112702,0.6184382457729278
off,758.0,35.20249732045954,36.3735734535422,0.9274595790169186
off,759.0,35.201505749671405,36.37516263061279,1.1500275488261362
off,760.0,35.199143190306174,36.37532499223657,1.4324794833248842
off,761.0,35.1962859720764,36.37653965136699,1.4591344370928683
off,762.0,35.19583206768173,36.37735631271613,0.5955480671382849
off,763.0,35.19803853662022,36.37751454408006,0.7791201411131692
off,764.0,35.19945663483859,36.37707847197496,0.13435707449097276
off,765.0,35.19775976764684,36.37821698505772,0.516791772211651
off,766.0,35.19760289088862,36.380263014594966,0.6742349188073485
off,767.0,35.20118215988188,36.381223677496294,0.8314193017886624
off,768.0,35.20187713134327,36.380318522040646,0.7407648609264217
off,769.0,35.202438840149696,36.38037586036956,1.0493154722321802
off,770.0,35.20154730930048,36.38101876869705,0.8632309511273184
off,771.0,35.20285697817715,36.38232434234002,1.154386416641636
off,772.0,35.204018721775775,36.38295384901817,0.9412425494716044
off,773.0,35.20353722837439,36.3833600188645,0.9810900594461454
off,774.0,35.20247199900416,36.383327876712144,1.243357063418229
off,775.0,35.20081447814726,36.3827230826849,0.9291021433535142
off,776.0,35.199920801058674,36.38144603172277,0.8565067165237971
off,777.0,35.19859943527501,36.379654386291776,1.5800711304233495
off,778.0,35.19970571076767,36.37516190265134,0.9913687444589859
off,779.0,35.19749768784636,36.373297679903,1.0524403385338015
off,780.0,35.197741428371835,36.36911844944927,0.8608662294012887
off,781.0,35.19621446035891,36.368412431271786,1.123182140069171
off,782.0,35.191336978540036,36.3702715403941,0.6612989184771185
off,783.0,35.187387359524905,36.37269230720071,1.1030638488941182
off,784.0,35.18419978198811,36.37327745296421,0.7837817549486632
off,785.0,35.18033850477963,36.373280721881414,0.9589646513421242
off,786.0,35.17569682228809,36.37548174237114,0.5504275056614671
off,787.0,35.17364489980111,36.37538795091433,0.7902899962608212
off,788.0,35.17239946589406,36.37612742586647,1.4899862978964475
off,789.0,35.17301155663444,36.37533440492843,1.083506532729295
off,790.0,35.171512062219406,36.37547113168122,0.8137692373012643
off,791.0,35.17169940453474,36.37440334227727,1.2892930747381068
off,792.0,35.17254226150985,36.371907317454585,0.5471706954844879
off,793.0,35.172024225084165,36.371916794923926,1.2026438571255458
off,794.0,35.17272951343365,36.37036157902207,0.6380444924014383
off,795.0,35.16970969058261,36.36919969706545,0.6224969923660619
off,796.0,35.168878448461754,36.3682875731568,0.8445190295264784
off,797.0,35.16553752768805,36.36921305336051,0.6284957472574442
off,798.0,35.16174551606089,36.3690116895305,0.9249888708089203
off,799.0,35.16032215156478,36.368575064907525,1.2516989741165583
off,800.0,35.15979948058264,36.36750165513242,1.0033547720276623
off,801.0,35.158962628634136,36.36671863661565,1.2398499880800466
off,802.0,35.159481567969536,36.36633686314863,0.7032617784677478
off,803.0,35.15864683576303,36.365533295264036,1.163277685236689
off,804.0,35.157125847374076,36.36389026956626,0.5705760656514615
off,805.0,35.15583181822514,36.36329404943619,0.8476549657974458
off,806.0,35.152333407526065,36.36628126423791,1.031387633698333
off,807.0,35.1484171007322,36.368211511201864,0.4529547103951257
off,808.0,35.14632962016987,36.368782938417134,1.2952692328173956
off,809.0,35.14325771082669,36.370457512270576,1.747699357432356
off,810.0,35.142152055976396,36.37001755884605,1.1400030470672857
off,811.0,35.1414790131608,36.36930034682973,1.0996072835912112
off,812.0,35.13948305749401,36.36609647109888,0.6841157901522548
off,813.0,35.14022494247706,36.36420239649154,0.9030360205747319
off,814.0,35.14083804156651,36.36374194534179,1.282507087177359
off,815.0,35.140730763700944,36.36466506482278,0.5283914604034099
off,816.0,35.142190913033744,36.36524825714402,1.200633243973052
off,817.0,35.14310148723808,36.366801644946975,1.3998366781277847
off,818.0,35.147358708836705,36.36874911036661,0.7970231249823615
off,819.0,35.15440017762886,36.36804548055595,0.8497147458484551
off,820.0,35.162353645521996,36.3648155406049,0.8031315525866323
off,821.0,35.169823141303006,36.361991770825625,1.137106894207391
off,822.0,35.17308126331805,36.36095470181165,0.868771663779877
off,823.0,35.174666600988,36.36111940894899,1.3213505651405026
off,824.0,35.176594536339174,36.36189467299012,1.420626810972558
off,825.0,35.179978686891936,36.360953661075605,0.7118266355042003
off,826.0,35.182279560877284,36.35875839421566,0.7459676105913419
off,827.0,35.18232844572191,36.35921563869853,0.7057644022584589
off,828.0,35.181562763820466,36.360951593083556,1.1376685188566498
off,829.0,35.183334517039334,36.3581180805749,1.453560620879606
off,830.0,35.18513252970791,36.354291092686694,1.2070694034538674
off,831.0,35.188754596945095,36.35210908298269,0.8582695437225603
off,832.0,35.19095256687217,36.35297139253933,0.6006858381437497
off,833.0,35.19378419950336,36.35255815334248,1.4958591444205478
off,834.0,35.19591548002201,36.35153464924502,0.9871107966108205
off,835.0,35.19679869796831,36.351835123149534,0.7576650061217193
off,836.0,35.19889237479456,36.35136694061415,1.063770875789658
off,837.0,35.19897229899696,36.35126164984384,1.2897681024127325
off,838.0,35.195256848672884,36.35191086760381,1.184760538964175
off,839.0,35.19045279576864,36.35273884821075,0.9218034636647101
off,840.0,35.1884937893096,36.353222560753494,1.013449549762497
off,841.0,35.188503226831855,36.35396248350113,0.9151441374494
off,842.0,35.187901067891495,36.35392901589685,1.8542192623353566
off,843.0,35.19040777357316,36.35070617652918,0.9513617822526705
off,844.0,35.189704452071474,36.3495279503843,1.0196641777231628
off,845.0,35.19041315513447,36.34831673992453,0.8988135831689712
off,846.0,35.19072528545893,36.348293344118595,0.7936285025291125
off,847.0,35.19236072593204,36.34899083865057,1.8790425456779325
off,848.0,35.18971691729172,36.35009022187861,1.148992800248497
off,849.0,35.18938636579716,36.350850092795866,1.274539182872613
off,850.0,35.1878605399677,36.35323474737715,0.9142620612926851
off,851.0,35.18723274616757,36.355604545321626,0.9876101898600094
off,852.0,35.184442736322886,36.35680408869074,1.6229541692875669
off,853.0,35.18077107125747,36.35743461408746,1.2981396773770888
off,854.0,35.17732327812306,36.35827951950866,1.3163285153019022
off,855.0,35.17726786523049,36.358526869021816,0.426473012043542
off,856.0,35.1770592007899,36.357419088259675,1.3221022148010486
off,857.0,35.177541042914214,36.35452700801389,0.5447484930099366
off,858.0,35.180409646249565,36.35207607816686,0.827047746842255
off,859.0,35.184880995531444,36.35106180746322,0.6941683173149144
off,860.0,35.18944465737736,36.34863794326254,0.5304257236962954
off,861.0,35.19348436127062,36.34709392475062,1.1789894156658653
off,862.0,35.19476945901909,36.34708234991795,1.9300221657968697
off,863.0,35.194876479635674,36.34655800509029,1.0573502777787729
off,864.0,35.19358251369033,36.34595895914948,0.8990987711736973
off,865.0,35.18928431471596,36.347359512013206,0.7696311837844765
off,866.0,35.18526610501163,36.34925809315422,0.6310175344303908
off,867.0,35.18221297957535,36.350246549577996,1.0216626513409177
off,868.0,35.18362158434676,36.349607175009766,1.3477210498547056
off,869.0,35.18620437797185,36.34877965786502,2.337618599007864
off,870.0,35.18729636728277,36.34932469496703,1.5689237028217342
off,871.0,35.19001939480597,36.34883341935729,1.5385052671362462
off,872.0,35.18995601946763,36.34953546167156,0.7642113601518685
off,873.0,35.18921013905409,36.35182505987559,1.0147838126133046
off,874.0,35.18832652054897,36.35272372467039,1.0613498196454532
off,875.0,35.1866657961763,36.354769753369794,1.0547530726265886
off,876.0,35.187033781232856,36.35486374654459,0.9599513955618217
off,877.0,35.18870140638622,36.35412162110408,0.71121657978861
off,878.0,35.18873966473677,36.354172223046916,1.3933662703630754
off,879.0,35.19022007119302,36.35179252820001,1.3250880425634204
off,880.0,35.189844704940356,36.35152184993728,0.9105111110990407
off,881.0,35.19046530798468,36.35398152162067,0.9795643666578999
off,882.0,35.19112155449139,36.35654374111617,1.2631502067905749
off,883.0,35.19119384457119,36.36074704445626,1.1643841063369915
off,884.0,35.192800433948506,36.36300762077599,0.9230227384939742
off,885.0,35.19451280124846,36.36361564651667,1.4263655089468843
off,886.0,35.1970346382581,36.36410763689125,0.993713702140335
off,887.0,35.19799277985763,36.36160473339541,1.0063315461812676
off,888.0,35.19593858531457,36.35936270584824,0.8060106978991369
off,889.0,35.19544234110825,36.35902883406387,1.3246288711713798
off,890.0,35.19438964204297,36.35932905658826,1.1769484439079407
off,891.0,35.194868616937654,36.35858004257514,1.2969314898362727
off,892.0,35.196949815690125,36.35802725507396,1.1950923338807986
off,893.0,35.199816860481484,36.3588206958563,1.3946276682497873
off,894.0,35.20393084299684,36.3579214735399,1.370353684265137
off,895.0,35.20585346689611,36.357810891457255,0.761336911475712
off,896.0,35.20939293357227,36.356798797878454,0.9965774536639378
off,897.0,35.206643386588226,36.35914531736664,1.050754247483352
off,898.0,35.20593757709868,36.36033256767768,1.4916592923409162
off,899.0,35.20329424147205,36.36262825011952,1.802083178849145
off,900.0,35.199951914850544,36.36554188866706,1.009670095633525
off,901.0,35.19625612378073,36.366167584004266,1.3221732097271137
off,902.0,35.193169749567346,36.3700035598335,1.0494418806646482
off,903.0,35.18888595735933,36.371509515487254,1.6228560968967591
off,904.0,35.185433446655075,36.37306650000829,1.1849610942751956
off,905.0,35.18364253307636,36.37439814604927,0.858428656012558
off,906.0,35.181722089304735,36.37494182402031,0.43495398253607026
off,907.0,35.18446336586529,36.374243665454074,1.269032552526809
off,908.0,35.1864427060841,36.37376557966114,0.7676449794309155
off,909.0,35.18755766522972,36.37419941528834,1.1173255497884738
off,910.0,35.188019214421004,36.373531445296855,1.0909772098155968
off,911.0,35.18812951427902,36.371196427658646,1.4390022030094825
off,912.0,35.18673442398513,36.36927972649627,0.5934164037890559
off,913.0,35.183364681335384,36.368754123940086,0.5130885810072725
off,914.0,35.181166123609955,36.36981980486496,0.6239900843863935
off,915.0,35.17816199472387,36.37083175685242,1.1223869050137025
off,916.0,35.178132632210556,36.37134577633795,1.277763357624903
off,917.0,35.18097809792295,36.36813439914242,1.4581340707129602
off,918.0,35.18322037216826,36.36706079582569,0.9363554980809234
off,919.0,35.182310955137126,36.366697223630645,0.5198838759915874
off,920.0,35.18106994383881,36.36692158616116,0.8240508109693618
off,921.0,35.17805282903838,36.36866422515174,0.9283718070218279
off,922.0,35.17756484289002,36.37002234368692,1.6038564809157005
off,923.0,35.17655622152014,36.36880720142842,1.5289504726889516
off,924.0,35.17610429653349,36.36919178545433,1.4821173474110243
off,925.0,35.17478729600811,36.37030065173487,1.396413073586008
off,926.0,35.17444459244372,36.369252166071185,1.5312428620915939
off,927.0,35.16965390534404,36.37118084041884,1.4260182769740455
off,928.0,35.16371874342846,36.3726842424746,0.5395217925985849
off,929.0,35.159922870589234,36.37207943707359,1.259545920134594
off,930.0,35.15550098572474,36.37195668022287,1.241858021072347
off,931.0,35.1510484132085,36.37127887231894,1.4087022150375672
off,932.0,35.14776549807884,36.3703391848388,0.4446207109066749
off,933.0,35.14524976534555,36.36695894437212,0.8586619869477428
off,934.0,35.14415326246545,36.36452489549962,1.3466595245203943
off,935.0,35.1409434570089,36.361422682798185,1.5134150702876834
off,936.0,35.13882448342593,36.35950551261787,1.0249540219279627
off,937.0,35.13671890795133,36.36043643269316,1.302689900301524
off,938.0,35.13500970255848,36.35976908571612,1.5439079733893646
off,939.0,35.133930900393516,36.35779717611567,1.2375572399797004
off,940.0,35.13403239695731,36.3557787196186,0.7619325963710438
off,941.0,35.134073116463085,36.35464778574659,1.404749825652868
off,942.0,35.13692679012971,36.35374438782763,1.1543652976993022
off,943.0,35.13853781191343,36.351497382300415,0.789117327362107
off,944.0,35.13908197955755,36.35037459536547,1.3591771691139187
off,945.0,35.1415457425321,36.3497766918826,1.4987988405542887
off,946.0,35.14392061792088,36.34848174590653,1.4380616962311463
off,947.0,35.14418411658178,36.345379630839375,1.7804625754598782
off,948.0,35.1413545305648,36.34443811490495,1.0333710543903762
off,949.0,35.139209008813395,36.34342908483416,1.1318402186323309
off,950.0,35.13743180645746,36.342510649574,1.4095484616251397
off,951.0,35.13688070564495,36.34168504336607,1.288284157320828
off,952.0,35.13735818503554,36.34175456335266,1.4025940693745973
off,953.0,35.13669004530157,36.34138617977238,1.0714354775317898
off,954.0,35.136756805363184,36.34071391017277,0.7318761691025921
off,955.0,35.13821397686303,36.340004551361986,0.8873043872735525
off,956.0,35.140611255909654,36.33878601505207,1.0160178116735534
off,957.0,35.14635112236394,36.336367349486686,0.710557884715816
off,958.0,35.152186840275384,36.334492433298784,0.6208960474032486
off,959.0,35.15409350166505,36.33278474798053,0.07186099388308889
off,960.0,35.15423302530361,36.33314029642586,0.758918963081565
off,961.0,35.158490019194836,36.33280694316292,1.0795106814736954
off,962.0,35.161442449714166,36.332728578199934,1.1613019328976475
off,963.0,35.16475610823072,36.332315132581826,1.0588636409343772
off,964.0,35.1688962723479,36.332940677055625,1.4743269218094297
off,965.0,35.16806474690526,36.334593314171876,0.6535939806073527
off,966.0,35.17007994182367,36.33656520326373,1.3153607624902248
off,967.0,35.17046176206284,36.33682354878206,0.6498390460661502
off,968.0,35.17247052777116,36.33734668212297,1.2640800164933665
off,969.0,35.17743423828391,36.33512925779746,1.2182628181544568
off,970.0,35.1800740470752,36.331500859550445,1.2145596556634395
off,971.0,35.176168749203285,36.332421651763646,0.6866309348698036
off,972.0,35.17449517831093,36.33398117976898,0.8760568905946753
off,973.0,35.174469752251575,36.33394514017701,0.6193674354109149
off,974.0,35.17385353084212,36.33447863126017,0.5144121979816201
off,975.0,35.17171715229404,36.33553637513236,1.0856989624195434
off,976.0,35.168167934079854,36.33843598307753,1.0135426440385478
off,977.0,35.166737661334224,36.34103691232065,1.370784712327798
off,978.0,35.16536758713897,36.34271057656448,1.1471783516083116
off,979.0,35.164652428814556,36.34274091630401,0.8613461335465257
off,980.0,35.164661713724115,36.34379578109207,0.8092570783883292
off,981.0,35.16599123803571,36.34338455392063,0.8212372475862324
off,982.0,35.169372655463235,36.34169454221798,1.303929750953916
off,983.0,35.171212753389135,36.34052568694409,0.9458336987548195
off,984.0,35.173691297952075,36.342060179799866,1.3213699502889134
off,985.0,35.17474745554966,36.3417210146079,1.0211068914813741
off,986.0,35.17130889621435,36.34262432592684,1.077763563249507
off,987.0,35.16765830148913,36.34552901453115,1.0817831426018616
off,988.0,35.165005234605545,36.347411512842854,1.285414484298767
off,989.0,35.160886725233865,36.35041232767304,1.2970595243388359
off,990.0,35.159217270214754,36.351052934476996,1.293332586307206
off,991.0,35.15726858086342,36.35174601550399,1.12753900159516
off,992.0,35.157320620346354,36.3506853698266,0.8095812270616015
off,993.0,35.15834856255098,36.34954133588792,0.3775560751491056
off,994.0,35.16149346782476,36.34979432521565,1.0247738249140605
off,995.0,35.164884055287146,36.349837074851195,1.1409388891308136
off,996.0,35.16330794456173,36.35044973906292,0.9501780475310108
off,997.0,35.16123706683469,36.35282575799031,1.3357549338143193
off,998.0,35.16050018914911,36.353823658943945,1.0149754192161797
off,999.0,35.15878249137196,36.35593785781992,1.5907456527992512
off,1000.0,35.16102066697508,36.35583618045956,1.0214150621555946
off,1001.0,35.160176832330094,36.35508352276937,0.8287579293601766
off,1002.0,35.16041716548072,36.354728851511375,1.682576707380448
off,1003.0,35.16285760264411,36.35305561973279,1.2457228856976075
off,1004.0,35.16352585627357,36.35336201485116,1.2418987378916626
off,1005.0,35.16378899693756,36.354105516752156,1.0330333648006622
off,1006.0,35.16252839129346,36.354372718744095,1.0752575269536007
off,1007.0,35.16196068309987,36.35383006337637,1.3323053542978074
off,1008.0,35.1605313398052,36.35552787427996,1.6937531432785993
off,1009.0,35.161314077088385,36.35680214316602,1.5990668009377946
off,1010.0,35.16307325228283,36.3574827694943,1.9541055341196307
off,1011.0,35.16425740650486,36.35805206548635,1.558394796817069
off,1012.0,35.164034825165956,36.3578963874257,1.5282575603866586
off,1013.0,35.16234272448226,36.360470179246946,1.6564814668911139
off,1014.0,35.16124069165174,36.3633763560883,1.4766304595146098
off,1015.0,35.15660865022367,36.36644725746448,1.2984307084196733
off,1016.0,35.15302486041039,36.36929723091,0.7919351448388863
off,1017.0,35.147971331185204,36.37031699529561,2.0411475247821254
off,1018.0,35.14391514855742,36.37138299973378,1.3395209493320372
off,1019.0,35.13975035430689,36.37423078531438,1.648118272975843
off,1020.0,35.13726164087444,36.375163046515276,1.6943067562384675
off,1021.0,35.135133031990634,36.37759219319918,0.8494589366264322
off,1022.0,35.136438447056314,36.377847240943375,0.7958882408099224
off,1023.0,35.14081795689155,36.37596351224717,0.577044514881907
off,1024.0,35.14311352188236,36.37354879403543,0.8879312558738625
off,1025.0,35.1458269266473,36.37203404752556,0.8561087739289117
off,1026.0,35.14746939644815,36.373616299073156,1.5025555290175323
off,1027.0,35.14910868315972,36.37366346322488,0.6888783573673305
off,1028.0,35.14870125094652,36.37322929485685,1.1538524291719883
off,1029.0,35.14805241036156,36.3736838252558,0.6814851786455463
off,1030.0,35.14745228439203,36.37516630328521,1.2273743332225577
off,1031.0,35.14804105923095,36.37594168685921,1.2907946402872303
off,1032.0,35.14818532187029,36.375652549314815,1.0029029977267825
off,1033.0,35.14918400355464,36.37519428707537,1.637677554895689
off,1034.0,35.15203425541528,36.3721632267432,0.9800282978179579
off,1035.0,35.1564199430503,36.36976063938261,1.378443603427821
off,1036.0,35.157889428819544,36.368589471708496,0.727402805708603
off,1037.0,35.159192188877576,36.368557976878364,0.8219703231707784
off,1038.0,35.161155315727186,36.36821938258903,0.6088774113272578
off,1039.0,35.16187257342584,36.36869843337054,0.7995674273752098
off,1040.0,35.16374547106801,36.36952296419652,0.8351863596528182
off,1041.0,35.16404334228327,36.37034971211832,0.6276279751086629
off,1042.0,35.164798081380646,36.36904402890205,0.3292700618503094
off,1043.0,35.16406415108534,36.368477884921134,0.8696186335530454
off,1044.0,35.165689204161744,36.3701901128891,1.0605297864073877
off,1045.0,35.1651412858298,36.37095435537156,1.3418039053903454
off,1046.0,35.16677222185845,36.37059125309198,1.4148867642829492
off,1047.0,35.167354499043434,36.369248379267724,1.775770635437218
off,1048.0,35.1671043373756,36.36870172012142,0.9963997952608963
off,1049.0,35.166386982359754,36.369374257246385,1.166986195123328
off,1050.0,35.16257365158992,36.36832780451347,1.4987529929152075
off,1051.0,35.1577213821875,36.36706986894122,1.399433443624155
off,1052.0,35.15445572142058,36.365292164793665,0.7898231280067705
off,1053.0,35.15113257640771,36.36417880529187,1.0880526464316496
off,1054.0,35.14924355235921,36.361923499009976,1.647949056621473
off,1055.0,35.15008531713746,36.36051078732889,1.3888274815626036
off,1056.0,35.15108231776698,36.35787358014651,0.6304348554907355
off,1057.0,35.153423413696096,36.35359335150141,0.8279289723202689
off,1058.0,35.160243636979025,36.34978629633508,0.5194943686936224
off,1059.0,35.16382051602293,36.347822849616485,1.354114938621481
off,1060.0,35.16819259209491,36.34376488244654,0.959972254735981
off,1061.0,35.169677115693,36.342250888394155,1.3785967964220074
off,1062.0,35.17006955696066,36.34097804772754,1.4342466849103683
off,1063.0,35.16602740245523,36.34131995135345,0.8468467609321324
off,1064.0,35.16337015179763,36.343694405310174,0.7514037738078889
off,1065.0,35.16135737101521,36.345930499375875,0.9068958717608571
off,1066.0,35.16119537315825,36.346604824139284,0.5679556054991437
off,1067.0,35.16377497324113,36.34795649809415,1.5482690682127376
off,1068.0,35.16540478672763,36.34821632047443,1.006181861567887
off,1069.0,35.1659865338584,36.34999311458795,1.5558666687566516
off,1070.0,35.1674395840586,36.351199760985764,1.3854334980649066
off,1071.0,35.165184790061474,36.352843069036325,1.4360624822764132
off,1072.0,35.16132078059689,36.355872729550164,1.3827012895662616
off,1073.0,35.16337796128136,36.35548860223868,1.1673899320318433
off,1074.0,35.15986615015184,36.35459619118692,1.944369031519741
off,1075.0,35.15743693687074,36.35249308960689,1.1024904322455686
off,1076.0,35.156170820395566,36.35157878323017,1.9969631588327903
off,1077.0,35.1505556900801,36.34964329344163,0.7895257122857425
off,1078.0,35.14839955404454,36.34921484825566,1.6157013668237332
off,1079.0,35.14788801032103,36.34723356966725,0.8497928344813708
off,1080.0,35.14841299600335,36.34653187747001,0.7779827917275768
off,1081.0,35.152168504523324,36.34490983918308,1.2290903691922375
off,1082.0,35.15503937323698,36.34387607690841,0.9759525210557805
off,1083.0,35.155032561153504,36.34271666841551,0.7226007494443677
off,1084.0,35.15538597756805,36.34127341284595,1.1633278059337773
off,1085.0,35.15382668284182,36.34063652331535,0.7497045950538842
off,1086.0,35.15433904903378,36.34212664058816,1.6033048535858714
off,1087.0,35.1554239709892,36.342425944084816,1.0054967662601897
off,1088.0,35.15612408696858,36.34297229073216,1.0626637142588953
off,1089.0,35.15809801911632,36.34418133697286,1.3259025761350207
off,1090.0,35.156104231636796,36.34670650768378,1.4685578319854935
off,1091.0,35.15441848490815,36.34861287414733,1.2420141373285918
off,1092.0,35.1529274224422,36.351047042958875,1.2416493367123247
off,1093.0,35.14700865901927,36.35085514247389,1.5871139124932134
off,1094.0,35.14417399879395,36.350982579144606,1.2559003409242413
off,1095.0,35.14073122287732,36.35286055192418,0.9394083575901931
off,1096.0,35.140606973078484,36.354605214428155,0.9848778516534477
off,1097.0,35.14248161280636,36.35562989839382,0.7586069011737115
off,1098.0,35.14788724702961,36.35684044077978,1.3204631307016268
off,1099.0,35.15296737298865,36.354839041030246,1.0668297633806658
off,1100.0,35.155575061182915,36.35446147550612,1.024300572408035
off,1101.0,35.15803888104507,36.35588805173635,0.5112849556592493
off,1102.0,35.15644768319357,36.35538516258742,1.0052472326443607
off,1103.0,35.15944727858624,36.35371075038603,1.414278018402972
off,1104.0,35.16156387491939,36.35097281055194,1.671161725296916
off,1105.0,35.15994431918752,36.350962820867636,1.327345492771608
off,1106.0,35.16126683741245,36.35184115698018,0.8549867061163761
off,1107.0,35.16312607360781,36.3532811739699,1.620543739228955
off,1108.0,35.16671725956295,36.35567829799716,1.5292854174605472
off,1109.0,35.167363244506035,36.35691110645698,1.7041979626839097
off,1110.0,35.16785649123985,36.357566741087766,0.9420696176885162
off,1111.0,35.16666677107144,36.356086194072475,1.6219152569525603
off,1112.0,35.167248992478996,36.357663960467264,1.297604442146753
off,1113.0,35.16968426829267,36.359115764229514,0.6694570431668005
off,1114.0,35.17170065303615,36.36020144536264,1.2349614769890735
off,1115.0,35.17229160750411,36.360541113596035,1.446002207687368
off,1116.0,35.1738710031445,36.35947223118213,0.9753966309842674
off,1117.0,35.17722791685617,36.35888116468333,2.006473611980195
off,1118.0,35.17948338117362,36.356743073787,0.9630824635996977
off,1119.0,35.18045875801522,36.357310466794985,1.2104120380415277
off,1120.0,35.18285725817361,36.358460063336274,1.0499845992221157
off,1121.0,35.186593287264955,36.3600591767435,1.0143606774633125
off,1122.0,35.19151745845683,36.358570920584775,2.3603415525588733
off,1123.0,35.19407127405008,36.35819091110408,1.2269699214572327
off,1124.0,35.19473157591532,36.35872977996747,1.191197992327086
off,1125.0,35.19163499140822,36.36123248296261,1.2736535930933979
off,1126.0,35.18913381164952,36.363526045012314,1.0304614608428726
off,1127.0,35.18857953366517,36.36301444752369,1.3216287756577447
off,1128.0,35.18897870554774,36.36145017433746,1.4698821693271342
off,1129.0,35.188507474301865,36.360002159117805,1.6887444875926618
off,1130.0,35.190953659986,36.358100860392234,1.734270968461788
off,1131.0,35.195269312908216,36.35573524890237,1.9896227366543788
off,1132.0,35.19791045489193,36.354750700938894,1.6798266909090296
off,1133.0,35.20045366567451,36.356870550668724,2.245088466500279
off,1134.0,35.2039779418028,36.35668247200498,2.421889305069867
off,1135.0,35.20601322332156,36.357482099815115,1.789277078119929
off,1136.0,35.20615958161209,36.36127304448662,2.0404399293163484
off,1137.0,35.206268749349384,36.364086128721574,2.0796613289868704
off,1138.0,35.20604911761198,36.3653506585967,2.2047795719171703
off,1139.0,35.20309479389807,36.36547900617822,1.7521745791962955
off,1140.0,35.20148632150345,36.36628550782086,2.0372646505598437
off,1141.0,35.20253073568369,36.36683073903254,1.9851299504374853
off,1142.0,35.20669359515499,36.3671845350573,2.081952546670431
off,1143.0,35.20938940329208,36.36703638604726,1.6967065457832053
off,1144.0,35.21124477339928,36.36573478647981,1.1031406050857469
off,1145.0,35.21496106033031,36.364545792970574,1.4648703671969119
off,1146.0,35.21860155429986,36.36438968487631,1.5333833127950016
off,1147.0,35.22096314154273,36.36553336622008,0.9201212460069084
off,1148.0,35.222569371925545,36.36645556032457,1.8068873113910213
off,1149.0,35.22607310522466,36.366013914901615,1.300935562526178
off,1150.0,35.22876222840763,36.364316112895914,1.6207451238533075
off,1151.0,35.23324338405164,36.36311273092331,1.8593578903836883
off,1152.0,35.23411627911294,36.364680346837496,1.3965189297226368
off,1153.0,35.23375865232461,36.365393305130766,1.3230141010283019
off,1154.0,35.22935991046033,36.367751199015274,0.970485177147599
off,1155.0,35.22740958628235,36.36969150947366,1.200101045044315
off,1156.0,35.22598289242319,36.37205114378473,0.8942025751838731
off,1157.0,35.22441696256749,36.373622881338434,0.5033546239450626
off,1158.0,35.2231247560937,36.37357797366587,1.6773918196050224
off,1159.0,35.22363178594909,36.37257073953564,0.37833834192650806
off,1160.0,35.2230411427638,36.373529787303674,0.6695901939481713
off,1161.0,35.22303340630522,36.37175353685096,0.922012537670958
off,1162.0,35.22321059373457,36.37005808783767,0.8393930845888504
off,1163.0,35.22274346291105,36.36928521114369,1.6196131596647296
off,1164.0,35.221657933036056,36.37057700902769,1.3050816370223761
off,1165.0,35.22016697680347,36.37114565579615,0.7822315231128988
off,1166.0,35.21796264270352,36.37250795096182,0.5919371040365904
off,1167.0,35.216327899006096,36.373325812899544,0.5813913785051621
off,1168.0,35.21455995073205,36.37462154561152,0.5132449491110155
off,1169.0,35.21219176547332,36.37480805891852,1.072811544579443
off,1170.0,35.21059462431932,36.37496785452325,0.8281699633727886
off,1171.0,35.208570920006984,36.37562486149213,0.8004241883520462
off,1172.0,35.20828647711981,36.375249114778285,0.7753504586889994
off,1173.0,35.20570200380602,36.37456251020114,0.8115572132394463
off,1174.0,35.20337322952649,36.37269095465076,0.7710213956134281
off,1175.0,35.20061569510218,36.37120912726411,1.0233819362134338
off,1176.0,35.19544873533498,36.37138797107987,1.2854216418320659
off,1177.0,35.190686786904074,36.3703275996692,0.8435790216130663
off,1178.0,35.186618659195936,36.37088634038373,0.8586464952704078
off,1179.0,35.18394396140335,36.370278026876186,0.3253070759023524
off,1180.0,35.18422129122053,36.36946818402114,0.9843174295306998
off,1181.0,35.18375006805682,36.36838852309877,0.6751939568756626
off,1182.0,35.18508337566529,36.367754605519266,0.47797665875225287
off,1183.0,35.18773527192542,36.36717357407143,0.26076568216291
off,1184.0,35.19191160451831,36.3642941673597,0.9343197301609892
off,1185.0,35.19512555720257,36.36204718142659,0.16593097361257259
off,1186.0,35.19623510526304,36.3619729943921,0.7886975205492692
off,1187.0,35.19644397531862,36.36418454440242,0.711213591441859
off,1188.0,35.1969037960578,36.36556206857432,0.8565829113419696
off,1189.0,35.197529680087136,36.36582606968359,2.010204613399578
off,1190.0,35.197819838327895,36.36552247174258,1.3834466721167276
off,1191.0,35.198480134829836,36.36446426273665,0.7497241882199632
off,1192.0,35.19958192704828,36.36261234458705,1.7267017451757285
off,1193.0,35.20152066423728,36.362623831270305,1.5814248836485036
off,1194.0,35.20187372745324,36.36380308493892,1.3293547393518172
off,1195.0,35.19919426990297,36.365787547086114,1.082021665359657
off,1196.0,35.197267060681696,36.36762553131309,1.003160239425605
off,1197.0,35.19564704817848,36.368868301036585,1.2005639823183176
off,1198.0,35.19411203974378,36.36976408714752,1.4120613706571978
off,1199.0,35.19440424617606,36.37104389814418,1.5007912793837208
off,1200.0,35.19174900641439,36.371853870137855,0.6431907758098311
off,1201.0,35.18735343475247,36.37270004759083,1.249247992883349
off,1202.0,35.18243162024828,36.3747133918916,1.0427512662011706
off,1203.0,35.178818044936385,36.37464892562956,0.6334446600732783
off,1204.0,35.17362383915419,36.375666776294295,1.1547741475367093
off,1205.0,35.17391830538744,36.37489590442043,1.209133256508609
off,1206.0,35.17174963367561,36.37533339767607,1.330373278828875
off,1207.0,35.16938748971745,36.37519623391315,0.428637237216599
off,1208.0,35.1664335743547,36.37619691641586,0.8274932338699152
off,1209.0,35.16410269403548,36.37469232158734,1.4232407240951586
off,1210.0,35.161467084687324,36.37524992051368,0.9006587573970914
off,1211.0,35.15836266013391,36.37631331787262,1.2073566704518706
off,1212.0,35.15511045409081,36.3765139830716,0.7230727934153416
off,1213.0,35.15310944148074,36.37554748625775,1.1058311088391888
off,1214.0,35.15090746830699,36.374848278165786,1.1220828058119983
off,1215.0,35.14787998265197,36.37504148663958,1.1385904424236168
off,1216.0,35.14477863095212,36.37497208567341,0.8009709790037107
off,1217.0,35.142049349648474,36.37494962064294,1.0841777776782495
off,1218.0,35.13937033475809,36.37572630034254,1.3260110059554857
off,1219.0,35.13761740113152,36.37749852197358,1.1419639236077397
off,1220.0,35.1372682297686,36.3764527256676,0.8225015009280849
off,1221.0,35.14160410928355,36.373239896647426,0.7713887680920746
off,1222.0,35.14393732626202,36.37122375592382,1.02427704662501
off,1223.0,35.14718912445395,36.370225136893275,1.097836826045651
off,1224.0,35.15138047630595,36.36797477050997,0.6380470032785183
off,1225.0,35.155665700744684,36.365820493438406,1.6700609844984913
off,1226.0,35.1559783813665,36.36548755189821,0.831410054567129
off,1227.0,35.1557569116074,36.36623524888072,1.3282368977665888
off,1228.0,35.15620977775845,36.366276607595815,0.8355120602590362
off,1229.0,35.15624669221703,36.36611996218518,1.4177290853575486
off,1230.0,35.15744460825483,36.364267159891256,1.668712109367998
off,1231.0,35.15531265536834,36.364892003204424,1.1598903047229965
off,1232.0,35.15463790710421,36.364865532244295,1.0352423123762817
off,1233.0,35.15511580354786,36.36439883032881,0.8113030565506663
off,1234.0,35.153351223450805,36.36545741503448,0.6895173079900321
off,1235.0,35.15368128383206,36.365337352617225,0.5446073561466434
off,1236.0,35.15348091319419,36.36560440984941,0.8423032338302895
off,1237.0,35.15301926937228,36.36726028815837,0.7518947428110725
off,1238.0,35.152496546443295,36.368181062748974,1.066828821271627
off,1239.0,35.153014432300004,36.36948294868119,0.7270927496021675
off,1240.0,35.153307512789986,36.37017509026332,0.8756747703045571
off,1241.0,35.15311932007469,36.37120263098021,0.8484437566995464
off,1242.0,35.15184831098493,36.37210533973361,1.2290929526738525
off,1243.0,35.15016187386878,36.37150811345038,0.6026945599073441
off,1244.0,35.14778223318729,36.37157510053453,0.7092284915733438
off,1245.0,35.144928206895486,36.3744494816468,1.0067010236616494
off,1246.0,35.1443403855461,36.37536109144025,0.9307341478894684
off,1247.0,35.14289700286537,36.37441127219807,1.1037282305976874
off,1248.0,35.1386131517368,36.374730142358715,0.6188582862327778
off,1249.0,35.13595468851177,36.37540668535745,1.0161573509910262
off,1250.0,35.13502715650722,36.377375201112216,0.6428587117557298
off,1251.0,35.13229639773163,36.38108974629109,0.7725609553275056
off,1252.0,35.133248340238524,36.38078679415166,0.9911277720965814
off,1253.0,35.138456745617404,36.377800586800994,0.6109840460840643
off,1254.0,35.14047778013195,36.37658122861645,0.38392694467762045
off,1255.0,35.13870684609256,36.378119610778796,1.0395992819643614
off,1256.0,35.13697956648441,36.379040518402135,1.0027218348570555
off,1257.0,35.13407262311762,36.37814653068711,0.9971304844375821
off,1258.0,35.12894450149445,36.379999437013296,0.9371734399690674
off,1259.0,35.125522934850075,36.38369295930055,1.0300272255734189
off,1260.0,35.124333915122634,36.3849895706387,0.90093453648208
off,1261.0,35.12564175510478,36.385641982378765,1.092855598904523
off,1262.0,35.12667652926201,36.384892713345245,1.4997974079912084
off,1263.0,35.13066236869668,36.38083545405311,0.812622445305955
off,1264.0,35.13372828540806,36.37927052127576,1.3414708574725838
off,1265.0,35.13245973446772,36.38082829422829,1.1441433079820271
off,1266.0,35.131688825484005,36.38181953342043,1.134772808750597
off,1267.0,35.12966169004323,36.38228701658322,1.002041146808526
off,1268.0,35.127553979119135,36.38318235039175,0.9971237213045337
off,1269.0,35.12727891922066,36.38176996651928,1.0151902034034075
off,1270.0,35.12570434880461,36.38175376307944,1.1968464052405348
off,1271.0,35.12628528264902,36.38086579236493,0.4871424621332878
off,1272.0,35.1268665944808,36.37848524725584,0.9898002786338972
off,1273.0,35.1270240422502,36.37825055336676,1.0316317241430917
off,1274.0,35.1267484052186,36.37922641326961,0.9208254730318965
off,1275.0,35.124994606050805,36.3803595770461,0.9817803985886397
off,1276.0,35.124435526698036,36.379991086207326,0.7909542979921697
off,1277.0,35.12445895271165,36.38056344623308,1.2390895699300386
off,1278.0,35.12494382285809,36.38069485972633,1.3647974732440198
off,1279.0,35.12600113667104,36.378775010775875,1.0609359476671478
off,1280.0,35.12776066647585,36.378297245401356,0.6641217594691657
off,1281.0,35.12806181343268,36.378508777862194,0.618052503888655
off,1282.0,35.12650457420818,36.37945537706874,1.827372831770786
off,1283.0,35.12577997776549,36.37838583943623,1.6578259081671785
off,1284.0,35.12155019681551,36.37775607284076,1.2324902940152596
off,1285.0,35.115591945349955,36.37771921524203,1.3744661741527064
off,1286.0,35.11413074788045,36.377902685827365,1.115647503761327
off,1287.0,35.11225022104057,36.37802872773952,1.2524639846544832
off,1288.0,35.113298177277066,36.37543393845179,1.6762233518642042
off,1289.0,35.112631429553446,36.37200506063594,1.0794961209365714
off,1290.0,35.11049872589032,36.3712374408012,0.9276065065275235
off,1291.0,35.10905828114108,36.37233061871035,0.5461586468288963
off,1292.0,35.107717788081246,36.37228944777605,1.3682826935029324
off,1293.0,35.10761571381651,36.36997430761661,0.600317090274772
off,1294.0,35.10516447760827,36.36988900996706,1.510822338353809
off,1295.0,35.10574732558376,36.370630529401836,0.4398237887048208
off,1296.0,35.10451011866427,36.372240404448014,0.10263397110677407
off,1297.0,35.104056208383234,36.373341643947334,1.2607636545871534
off,1298.0,35.104413993860966,36.37348332658405,1.1360216078023369
off,1299.0,35.10524551104997,36.3728346539633,0.4613878274377117
off,1300.0,35.103873140424824,36.37389677651659,1.053170244720735
off,1301.0,35.105147359817956,36.37329510707302,1.1447320591321937
off,1302.0,35.104561857397535,36.37307585268519,1.15478683277579
off,1303.0,35.104748580738644,36.37413527138381,1.8570980785740376
off,1304.0,35.10299439147753,36.3749023523422,0.55218191631043
off,1305.0,35.09831479467128,36.37728990387504,0.555078411864218
off,1306.0,35.09441088917444,36.37894540674532,1.734528573252419
off,1307.0,35.091736800153505,36.37973707951658,1.6618383915774124
off,1308.0,35.09122022046154,36.38042616273695,1.627992830687669
off,1309.0,35.09355176295372,36.37940872928925,1.7712142824670436
off,1310.0,35.09480150468348,36.37906276151902,0.5395616427206528
off,1311.0,35.09631415779363,36.37976733823375,0.8962033164666113
off,1312.0,35.096172085066094,36.37857255481622,1.4557883216965957
off,1313.0,35.09694354201699,36.376039018965145,1.1950226088124105
off,1314.0,35.098038683106466,36.372598498901404,1.3540235329887271
off,1315.0,35.09790046001533,36.37044861395735,1.5315968821592119
off,1316.0,35.09692704894155,36.37002180776217,1.347054482845484
off,1317.0,35.097210421229875,36.37068455700018,0.9755956025238335
off,1318.0,35.098580182957136,36.36937406558059,1.1311164337057609
off,1319.0,35.096781765461415,36.37011125404292,1.2037359923872415
off,1320.0,35.0937055915356,36.37033282766945,0.615619227951653
off,1321.0,35.090073712946115,36.37131342988808,1.4004420469735583
off,1322.0,35.08397798863314,36.371654144984866,0.43167060920135575
off,1323.0,35.0788493712775,36.37363350506799,1.1713162943834814
off,1324.0,35.074618653569125,36.37420520611469,0.9993662754252277
off,1325.0,35.07201303565743,36.37307044302842,0.5351699608444923
off,1326.0,35.06985473031304,36.37331470629942,0.5297380773148027
off,1327.0,35.06947771752806,36.374419662926435,1.511040758660019
off,1328.0,35.071036821759144,36.37008968647875,0.8690504536685522
off,1329.0,35.075452824916525,36.36586980587973,0.39771430590405055
off,1330.0,35.079722912047956,36.36247491260599,0.6928441035725744
off,1331.0,35.08460705797135,36.359301199968264,0.8786881187303257
off,1332.0,35.08775308144145,36.35638354332109,1.1879562387759255
off,1333.0,35.091060653373034,36.353672766918585,1.3506606318798742
off,1334.0,35.09196615464198,36.35069634231647,0.9863426646852189
off,1335.0,35.0916541307304,36.34998702036062,0.7765039843761958
off,1336.0,35.09347110421742,36.348794456866194,0.5458070417432892
off,1337.0,35.09267840137261,36.34981835690489,0.39591345254495036
off,1338.0,35.092212519111875,36.352623161061004,1.1736426268432951
off,1339.0,35.091123815735926,36.35575408860078,1.1368523208761503
off,1340.0,35.08852394377058,36.35908596033188,1.4625843807389325
off,1341.0,35.08710331789657,36.362213776909314,1.4539020177699653
off,1342.0,35.08839852699827,36.36276680469821,0.6807606400314765
off,1343.0,35.092548617897016,36.35965677870598,0.6823346378391675
off,1344.0,35.09757292764279,36.3564030925658,0.8615402099360396
off,1345.0,35.10114932188167,36.3549859358592,0.9945757033104963
off,1346.0,35.10656512950584,36.35475910108137,0.7437479671613656
off,1347.0,35.10738918169846,36.35462506374821,0.5685425155163615
off,1348.0,35.10933354227625,36.35502895336846,0.7158777267214248
off,1349.0,35.10715514439135,36.356718652359966,0.9038646528130321
off,1350.0,35.10019444890576,36.359769791200925,0.6617282032522109
off,1351.0,35.09596374109281,36.36431570503648,0.9313651946581467
off,1352.0,35.093804960294214,36.364398657277974,1.1818697373087637
off,1353.0,35.08937776536219,36.36387878952384,1.4897542848957217
off,1354.0,35.0859210120836,36.36476435000218,1.5719206121458913
off,1355.0,35.08107728426568,36.36651748999959,0.7094652563882216
off,1356.0,35.08108684484773,36.36573189653574,1.2328832581420834
off,1357.0,35.08368348130628,36.36335839910764,1.3813376569477183
off,1358.0,35.08884837743874,36.35931057049606,1.1504881820786563
off,1359.0,35.094243700701774,36.35553050198485,1.288998155108311
off,1360.0,35.096950113168624,36.352650615847665,1.171211326379406
off,1361.0,35.09655497887744,36.35152190714149,0.9305877071640827
off,1362.0,35.099279701064745,36.347592379360805,0.7639395962203848
off,1363.0,35.10032313768273,36.34768816607136,0.8482372138345796
off,1364.0,35.09975288646258,36.350656301675116,0.9106077312273544
off,1365.0,35.10065423009922,36.352935824749174,0.5788396875750379
off,1366.0,35.10126238322296,36.35335441125452,0.9098458664199426
off,1367.0,35.10292908709918,36.35268333607323,1.2616686160963868
off,1368.0,35.10200825905085,36.35461100619606,1.544160778697297
off,1369.0,35.10151511150375,36.3554620350398,1.0747875731426677
off,1370.0,35.10406432259024,36.3546118058085,0.9009909797814724
off,1371.0,35.10345413622727,36.35367154013321,1.0772014977407296
off,1372.0,35.10011426483393,36.35452614337237,0.8073184505278515
off,1373.0,35.096363141651054,36.35692259176638,0.9365975067239092
off,1374.0,35.09458694917453,36.35782976574928,1.087924535233314
off,1375.0,35.093026837448406,36.35611521390276,1.0351897377644506
off,1376.0,35.088427032201075,36.355530227887236,1.2742285579304307
off,1377.0,35.085559671015226,36.35750334131455,1.3635078697306893
off,1378.0,35.084332861334566,36.35859416570316,0.9365391648778933
off,1379.0,35.08170839626399,36.35802995189259,0.7955414675415354
off,1380.0,35.07867855792951,36.35738467753348,1.0624603088003164
off,1381.0,35.078234404766526,36.357155325947396,1.5274247319125416
off,1382.0,35.07923967896507,36.356756215308394,1.4917075836527902
off,1383.0,35.07673153685381,36.35944909147188,1.1443534396075514
off,1384.0,35.07655544410615,36.36204930049222,1.0895212427964278
off,1385.0,35.077377225504314,36.363753733218495,0.9049364446017204
off,1386.0,35.077665868396714,36.36297242133775,1.7167542095373254
off,1387.0,35.07650468777473,36.36276195262541,1.4447334954007962
off,1388.0,35.077754317309754,36.36359281738055,1.611373039010712
off,1389.0,35.081377041922,36.36256569017007,1.5863806959619997
off,1390.0,35.08249359862023,36.3610786802117,1.5388394646712713
off,1391.0,35.082035656649545,36.35943941752335,1.1459182135660104
off,1392.0,35.08121887188199,36.358267871469046,2.0196863123185422
off,1393.0,35.07843493161401,36.35910425154864,1.3641402880989206
off,1394.0,35.07758824715904,36.361036104003915,1.3635948504915198
off,1395.0,35.076841262566255,36.36307787032124,1.2862973190959108
off,1396.0,35.07776402714389,36.36553650472664,0.9132930613943775
off,1397.0,35.07927457993764,36.36667226783542,1.796930142991712
off,1398.0,35.079811557115264,36.366811855009,1.8702237150407583
off,1399.0,35.08309860091493,36.367188659824684,1.6730301367483178
off,1400.0,35.0835840601369,36.36612170257797,1.6486702771221426
off,1401.0,35.08469059433999,36.36542878935582,1.0920958764673179
off,1402.0,35.083544637559044,36.36504004201253,1.1931857487168336
off,1403.0,35.08523707180674,36.363926712736465,0.984331222052929
off,1404.0,35.088120195098,36.36397705308802,1.7300898693082523
off,1405.0,35.089314517023546,36.36396577543966,1.118136719327362
off,1406.0,35.0912579540941,36.36190948651464,1.122429042212055
off,1407.0,35.09367061614683,36.360845896764125,1.2792710196102872
off,1408.0,35.09521110306758,36.36067492298003,1.8960361143893683
off,1409.0,35.09729359317487,36.35899295923527,1.5225599851685723
off,1410.0,35.10102553884653,36.35835608040795,2.061121487457616
off,1411.0,35.105364852230714,36.35743078787699,1.6292167191620708
off,1412.0,35.10591011844859,36.359528819197905,1.2276048134421338
off,1413.0,35.107867167408436,36.36109862187818,1.1315025638934564
off,1414.0,35.1074214112332,36.362907520009,1.2283292118258646
off,1415.0,35.108549702511354,36.36448677375367,1.450219398623569
off,1416.0,35.10962709695674,36.36640746005388,1.8788015195312484
off,1417.0,35.107129089650094,36.36909036518537,1.3207290187336143
off,1418.0,35.104466511714705,36.370278375653456,1.889720987272085
off,1419.0,35.104647703093235,36.369806948111844,2.0032421516931986
off,1420.0,35.10400149054497,36.36797057355891,1.8364040157840353
off,1421.0,35.106015891476,36.36558174558343,0.9619457008692323
off,1422.0,35.10478128344941,36.365103848257164,1.7127326386649404
off,1423.0,35.10460819715475,36.36301667881168,1.2766853999293089
off,1424.0,35.100352350064895,36.361486811001896,1.293528517986977
off,1425.0,35.09564345270424,36.360556353916884,0.963935450037795
off,1426.0,35.09268524442409,36.361476661319074,0.9675801113448803
off,1427.0,35.08923264517314,36.363137095761395,1.2221363451539071
off,1428.0,35.087793389204286,36.365180361694634,0.9668175006893722
off,1429.0,35.09022264983521,36.36522548916025,0.9363476077270141
off,1430.0,35.09443342326181,36.36290503331515,1.1637701771341618
off,1431.0,35.10034662921425,36.360201319659275,1.210265452163196
off,1432.0,35.09934276885303,36.359079145661326,0.8208383939099919
off,1433.0,35.10060306395308,36.358469478788,1.3172569223900568
off,1434.0,35.10059966289006,36.35939605762131,1.434661577176787
off,1435.0,35.09888013221496,36.360228699935014,0.6922280993162608
off,1436.0,35.09702671489043,36.36183566674108,1.372415211202441
off,1437.0,35.09599629875834,36.364038516426035,1.5885871569446972
off,1438.0,35.09453768251305,36.36411093620579,1.4407624931739949
off,1439.0,35.09148960129765,36.364236608583106,1.349860668809763
off,1440.0,35.08675374411812,36.365403573623006,1.2910156982842294
off,1441.0,35.084305063857734,36.366793928592735,1.6371083865493852
off,1442.0,35.08043236756263,36.3684691706159,1.526800084581585
off,1443.0,35.078537378797286,36.36983618632755,1.3626053555077364
off,1444.0,35.080146607411216,36.371160716853964,1.3067525429260687
off,1445.0,35.083872479778954,36.367594451961985,1.3484629935708075
off,1446.0,35.08602295934156,36.36394820493274,0.9165609946059075
off,1447.0,35.087438008589935,36.360880489925606,1.632640753647309
off,1448.0,35.09044890481628,36.35674669564922,1.0091978803423431
off,1449.0,35.093888926382384,36.354063198884255,0.9757582955038044
off,1450.0,35.0953263878524,36.352889924099394,0.7358329136634734
off,1451.0,35.09633717121177,36.35386592385543,1.7765487909735453
off,1452.0,35.09794722739341,36.35545403645409,1.6602991132291547
off,1453.0,35.101193308453304,36.35611023468117,0.7277209934094779
off,1454.0,35.10338801224349,36.35681003811366,1.2047542525831192
off,1455.0,35.1039181248213,36.355455937198585,1.136699307486558
off,1456.0,35.10517045277131,36.35615995781636,1.4303366289334136
off,1457.0,35.104382524894916,36.35673819457857,0.8794932757909919
off,1458.0,35.10450449829757,36.357830587756105,1.0059949563636281
off,1459.0,35.1062167246884,36.35744408325386,0.9260996954895149
off,1460.0,35.109115358405965,36.35707317179489,1.0338836937141649
off,1461.0,35.11154462587237,36.35736573916346,0.6099947365381571
off,1462.0,35.11261684754157,36.3574995510567,1.1240336542590006
off,1463.0,35.11297367765492,36.35723910633069,0.7377879637742188
off,1464.0,35.113776708197804,36.356357723137464,1.1349648845197757
off,1465.0,35.11447661729121,36.354771474383284,1.507825184535332
off,1466.0,35.11581877149886,36.351509334987874,1.3508688943365785
off,1467.0,35.114886227870066,36.35109074592874,1.2880761651368755
off,1468.0,35.115277065175086,36.35128737033278,1.123486712893009
off,1469.0,35.11473969858728,36.351498359084026,1.4095540275555691
off,1470.0,35.113736728818935,36.35023978972882,2.1573539590397144
off,1471.0,35.112185816604125,36.34950106058565,1.2575760518266441
off,1472.0,35.11056506607929,36.34752034475633,0.7327409196936651
off,1473.0,35.10740026790658,36.34618444623008,1.1411671646755714
off,1474.0,35.1063678653948,36.3446084563202,1.3739270502799412
off,1475.0,35.10506972166088,36.34609057049247,0.5009069174522629
off,1476.0,35.10433747302612,36.34584827371205,1.1212902365115807
off,1477.0,35.10441599925426,36.345985179858985,1.2258670858413514
off,1478.0,35.105686373561184,36.34597552408042,1.0949432999386333
off,1479.0,35.108942341313075,36.34445942981331,1.2617809934039408
off,1480.0,35.11261502217077,36.34172532713979,0.5135460576314868
off,1481.0,35.116888959120935,36.33846844426089,1.6815228438909693
off,1482.0,35.119781152276076,36.33572197121646,1.4459921476193358
off,1483.0,35.12447778558427,36.33302223218144,0.9381514670499349
off,1484.0,35.12885670919573,36.3314805068962,1.081426155744817
off,1485.0,35.13067026912924,36.33214529956893,1.1554061956528412
off,1486.0,35.12981929833554,36.33375909662228,0.5969412144574306
off,1487.0,35.13105117022598,36.33402647503967,1.2106365540714084
off,1488.0,35.13251439139602,36.33495952611701,0.7132707890658871
off,1489.0,35.13516331027267,36.335385677924194,1.032666884482304
off,1490.0,35.13815260918903,36.334608817168586,1.2861930264501111
off,1491.0,35.14132391428245,36.33463700945918,1.3260240667560041
off,1492.0,35.14287503544242,36.3353934620385,0.6030584574305662
off,1493.0,35.14435337746235,36.33533527529102,0.8625628184746592
off,1494.0,35.144427766186446,36.33513732133034,0.8904243185606509
off,1495.0,35.14525958555199,36.33514289780152,1.018578114649813
off,1496.0,35.146667463811774,36.33744582325969,1.0278820787492262
off,1497.0,35.14932845435024,36.337164966007464,0.968950652837327
off,1498.0,35.148856648140445,36.33901255907867,1.2179665217474351
off,1499.0,35.15109567748405,36.33974924952638,0.717312327304677
off,1500.0,35.155035459981185,36.33943872572107,0.5665980484178899
off,1501.0,35.162847723637526,36.33621259071369,0.9950578559769856
off,1502.0,35.1643264808347,36.33413056768606,0.543509993673514
off,1503.0,35.16471985521388,36.33466619194126,0.5331422564305952
off,1504.0,35.161401653448905,36.33630479120318,1.1316466966215912
off,1505.0,35.159257643420965,36.338067785574864,1.5074015709492548
off,1506.0,35.15473608348734,36.341497041868564,0.3432312555782306
off,1507.0,35.154737434906444,36.34351790104261,1.1110729273160782
off,1508.0,35.15695457428229,36.34336545017377,0.8999860454665103
off,1509.0,35.15881791457508,36.340875334993974,1.225696720258532
off,1510.0,35.15739667510194,36.341132444774054,1.0000516635621746
off,1511.0,35.15440498037447,36.34263186920451,0.8440486177308113
off,1512.0,35.15094951283364,36.34343335112592,1.441623159563115
off,1513.0,35.15016473896988,36.343498514356625,0.8406640428747529
off,1514.0,35.14853360022506,36.341442425970534,0.6325595473512368
off,1515.0,35.14798036161174,36.3412048646791,1.0997588394065798
off,1516.0,35.149313998063974,36.339459934549105,1.0959528357985433
off,1517.0,35.152085132116206,36.33809832260531,1.0348082907880924
off,1518.0,35.15647107273604,36.335900962731955,1.0125932128577564
off,1519.0,35.16575952446999,36.331821803856464,1.4833630135719296
off,1520.0,35.171215949857825,36.329690487303935,0.8007329901839085
off,1521.0,35.17562632753869,36.33000352866638,0.9617262782861579
off,1522.0,35.17268986153974,36.33271115151742,1.0591609748876105
off,1523.0,35.16934841688759,36.336217977393225,1.2322726040544727
off,1524.0,35.166748014051635,36.338050000338185,1.2370325070699777
off,1525.0,35.165813846514965,36.33981167803604,1.0602141259490654
off,1526.0,35.16728132705838,36.342123459372495,1.4152104605355302
off,1527.0,35.16907963625829,36.34273247995688,1.0955148397274062
off,1528.0,35.173223809715566,36.34129749304418,1.1454548300386649
off,1529.0,35.17769578589237,36.33846925050973,1.3904304553084215
off,1530.0,35.18232858698234,36.33428897123133,0.7614671797600672
off,1531.0,35.18068043101719,36.334646107605046,0.9495659509631649
off,1532.0,35.17846707195431,36.33686611325322,2.1511679119552403
off,1533.0,35.172517417906214,36.33979730313572,0.8212583801775006
off,1534.0,35.16818266194031,36.34319351639727,1.2909659377094096
off,1535.0,35.164255558818695,36.3448860378273,0.8078878142812934
off,1536.0,35.1625743727317,36.34782723945166,0.6647077208871496
off,1537.0,35.162419271412496,36.34938553327436,1.2607753978591012
off,1538.0,35.16386317591564,36.34876983299693,1.2697391531173199
off,1539.0,35.16411754754198,36.34923618990398,1.1114731929686634
off,1540.0,35.16692271319378,36.34776695670687,0.5952875790275178
off,1541.0,35.172155677021195,36.345229324487676,1.401310140109401
off,1542.0,35.17576444506697,36.34356549668228,1.1503654298655694
off,1543.0,35.17626420902219,36.3429325578584,1.2660131937382295
off,1544.0,35.17718564144774,36.34259883049246,0.9589821809525305
off,1545.0,35.17755315571203,36.34315175246305,1.3857319389379756
off,1546.0,35.17447616491401,36.344218851561706,1.7257254249240312
off,1547.0,35.17636763685829,36.34308043173263,1.003880074210635
off,1548.0,35.173176361095614,36.34361545051173,1.248629719689615
off,1549.0,35.17221373688277,36.34409819954749,1.438059899806216
off,1550.0,35.17188661855508,36.34559888974798,1.3970189946597222
off,1551.0,35.17277567876666,36.346681347091206,1.1972379519021579
off,1552.0,35.17428741974207,36.34610905027965,0.7223138647319338
off,1553.0,35.17494134334862,36.34684942166303,1.5297209543409205
off,1554.0,35.177822384901695,36.34801825454034,1.6978919880160797
off,1555.0,35.178095220480195,36.34835656384601,1.9574616669653664
off,1556.0,35.17774517923261,36.3489754949095,1.2027138260386345
off,1557.0,35.17467648197975,36.35087421113788,2.0540564250673343
off,1558.0,35.17367101044095,36.34938018684067,1.7830105756140684
off,1559.0,35.17202249748195,36.34856893793032,1.984494763773934
off,1560.0,35.171937070763796,36.3484140963334,1.2984401995460693
off,1561.0,35.17341882716409,36.34852407292362,1.3935953793045823
off,1562.0,35.17286616298627,36.348159301233125,1.5010726592008587
off,1563.0,35.17375924531383,36.34797663361967,1.5358314550786996
off,1564.0,35.174039826931825,36.3498080576077,2.0275868297267112
off,1565.0,35.17504034780749,36.35291873975277,1.165616241103207
off,1566.0,35.17504657789549,36.35435904979969,0.7917169051527825
off,1567.0,35.17493209553259,36.35537182268235,2.0335422593589754
off,1568.0,35.1746954714542,36.35652416524871,1.6317124287638052
off,1569.0,35.17618054528132,36.356662519025335,1.851552322350744
off,1570.0,35.176364620493565,36.358179371448884,1.2650892649591432
off,1571.0,35.178731400106756,36.35891530453505,1.3496462260568993
off,1572.0,35.18114845831242,36.35957814941808,1.247675575851778
off,1573.0,35.18585965418595,36.35794145113238,1.5216241720441377
off,1574.0,35.187262866727735,36.35830954475931,1.5124180091764325
off,1575.0,35.184889931939914,36.3607296680078,2.0711515390836235
off,1576.0,35.18329500061871,36.36313601740388,2.0807451637457737
off,1577.0,35.181121908125334,36.36375437951446,1.6425335929045433
off,1578.0,35.1791712300839,36.366235222300496,1.0113218562933672
off,1579.0,35.178508579701166,36.367188757691984,1.2783102805728461
off,1580.0,35.17565687221444,36.367456416427515,1.5978304107578185
off,1581.0,35.17439129781343,36.3665830841791,1.7828581322312964
off,1582.0,35.17341739250669,36.36724186958331,1.4329563738526636
off,1583.0,35.17514005109309,36.36748401096433,1.7817472961298726
off,1584.0,35.17729578682281,36.3668590079693,1.8396632628274991
off,1585.0,35.179086505723184,36.36563811694161,1.2588714795493687
off,1586.0,35.1805610676549,36.364848185016434,1.4113444365730121
off,1587.0,35.18078087385298,36.36521158324306,1.7917336881185038
off,1588.0,35.184735407762794,36.36369563479192,1.1117399721860108
off,1589.0,35.18650539561381,36.362975353816935,1.253271849496696
off,1590.0,35.18758201646761,36.36436567168469,1.080070504067425
off,1591.0,35.18932876691528,36.36544904209715,1.2174406426471442
off,1592.0,35.19139281282066,36.366234760493654,1.512574738616768
off,1593.0,35.19136931695209,36.366312270637955,1.3407253204939558
off,1594.0,35.190164354114216,36.367999619572885,1.5948612726124167
off,1595.0,35.18905502916359,36.37040935140005,0.9436276181668134
off,1596.0,35.18769354661925,36.371678163030516,1.3671495396133895
off,1597.0,35.181899681920214,36.374094211625895,1.0090051100026682
off,1598.0,35.17808257150597,36.378835347569634,0.650825140177979
off,1599.0,35.17365992185567,36.38139131470995,1.4163314162736005
off,1600.0,35.17097065743946,36.38069027644397,1.7778951929815436
off,1601.0,35.1695539571626,36.378797688951735,1.160787938156638
off,1602.0,35.16957880554351,36.376647315953214,0.7199117965097952
off,1603.0,35.1703450085899,36.37437236423128,1.1825244968636397
off,1604.0,35.17414807644248,36.373292206315995,1.2742200957723964
off,1605.0,35.17522081648321,36.3712921591132,0.8191938251540372
off,1606.0,35.175458523092395,36.36988404339337,1.4543968669596918
off,1607.0,35.17570964694559,36.368959473306916,0.658172817108806
off,1608.0,35.174341216223766,36.36892614303167,1.2179144517444258
off,1609.0,35.174651880207186,36.368596638076426,0.7040014767226677
off,1610.0,35.172730410510404,36.36930252186714,1.4724469818559744
off,1611.0,35.170683390793386,36.37038806362843,0.924530559996936
off,1612.0,35.165778682179145,36.37226063631435,0.599374910502097
off,1613.0,35.16337662145733,36.37403579831216,1.127624602591312
off,1614.0,35.16086828391251,36.375304364972195,0.9912207049908761
off,1615.0,35.15930071176758,36.375592262588995,0.8722606598260948
off,1616.0,35.158804377631206,36.37472250447819,1.2058029526758003
off,1617.0,35.15961630276187,36.37360049747961,1.1641577516763522
off,1618.0,35.159542475971215,36.373646931386766,1.2376418103834974
off,1619.0,35.15947355365751,36.37440774506899,0.5388185662319841
off,1620.0,35.158620897734565,36.374381132485155,1.4004607073166209
off,1621.0,35.1569338945681,36.37373725962579,0.8750886944189273
off,1622.0,35.15284713618762,36.37321257873263,1.2245859686192504
off,1623.0,35.150686358940156,36.37476302066992,1.1944941864044187
off,1624.0,35.14748577291493,36.377245418904735,1.018306586521943
off,1625.0,35.14853906133481,36.37748291534086,0.48515203224710945
off,1626.0,35.15122073228024,36.37666380379796,0.7477935101499575
off,1627.0,35.15588940741415,36.37487910041825,0.6123264488754684
off,1628.0,35.155395812091264,36.3740023807481,0.24202720342999706
off,1629.0,35.15365987687418,36.372753025895726,0.7718278365775729
off,1630.0,35.15049422897003,36.37227082643571,0.8102350487601093
off,1631.0,35.14943069238438,36.372905456773466,0.6347604481060578
off,1632.0,35.147650751818205,36.371654541524435,0.5025580971559154
off,1633.0,35.14831520048322,36.37087216110084,0.6817618574555658
off,1634.0,35.148682151255166,36.37015322902427,0.544461554418324
off,1635.0,35.148793912799114,36.36938310940027,0.6525344272701287
off,1636.0,35.1486780408749,36.3697605768179,0.1983659708247636
off,1637.0,35.150078399403725,36.36840474231745,1.0308746526076304
off,1638.0,35.15058757476356,36.368273089683214,1.4243111968045774
off,1639.0,35.15283887382221,36.36807599147506,0.9164119640647672
off,1640.0,35.15821698718708,36.36700997104138,1.4435390466606375
off,1641.0,35.159644187089135,36.365505906076024,1.0409513123444059
off,1642.0,35.157741352916204,36.36548875533754,0.7301025672580721
off,1643.0,35.15902017095008,36.36533433435366,1.0004876522805928
off,1644.0,35.15751319343575,36.36527661804184,1.1177559048425827
off,1645.0,35.158836601573334,36.364581368707775,1.0956264227088224
off,1646.0,35.158043627769324,36.36381311697062,1.215674306853022
off,1647.0,35.15857209056554,36.36235026279724,1.2207808365105208
off,1648.0,35.15595040369129,36.36244749596903,1.09272347008065
off,1649.0,35.155568205755365,36.36333651406935,1.0576504879114226
off,1650.0,35.15342913447524,36.365564067887135,0.6911391515556693
off,1651.0,35.152575367722015,36.36629859600412,0.5691399204795569
off,1652.0,35.15169601392088,36.3672747149276,1.232321692914877
off,1653.0,35.148390292639895,36.36714567703021,1.3513951891648626
off,1654.0,35.148045580991926,36.36606963111529,1.1248550308213576
off,1655.0,35.15252685544043,36.3641141229873,0.9557966910190244
off,1656.0,35.15647003530061,36.361697230698496,1.4840841865224599
off,1657.0,35.15900291205847,36.35963533071034,1.2849345287653735
off,1658.0,35.16096650103564,36.36052171551767,1.2880814446413678
off,1659.0,35.1639751007934,36.35809339710819,0.8421345206389079
off,1660.0,35.167220942010296,36.35746860681793,1.2856472489114652
off,1661.0,35.1735371060227,36.35756027642648,0.9183555742930658
off,1662.0,35.177211792194434,36.358593745036856,1.6158021063524322
off,1663.0,35.17996904241177,36.35978645489086,1.2437275851772243
off,1664.0,35.182477952778655,36.35950464995892,1.0578767287031647
off,1665.0,35.18322560219675,36.35962371745931,1.221907974240643
off,1666.0,35.18270632661822,36.36111699781882,0.9398000985202628
off,1667.0,35.1821769120849,36.361022186753836,1.077920139166423
off,1668.0,35.181732372119285,36.360057899634334,1.195120739209786
off,1669.0,35.17866061242443,36.36091436776043,0.8726470980193435
off,1670.0,35.176129272113336,36.362696367461325,1.0483476139603174
off,1671.0,35.176308339840475,36.362155118966974,1.091141138075926
off,1672.0,35.1791138612134,36.36033712987388,1.1376420245253809
off,1673.0,35.179724172308845,36.358505013975986,0.9822773691169087
off,1674.0,35.177811303131705,36.357599210755154,0.9088100242484234
off,1675.0,35.17320473011505,36.358030790072554,1.4368488528774324
off,1676.0,35.16992743362376,36.36054420249745,1.9859485735792544
off,1677.0,35.166415900298986,36.3615500756499,1.516703640017151
off,1678.0,35.162018830640065,36.36326741266998,0.9826815434578049
off,1679.0,35.16075248202706,36.3636721173515,1.1506044479413362
off,1680.0,35.1615378908344,36.36174539166802,0.4799718148605773
off,1681.0,35.163049156364856,36.36114279551969,0.7074505948634164
off,1682.0,35.164375750623606,36.362180673295,1.074623947998532
off,1683.0,35.16505402060211,36.36337519401928,0.8072549450563495
off,1684.0,35.16656546160001,36.365369073720245,0.6023209377454034
off,1685.0,35.16722186989687,36.3660037672513,1.1075050419352466
off,1686.0,35.165449359473556,36.367464310897645,1.1303141404345642
off,1687.0,35.163624185679126,36.3686796057167,0.3744438151565723
off,1688.0,35.16176784799113,36.37015424266488,0.7579520467373181
off,1689.0,35.16132071589943,36.371146431760295,0.5514941799254041
off,1690.0,35.162351983950494,36.37095766635028,1.2885751980057663
off,1691.0,35.16543854930272,36.36958007786895,0.7359721746876691
off,1692.0,35.165389759920956,36.36742772537595,1.2356618760460703
off,1693.0,35.16739525999835,36.36325352643751,1.5580391576560846
off,1694.0,35.17131293621207,36.36017170467287,1.0356199670148163
off,1695.0,35.17204789363642,36.35961373191549,0.7136605272088263
off,1696.0,35.172670202071956,36.35663952593909,0.7744962567432827
off,1697.0,35.17333165349311,36.35505997992313,1.0445742822886417
off,1698.0,35.17020574020903,36.35792441809968,1.1996050415837554
off,1699.0,35.16778146976807,36.358291770934215,1.1448886575139583
off,1700.0,35.165696879822754,36.358706272593956,0.6021876011161252
off,1701.0,35.164555753168855,36.35868091838251,1.1832619994210674
off,1702.0,35.16289877215563,36.35834931235626,1.0246911907686858
off,1703.0,35.16449346585784,36.35662647193605,0.8754804300624925
off,1704.0,35.16773592089593,36.354019443223414,1.3037942650130914
off,1705.0,35.1715332028891,36.35265911045246,0.972360681551729
off,1706.0,35.17334308827759,36.35142661625535,1.3299460921435065
off,1707.0,35.175529190330685,36.35242816429607,1.0990428403441368
off,1708.0,35.17813379989404,36.35380195213739,1.5906366146670698
off,1709.0,35.180253497620754,36.352244337068164,0.9167046777037008
off,1710.0,35.18339349939753,36.35002855562259,1.9184184973448182
off,1711.0,35.18444314893704,36.34891069554307,1.7605638735921256
off,1712.0,35.18512566590034,36.35042182161613,2.349116289213316
off,1713.0,35.1842281947224,36.35244482282819,1.2492829719646625
off,1714.0,35.18686200925373,36.35207863332917,1.9601334117089408
off,1715.0,35.19017162700677,36.351469301720634,1.9168034499648992
off,1716.0,35.19422389235352,36.35233489762033,1.181743056565719
off,1717.0,35.197637323307724,36.352404246578715,1.022696080510416
off,1718.0,35.20337960633789,36.35283844061539,1.5203697490365784
off,1719.0,35.20718132482751,36.353448169686,1.621561092834992
off,1720.0,35.20791739136478,36.35539845668723,1.0677282016270575
off,1721.0,35.208805708368494,36.35572024567924,1.8895125796978112
off,1722.0,35.20759791724804,36.35532488957834,1.6929294631777911
off,1723.0,35.20466202627356,36.354737507297145,1.73110607531068
off,1724.0,35.20055806380021,36.356146634207946,1.931422076823762
off,1725.0,35.194912373423016,36.35809572578233,1.2876670729804127
off,1726.0,35.18989542839333,36.360837187549286,1.5270507197973235
off,1727.0,35.185527476921955,36.36155045439983,1.4966462870480393
off,1728.0,35.18041239974493,36.361175675495474,1.4163340783846183
off,1729.0,35.17833527101934,36.360426239344136,1.359040668789346
off,1730.0,35.17833187651982,36.35936667702077,0.6895506201504232
off,1731.0,35.17571606366261,36.35889301918667,1.0590762932779327
off,1732.0,35.174040212260074,36.35917933794808,0.6862386560703414
off,1733.0,35.17027360105286,36.3599198458477,0.779278174772728
off,1734.0,35.16993028486058,36.36066025213886,1.1466353605800037
off,1735.0,35.168775258141395,36.359612761829744,1.1858189767400467
off,1736.0,35.16985556504489,36.358336576941376,0.9167797757727976
off,1737.0,35.16994935028967,36.35774574811129,1.092591997926998
off,1738.0,35.16909425874073,36.35935277403658,1.393033226419691
off,1739.0,35.168362563749724,36.36217336405615,1.1643949307930006
off,1740.0,35.166936256178545,36.36481966263036,1.1720960603501567
off,1741.0,35.16502468855684,36.36798544664333,1.0422913368158195
off,1742.0,35.164011683992406,36.368998609263635,0.7375821513142118
off,1743.0,35.164035206515706,36.37040863723808,0.9293327337806425
off,1744.0,35.16439998995615,36.370539150017514,0.663196334921375
off,1745.0,35.165839057050114,36.37002665383071,0.7134365812783898
off,1746.0,35.16627293210372,36.3689929245887,1.2524407907169581
off,1747.0,35.16625260922615,36.36880784999176,0.4777450302461821
off,1748.0,35.16239751346543,36.36893886793498,0.7211678240461579
off,1749.0,35.159178715226716,36.36985129967852,0.7917751688766016
off,1750.0,35.15539213223416,36.371366026180105,0.6147695493844234
off,1751.0,35.1537186431677,36.37125986805043,0.9968063155323965
off,1752.0,35.15212794701797,36.37016652232971,1.532317879871281
off,1753.0,35.15333885170253,36.368080493625605,1.4729230260590662
off,1754.0,35.15187777434899,36.36807290032,0.6624308417425622
off,1755.0,35.15105446111731,36.369182099213155,1.0695197181742002
off,1756.0,35.1521520601535,36.369222380055696,0.9439589437353471
off,1757.0,35.1534299618143,36.36935833424401,1.3743950901858542
off,1758.0,35.15473012556108,36.368082437868914,1.1846354032468844
off,1759.0,35.154960501855584,36.36736640202238,0.6183120360753214
off,1760.0,35.15533547535157,36.36616564235496,0.5876846274130795
off,1761.0,35.157341407978414,36.36747199623386,0.9840707597582105
off,1762.0,35.16204047451815,36.36765381341248,1.1951022295376417
off,1763.0,35.1667935655619,36.3656081859843,1.1145677707580854
off,1764.0,35.17169740021683,36.36423365636333,1.1903440314286016
off,1765.0,35.17525274608015,36.36322198592075,0.7163815464669281
off,1766.0,35.179304510296866,36.362344202474404,0.7851669797403913
off,1767.0,35.17903640583722,36.361853329447335,1.3693725743986698
off,1768.0,35.175935169077455,36.36264176621984,0.8689499925171753
off,1769.0,35.17521949444274,36.36361586035433,1.0840817548975088
off,1770.0,35.17672824650857,36.36408814131494,1.049130443066906
off,1771.0,35.1780377417726,36.362036375642255,1.4302916154571967
off,1772.0,35.17901984074196,36.3595405015418,1.3004801968031678
off,1773.0,35.17972035867032,36.357397065642296,1.1807846319901882
off,1774.0,35.181936731189005,36.35655564408971,1.1850108140632607
off,1775.0,35.182764310130246,36.35593556773987,1.4165940354543958
off,1776.0,35.18421143467863,36.35639700697853,1.1346067709663632
off,1777.0,35.183213825540925,36.3584015583312,1.1612149733777848
off,1778.0,35.18059565040079,36.359520467284725,0.6437712888036635
off,1779.0,35.18009862852776,36.36078517401175,1.1317538006796333
off,1780.0,35.178682021014374,36.36093575299016,0.6819962380274449
off,1781.0,35.1790339261836,36.360221315874256,0.40034137608418985
off,1782.0,35.17819700445181,36.35923424916019,0.4300844508480106
off,1783.0,35.17558265459178,36.360021485001276,1.3392587288289324
off,1784.0,35.17422909740121,36.36084806889811,1.3188478953418454
off,1785.0,35.176461170208086,36.361673593826254,1.1048786614856279
off,1786.0,35.17662271483857,36.36185894741106,1.503020745576638
off,1787.0,35.176467833050985,36.362110638757166,1.5232973687261238
off,1788.0,35.17851627392454,36.36200495335903,1.3444840462163148
off,1789.0,35.17865618714814,36.362831295902105,0.9572652237677381
off,1790.0,35.17879956702378,36.365768500283615,1.3766926051030035
off,1791.0,35.17868684104637,36.36896458118121,1.1617792520297674
off,1792.0,35.179129825512945,36.36846929459852,1.5150613957477406
off,1793.0,35.17906805864653,36.368841447211935,0.702422468579267
off,1794.0,35.17923864440413,36.370988498683474,1.3758789030390008
off,1795.0,35.18000806337872,36.37306875394516,1.2466179272105329
off,1796.0,35.18286355021909,36.37121135150584,1.4408991840506964
off,1797.0,35.18326038222264,36.369883595959145,0.74771214784212
off,1798.0,35.18530089592134,36.36810035787487,1.4044564179832095
off,1799.0,35.18684941959255,36.36819701554406,0.8870839511557553
off,1800.0,35.18669410016597,36.368881153053565,2.027598951642841
off,1801.0,35.18503726367971,36.36898039749709,0.8882020096904399
off,1802.0,35.18277786420324,36.36845257257024,1.1097357634509417
off,1803.0,35.178435605556196,36.368124866766735,0.44013541578755433
off,1804.0,35.1764123296167,36.36782442512498,0.9534237555556244
off,1805.0,35.17050126644849,36.36692990117548,1.558857678830121
off,1806.0,35.16710534336685,36.367584612946516,1.1767906723454513
off,1807.0,35.16409483555522,36.369149841675046,0.371415906024078
off,1808.0,35.1631440741127,36.36938932800609,0.9625680222097845
off,1809.0,35.16333318927805,36.3686066985942,1.2070095695153973
off,1810.0,35.167958571970146,36.36659631446593,0.9039247470622449
off,1811.0,35.17050541312488,36.36247804901961,0.8679102341131104
off,1812.0,35.1737797529168,36.35943475046018,0.9062949526759706
off,1813.0,35.17731582389314,36.358325714134295,0.7609626185110678
off,1814.0,35.17888203858254,36.35885726521085,1.2079590344255942
off,1815.0,35.17930913319172,36.358410722014995,0.5182585559151192
off,1816.0,35.18137635029383,36.35810375424995,1.3997948440383057
off,1817.0,35.18445101672732,36.35665792701496,0.9955297566602976
off,1818.0,35.18463984137709,36.35860865957018,1.270731163552055
off,1819.0,35.18321092258912,36.360727180753486,1.4894891093947338
off,1820.0,35.18014823018279,36.36216305787571,1.1025322123934165
off,1821.0,35.1767162677433,36.363161307266445,0.7975375604049897
off,1822.0,35.174966372497416,36.363637305517074,1.1304820632811017
off,1823.0,35.17661455921233,36.363803398605455,0.7298565326260837
off,1824.0,35.18227162626949,36.36314270966997,1.4455250833264917
off,1825.0,35.18597891482805,36.360918451334996,0.5069279608597205
off,1826.0,35.18735389249816,36.35932237605913,0.78267538649156
off,1827.0,35.185903837906466,36.35938801151524,1.3499201381762806
off,1828.0,35.181395503664135,36.360204186107595,0.837900403434378
off,1829.0,35.17844421486619,36.36224294890795,1.7087965616179535
off,1830.0,35.17461352383223,36.36321945875263,0.8506996229356683
off,1831.0,35.17117608467371,36.364118796679605,1.014567602901
off,1832.0,35.16863323006106,36.365395169915715,1.5523501091726395
off,1833.0,35.1665078727293,36.3665309590985,0.7525347610679936
off,1834.0,35.1665615761511,36.366581323663404,1.8728456479007938
off,1835.0,35.16608925582447,36.36391259025229,1.6151325696664443
off,1836.0,35.16589099143828,36.362072729434786,1.1624396985571899
off,1837.0,35.164135412682015,36.36147125173986,1.054506879769404
off,1838.0,35.16409358866996,36.359751179568846,1.5200448907842112
off,1839.0,35.16213859061591,36.36054444620192,0.6769876347265209
off,1840.0,35.16271242640581,36.36113860427853,1.2057671371918914
off,1841.0,35.16606855001834,36.36203465849595,1.9798678894133397
off,1842.0,35.16752740090129,36.36118763738841,1.0195872621372652
off,1843.0,35.16766688397706,36.36044038049309,0.9399137159645854
off,1844.0,35.16681465776394,36.36090777987665,0.8255392167544973
off,1845.0,35.162849408767,36.36260128177853,0.13209790714062342
off,1846.0,35.1561750882538,36.36478484048304,1.0485468358293621
off,1847.0,35.150080077987184,36.36590131340916,0.6751489562965594
off,1848.0,35.145867559640166,36.3674823941817,0.6868603305173748
off,1849.0,35.142483226948414,36.36710236092875,0.5024815799396396
off,1850.0,35.13762900364099,36.36786005826433,0.7642569754469382
off,1851.0,35.13444304589178,36.36563198800132,0.818560320707133
off,1852.0,35.13277785567861,36.36393482952887,0.08857696546686891
off,1853.0,35.13349979387893,36.363108518968446,1.076524014502604
off,1854.0,35.135246843358345,36.361584724133465,0.5789819313209665
off,1855.0,35.13504890810554,36.35923936928285,1.0066257710553324
off,1856.0,35.13641872851277,36.35859933568571,0.6089759520851905
off,1857.0,35.135409845086954,36.356375692653344,1.5952611531926513
off,1858.0,35.13503243764812,36.35642866612211,0.8869442411404165
off,1859.0,35.13469004584843,36.3555262261581,1.4867982494433658
off,1860.0,35.13187939118152,36.35791182669974,1.4224348690420916
off,1861.0,35.13005220027467,36.35840440573042,0.75134934793774
off,1862.0,35.12967634205168,36.3566951764688,0.7381663856856351
off,1863.0,35.13235079078861,36.35536484808854,0.7335875891329804
off,1864.0,35.134249209441855,36.35463211141783,1.0242174613524486
off,1865.0,35.136894926549076,36.35280024596319,0.6730758221948766
off,1866.0,35.138659798490245,36.35277747734954,0.6042662723654779
off,1867.0,35.142200620344624,36.35417761170095,1.2527929691485427
off,1868.0,35.146032265965395,36.354164044814446,1.1350463263839978
off,1869.0,35.14993893934157,36.3520898767866,1.157658881350264
off,1870.0,35.15512966710314,36.35177797600859,0.9267207229052524
off,1871.0,35.162578750614216,36.349136503552366,0.9995852682776263
off,1872.0,35.16786958981355,36.34659048779004,1.3617518214576902
off,1873.0,35.17227253559523,36.34249168518478,1.7052656358142957
off,1874.0,35.179207132872804,36.34173205529557,1.4675028603671616
off,1875.0,35.18044437828249,36.34018524795255,1.1125933058948552
off,1876.0,35.17931432316892,36.3410383912666,1.0389644012971022
off,1877.0,35.178771864044485,36.342228373767895,1.20918143566268
off,1878.0,35.17692537025732,36.34368790296497,1.0600563684721063
off,1879.0,35.17614030702531,36.34419953161404,1.4516810551242048
off,1880.0,35.17746438830747,36.34256014075843,0.9507607157932119
off,1881.0,35.17996271264281,36.34085334969909,0.6056006909106272
off,1882.0,35.181210723593274,36.339925416882565,0.6968845695931682
off,1883.0,35.1827786214144,36.33956779136652,0.7852195325960689
off,1884.0,35.18579140655712,36.3393106188744,1.437988179311482
off,1885.0,35.18435408068356,36.340005943133434,0.7755002425738765
off,1886.0,35.18421861796603,36.34057879037988,0.8728806990770482
off,1887.0,35.182817848899056,36.34253070525411,0.7057593596675769
off,1888.0,35.18308714840825,36.34493115706843,0.5126557841860492
off,1889.0,35.186071511573594,36.34526797115837,1.3657378747216633
off,1890.0,35.18718979104229,36.34730085473309,1.1697894831982696
off,1891.0,35.19136440958435,36.34803666856741,0.3270110071265202
off,1892.0,35.19363417030312,36.348519137433726,1.2401693843343207
off,1893.0,35.197193011953644,36.34821014599437,1.403422512548043
off,1894.0,35.19640475756946,36.34812473009127,0.9443255541496456
off,1895.0,35.19660537340868,36.34839749087914,0.9328935999350654
off,1896.0,35.19780461463092,36.348956547595925,1.3615481588892888
off,1897.0,35.19626094665951,36.34929677708898,1.5853541381130878
off,1898.0,35.19542428783052,36.34905768374862,1.2622378700382804
off,1899.0,35.196927673621275,36.34944605347185,1.4630366058131385
off,1900.0,35.19991419417313,36.34810752220653,1.0750707653816391
off,1901.0,35.202128433474755,36.3483585750069,0.9268618420254153
off,1902.0,35.206634012121604,36.348383535493625,0.8064679668708986
off,1903.0,35.20812970852418,36.348379692357916,1.4063918750389948
off,1904.0,35.207496666399244,36.35023839785879,0.7992801808568188
off,1905.0,35.205794926003854,36.35116675570268,0.6427162263664783
off,1906.0,35.2056597220591,36.35039759664953,1.3070430265686461
off,1907.0,35.20200234076457,36.35109789551904,1.3422355879087489
off,1908.0,35.19869122184549,36.35287170678969,0.9857686382994353
off,1909.0,35.195563276734426,36.354401850621464,1.570408421210484
off,1910.0,35.19429736996715,36.35605721472192,1.931853582733564
off,1911.0,35.19494753936174,36.35558248348578,1.0274458514883185
off,1912.0,35.19435324691622,36.35411711739765,1.699330211174127
off,1913.0,35.193581776802986,36.352510055374346,0.8402388520231125
off,1914.0,35.19445078808891,36.35281339753567,1.6667512147407577
off,1915.0,35.1937008715778,36.35355571040273,1.1942675365114632
off,1916.0,35.193971426200065,36.35416599145335,0.9281215177328046
off,1917.0,35.19342321382397,36.35401541173809,0.4921756449363921
off,1918.0,35.19170577159058,36.3553150861206,0.4854373556882855
off,1919.0,35.19055437669274,36.356987006349634,1.0682128271095508
off,1920.0,35.18791761474593,36.35903529964749,0.9269899648690547
off,1921.0,35.18649264685597,36.361451829657064,1.2739445751167797
off,1922.0,35.18539484574783,36.36294717053646,0.8707517997167933
off,1923.0,35.18321143920324,36.36301187761253,1.4536591137177137
off,1924.0,35.181790934067955,36.36280886022258,1.109299869673707
off,1925.0,35.18189160880494,36.36493254730433,0.8024349571485148
off,1926.0,35.1808097392474,36.366856421072356,0.804661767816287
off,1927.0,35.180947348846075,36.368166742522625,0.9586504440186454
off,1928.0,35.17985403685343,36.369824263297104,0.9635153922579982
off,1929.0,35.181172135812275,36.369813086557706,1.2030327478487675
off,1930.0,35.18317136339568,36.37090596890594,1.6234919700225523
off,1931.0,35.18310463349226,36.37299921786313,2.0671931412867206
off,1932.0,35.18382848880403,36.37173335752291,1.5677275580131211
off,1933.0,35.18396218588338,36.37146524040948,0.9890369029178353
off,1934.0,35.18210301928904,36.37016788353893,1.7280552351059897
off,1935.0,35.18228538692648,36.37101757599767,1.6422007350475973
off,1936.0,35.18345752676148,36.37157185096618,1.8518847983239284
off,1937.0,35.18511105771339,36.37129400504313,1.242529314435194
off,1938.0,35.18377099582525,36.370253272046824,1.6293301220095924
off,1939.0,35.18435901472808,36.36888778912122,1.024875021519957
off,1940.0,35.185470310268016,36.36719948153926,1.7335267189938013
off,1941.0,35.18568207792448,36.3660639164998,1.1987955365303717
off,1942.0,35.187750744354794,36.36522218623941,1.5695856118557616
off,1943.0,35.18883665931761,36.36407016418719,1.3892937305375388
off,1944.0,35.18607197112936,36.362726573358316,1.0080969010369998
off,1945.0,35.18581266836474,36.36206799010314,1.46529616170749
off,1946.0,35.18682949232656,36.36326835403625,1.1781619038788183
off,1947.0,35.18709865532478,36.363024575502486,0.8634002139056123
off,1948.0,35.18628662975069,36.363060591064006,0.8146272720539431
off,1949.0,35.18519407923836,36.36417723978155,1.1795222769695854
off,1950.0,35.18816286157544,36.36350865442705,1.1225938202442274
off,1951.0,35.189912194757035,36.36203956581932,1.045761484481161
off,1952.0,35.18723620083233,36.36109009342982,0.4575692402530881
off,1953.0,35.183254611181965,36.360009893800566,1.1242391897732125
off,1954.0,35.17784256317735,36.36063558464445,1.2989458318239855
off,1955.0,35.17341143125662,36.35985971136695,0.6287507475835223
off,1956.0,35.16822968504286,36.359424471029975,0.6460043466365882
off,1957.0,35.16212752892696,36.36063839863413,1.086485227168031
off,1958.0,35.15953021487411,36.36168294370186,1.4066984508718616
off,1959.0,35.15593838693422,36.36139345832879,1.5308740356806596
off,1960.0,35.15260131468552,36.36030256906764,1.5705450224907238
off,1961.0,35.149724800984764,36.36188251226315,1.4267424195470642
off,1962.0,35.14676063391454,36.36415487446323,1.189248444663248
off,1963.0,35.145706913489846,36.36621410729588,0.7681604103431797
off,1964.0,35.14435426633812,36.367281942585976,0.7560933869449126
off,1965.0,35.14047356338919,36.36877709033554,0.8879345153719242
off,1966.0,35.13692494946255,36.368154245094885,1.079975955990955
off,1967.0,35.13545967102334,36.36734236963879,1.3742921491112967
off,1968.0,35.13323890290468,36.36691073794055,0.7220095203743593
off,1969.0,35.13100742687269,36.36722139333186,1.052885353248596
off,1970.0,35.13056203906469,36.36764539658858,0.8652871949468284
off,1971.0,35.130691055206334,36.36718058878115,1.2007541648444342
off,1972.0,35.13356371451826,36.366134633476634,0.9325258319045243
off,1973.0,35.13555994015712,36.36690220825935,0.8605017380199651
off,1974.0,35.138395055168615,36.365538643420884,0.2552911687848896
off,1975.0,35.143075598890874,36.362377863164554,1.1305895389822336
off,1976.0,35.14801149130399,36.358081752939086,1.2771995087612553
off,1977.0,35.1529254427074,36.35428792418286,1.1633231475361323
off,1978.0,35.15680410687432,36.35170998280333,1.0091278149178728
off,1979.0,35.15784173329712,36.34950847027625,0.43912405318603476
off,1980.0,35.15723224379333,36.34974420042506,0.8677326442251136
off,1981.0,35.15623250121708,36.35015505568314,1.3129641468739712
off,1982.0,35.156100872770004,36.35066573805527,0.9530531078655762
off,1983.0,35.15453321146314,36.353017696071745,0.9677746626804947
off,1984.0,35.154469367638725,36.35259325719346,0.7902028582144808
off,1985.0,35.159566518050184,36.351726262427505,1.4622363943317693
off,1986.0,35.16543803025938,36.35006939933179,1.0140787779592506
off,1987.0,35.169143684249306,36.3487135466974,0.7596041798901727
off,1988.0,35.16674303300732,36.349144801971285,0.23411194419898748
off,1989.0,35.16277080036606,36.34894967026568,0.9567268276266383
off,1990.0,35.15922428186999,36.35015118794316,0.9087844303970065
off,1991.0,35.15726428409304,36.35025069311392,1.0752200950266413
off,1992.0,35.15890620123759,36.34996600708327,1.3778819303672936
off,1993.0,35.160664504194905,36.34876671648305,1.396143570264526
off,1994.0,35.159025860447386,36.347874340985044,1.568861528214055
off,1995.0,35.160567333814846,36.34656560613996,0.8803026257538658
off,1996.0,35.16303586046196,36.34472171032367,1.3440253115709162
off,1997.0,35.162510001565245,36.34418240133938,0.3881025507458769
off,1998.0,35.16363179525153,36.34299525751422,0.45867825336695756
off,1999.0,35.16145627620538,36.342593233238745,0.27846721786587686
off,2000.0,35.15941242938148,36.34391776664756,0.6629957224368876
edge,1.0,35.41528794872514,36.15249479507414,9.481399372191657
edge,2.0,35.422439574187756,36.15523425681257,8.50629944501527
edge,3.0,35.43789214817002,36.16130329832378,8.475877206109626
edge,4.0,35.44657680155048,36.1622425637776,8.465854834370234
edge,5.0,35.45426596862682,36.16407074632273,8.349873417929059
edge,6.0,35.4608790914303,36.16571365996474,8.660673287889411
edge,7.0,35.46721669331148,36.16674870880952,10.231642152211784
edge,8.0,35.474114583902754,36.1666473288342,10.112991916036815
edge,9.0,35.481015362931885,36.166552854240315,10.475997439969104
edge,10.0,35.485744091514874,36.166635050909754,9.987833175359064
edge,11.0,35.48553511638132,36.16632976036957,10.5757603283165
edge,12.0,35.48609893036565,36.1665864777319,11.06201758943184
edge,13.0,35.48791738509503,36.16614487571964,10.6205004275491
edge,14.0,35.48965286223269,36.16399711767939,10.445526830139853
edge,15.0,35.49086386839993,36.16299969954803,10.80781114880222
edge,16.0,35.491523062637235,36.16205250715719,11.332084114477682
edge,17.0,35.4906296800328,36.16395161540952,11.194287651060343
edge,18.0,35.48967073663466,36.16575219604136,11.43534786472675
edge,19.0,35.48839091652262,36.16655339649483,11.768489845033788
edge,20.0,35.4867584190868,36.16667905628446,11.24521537815596
edge,21.0,35.485242458080364,36.167122581262404,11.54915972606593
edge,22.0,35.48344917820236,36.16808491615577,11.549869784182345
edge,23.0,35.48213881559801,36.16767309533081,11.789731695527337
edge,24.0,35.480462660205475,36.16698456237501,11.712690786101888
edge,25.0,35.480604655510454,36.16649226234424,11.616352880173693
edge,26.0,35.48093953291659,36.16631520753763,11.907511711073296
edge,27.0,35.477595157900616,36.16631182934608,11.673350632292108
edge,28.0,35.475355244514965,36.16502668295745,11.970404719457465
edge,29.0,35.47377173127405,36.16548756984259,11.778390512286997
edge,30.0,35.47192993807028,36.16636364266919,11.415602305306281
edge,31.0,35.47002408066579,36.165764124005726,10.767955868638637
edge,32.0,35.46877647488425,36.165890197821675,10.04563574974547
edge,33.0,35.46746758898933,36.16735371233664,10.453228496738788
edge,34.0,35.465435121094046,36.167645686701135,10.179179205339143
edge,35.0,35.46417724613254,36.168735808890474,9.637429817237429
edge,36.0,35.46093944548634,36.169892132133185,9.59675933076376
edge,37.0,35.45771990745585,36.170213557751,9.704038678677612
edge,38.0,35.453294971341684,36.170470822661734,9.683284628786124
edge,39.0,35.44951067939154,36.172162429332154,9.295977432145335
edge,40.0,35.44721321488416,36.17403375791325,9.597356056594531
edge,41.0,35.44531740455449,36.17679660033696,9.620151076897079
edge,42.0,35.44534711958314,36.177545628656816,9.598913820664787
edge,43.0,35.444475851135486,36.1792810584915,9.215246197792716
edge,44.0,35.44643028466691,36.179815785325395,9.113691071413442
edge,45.0,35.44904821502456,36.18110088658158,8.879617385662932
edge,46.0,35.450558422912685,36.18272907041006,8.969143276016322
edge,47.0,35.44940084101226,36.18252494698244,9.142736339156933
edge,48.0,35.44781896770337,36.18308998920794,9.02905397583267
edge,49.0,35.447447337285325,36.18423903908138,9.1775728369472
edge,50.0,35.446100964460015,36.18489858484826,8.556933876127912
edge,51.0,35.44474960813628,36.185011518226304,8.10309215168946
edge,52.0,35.4435764820798,36.18418833977121,8.646481995621967
edge,53.0,35.442575667411084,36.18378299883649,8.601421933812146
edge,54.0,35.441953611549074,36.18407137149072,8.491308119314077
edge,55.0,35.4419283441305,36.18305285992735,8.201642573360889
edge,56.0,35.44208864022939,36.18342723601188,7.988733931281767
edge,57.0,35.441971299551916,36.18448755325991,8.268438676382917
edge,58.0,35.44318829835145,36.18363676482478,8.210098241717134
edge,59.0,35.44408164714539,36.18493252728989,8.150739430339488
edge,60.0,35.44376002247681,36.18660000081647,7.968110259814722
edge,61.0,35.44206246685891,36.1873701457653,7.864006559698124
edge,62.0,35.439484957071144,36.18679882381371,7.69081668716661
edge,63.0,35.43770172713543,36.18414046864042,7.6435290756915775
edge,64.0,35.43695282343447,36.18410360850836,7.206252045343833
edge,65.0,35.43752177145313,36.18527827714938,7.141263115359767
edge,66.0,35.4397550866231,36.18456284321136,6.802794889823933
edge,67.0,35.44119028492672,36.183892488969235,6.774821445345362
edge,68.0,35.443710500952236,36.18342306726684,7.352134873410858
edge,69.0,35.44731668583192,36.18451710207745,7.558023530772506
edge,70.0,35.44968502384865,36.18643256485704,7.452055156675774
edge,71.0,35.450603123575526,36.186808470414256,7.279980526792867
edge,72.0,35.45207624572308,36.185357092329404,7.731949269636816
edge,73.0,35.45357116231617,36.185210201695085,7.508260283924944
edge,74.0,35.45322247770813,36.18600175140389,7.779005334666789
edge,75.0,35.45270751646545,36.18705024617279,7.211497539796365
edge,76.0,35.449331733085074,36.18732587971105,6.80971148044441
edge,77.0,35.450058393902566,36.18704861491329,7.2751156170284705
edge,78.0,35.451186526725735,36.18843440175744,7.070419715811145
edge,79.0,35.45116405989016,36.18877240217492,7.117885474866719
edge,80.0,35.45250803057224,36.189389115799315,7.0950790117653035
edge,81.0,35.45402117372672,36.189650971662545,7.670362626393022
edge,82.0,35.45539218560995,36.19037736475801,7.316684132199225
edge,83.0,35.457949575993226,36.19002370919794,7.494033951199145
edge,84.0,35.46435162929946,36.19035669921017,7.126794498096268
edge,85.0,35.466559820426355,36.19165129581794,7.057885135381306
edge,86.0,35.46848320097263,36.19344334193143,7.44140401179593
edge,87.0,35.469891672430876,36.19432680373957,7.728728454325351
edge,88.0,35.46989841492784,36.19580569057849,7.538777116829761
edge,89.0,35.470966912300426,36.19593117733222,7.519034290883037
edge,90.0,35.47129730852853,36.196403184786064,7.586310326583723
edge,91.0,35.47239698720881,36.19654458460731,7.153988280737833
edge,92.0,35.474842810114026,36.19604346690139,7.237589497503045
edge,93.0,35.477560231598595,36.196231292623956,7.244344004938666
edge,94.0,35.48016930595354,36.196255592633094,7.178293199407548
edge,95.0,35.482193829707285,36.19698829523791,7.573845858659187
edge,96.0,35.48244729726507,36.19649849847272,8.239119066544774
edge,97.0,35.4826726897056,36.19589885366253,8.221926357050226
edge,98.0,35.482504579308895,36.196005659751755,7.796667801494529
edge,99.0,35.48746416088185,36.193069019693894,7.872779451144326
edge,100.0,35.49132512744134,36.19354012121271,7.561051797100438
edge,101.0,35.493827901020836,36.193887730585885,7.36946921695788
edge,102.0,35.495098077717614,36.19388156965685,7.276163496869451
edge,103.0,35.49457980828494,36.19480545228838,7.921341841697057
edge,104.0,35.49212214894234,36.19524799085783,7.897270801723009
edge,105.0,35.48896834589653,36.19403204008819,7.309905394953617
edge,106.0,35.484483903017974,36.19355027957555,7.057761210378051
edge,107.0,35.47951403227054,36.19428043516422,7.245877040062188
edge,108.0,35.47725088426761,36.19501107821988,6.890787344592029
edge,109.0,35.48180936419554,36.19463423383634,6.58683990671668
edge,110.0,35.48293730551965,36.19758057177914,6.874801856892835
edge,111.0,35.484298859515214,36.200292185922926,6.81366792145054
edge,112.0,35.48480640484127,36.201462039284934,6.857248747086352
edge,113.0,35.485859953068065,36.202873204929375,8.121995390159503
edge,114.0,35.48679839186101,36.203489160944216,8.567937262473166
edge,115.0,35.48974169831904,36.20462040525229,7.910674888574725
edge,116.0,35.490465521715876,36.20504162077399,8.347616232995733
edge,117.0,35.490935577015115,36.20471382706448,7.875761901477835
edge,118.0,35.49001316046638,36.20496577947679,8.040159060495377
edge,119.0,35.48926317903002,36.203813817440576,8.344535433284447
edge,120.0,35.48880110750962,36.20166062829317,7.985711654570924
edge,121.0,35.48842413468529,36.20047363799003,7.195663048691335
edge,122.0,35.48853595972314,36.19926730570123,7.141869629404731
edge,123.0,35.496983960695786,36.20190347187731,7.24757969731578
edge,124.0,35.49702494374159,36.20196692391669,6.979121905961602
edge,125.0,35.49605690519184,36.20212482641266,7.58993378634797
edge,126.0,35.49647678256024,36.2009075648061,7.28854199483834
edge,127.0,35.49596777672229,36.19966617929197,7.055921790605302
edge,128.0,35.50085732994823,36.19836087802937,7.282971457260704
edge,129.0,35.503566607265704,36.19855191290033,7.153451240083079
edge,130.0,35.50865313649653,36.2008966694312,7.285522851753476
edge,131.0,35.51092234204509,36.20212936821672,8.051684103398179
edge,132.0,35.511814914873824,36.2040365471125,9.04924110525375
edge,133.0,35.51363931483661,36.204930327171766,7.4807511080880875
edge,134.0,35.515724036015335,36.20271180929178,8.146706372459834
edge,135.0,35.51733245760068,36.2027854021614,8.57662228437328
edge,136.0,35.5191948246991,36.20362128252126,8.062816262285779
edge,137.0,35.52075310118272,36.20366537871857,9.123113945422151
edge,138.0,35.523094414715395,36.20130417926169,7.684235903168506
edge,139.0,35.52520870471829,36.20216182397507,8.79011112333952
edge,140.0,35.52682766182661,36.20329984965695,9.278889521674326
edge,141.0,35.52873362333999,36.20416308879769,9.861560813043681
edge,142.0,35.52967037192868,36.20511914649252,9.427309775559007
edge,143.0,35.52084518682565,36.20506181123424,8.544995729425342
edge,144.0,35.522500047360154,36.20483561622526,9.181518340037185
edge,145.0,35.524140622768435,36.20351536534772,9.823472822815805
edge,146.0,35.52449607411035,36.20362435380124,9.476974716983666
edge,147.0,35.52478251088757,36.20369703822882,9.71692637002155
edge,148.0,35.52646132199568,36.20317126940002,10.429660267126716
edge,149.0,35.526819529329835,36.20298065532899,9.890887817267394
edge,150.0,35.53343497015882,36.20201544152401,9.901366682428549
edge,151.0,35.53426823948647,36.20176937941793,10.035971694638251
edge,152.0,35.53583744130496,36.20232694625107,9.5958466884117
edge,153.0,35.540886166367294,36.202090638828494,9.72348642212925
edge,154.0,35.54197939669213,36.203647498372746,10.170964398418853
edge,155.0,35.543394813946264,36.20425238029908,9.765517992430029
edge,156.0,35.5445491811873,36.205653533648,10.092853571634985
edge,157.0,35.5449869242544,36.2057306129927,10.523519487442762
edge,158.0,35.54612211011314,36.206351388623816,9.827002968779036
edge,159.0,35.547314314934,36.20717377128109,11.189210033229468
edge,160.0,35.5487092937069,36.2059979007392,10.64519093232834
edge,161.0,35.55010543518352,36.20487446055984,10.962583856118414
edge,162.0,35.55067747809562,36.20552955224151,11.222600114800635
edge,163.0,35.55167405618128,36.20642629479934,11.306782128255398
edge,164.0,35.55150050310977,36.205535989700444,11.370161121064456
edge,165.0,35.552667009209856,36.203693485793096,11.432851245259066
edge,166.0,35.551804731356185,36.200655221036705,11.667234318674574
edge,167.0,35.55041740315039,36.19900686624101,11.21930215452805
edge,168.0,35.54904614226061,36.198241355674504,11.746767662158613
edge,169.0,35.54827936318517,36.1977659160092,11.474158244078822
edge,170.0,35.5487298670477,36.1959381573018,11.710589664406504
edge,171.0,35.5514545170447,36.19508546602153,11.55782633576731
edge,172.0,35.55300031261881,36.19277530083791,11.512279968724043
edge,173.0,35.55242622376264,36.19183589109532,12.092881897349859
edge,174.0,35.55257086507115,36.190753459473015,12.194403375591396
edge,175.0,35.55347098333608,36.18929961797367,12.278772848710199
edge,176.0,35.5550775188264,36.1881672362293,11.553385132281553
edge,177.0,35.55734262353363,36.18662176330934,11.197037778384399
edge,178.0,35.558114588259,36.18748565734322,11.63411622634796
edge,179.0,35.559065467588184,36.185913151452496,11.581011334231233
edge,180.0,35.55882075604762,36.18396449719872,11.993935325884351
edge,181.0,35.55858059020987,36.18361828770726,12.267937961187723
edge,182.0,35.55794977346214,36.18240822964775,11.8941996921855
edge,183.0,35.55648159219846,36.181538817905135,11.71819062913647
edge,184.0,35.549489517567885,36.181220814092455,10.947439092016317
edge,185.0,35.548155633605624,36.180974399480085,11.61411944858471
edge,186.0,35.54663588231049,36.18004557089258,11.417002949196297
edge,187.0,35.544542938382385,36.178934110384645,11.342584688616729
edge,188.0,35.541889279857706,36.179064114351114,10.754662400446385
edge,189.0,35.544896251002456,36.18126663268301,11.027578258119055
edge,190.0,35.54685395656096,36.18189218041115,10.842981103180598
edge,191.0,35.545662325275316,36.18131129802211,10.364780776005942
edge,192.0,35.542460279670514,36.18028569456056,10.778196163986667
edge,193.0,35.542750096375855,36.1740436503609,11.290271390367337
edge,194.0,35.54105771714202,36.1719704977365,11.211368324609412
edge,195.0,35.53821642818542,36.171702648316874,10.385293910269304
edge,196.0,35.5343565438056,36.17057149222473,9.852966981571313
edge,197.0,35.53045130360724,36.16832397014839,10.360658603421498
edge,198.0,35.524768357724085,36.16761683047934,9.619442167032393
edge,199.0,35.517280610980016,36.16746552873872,9.530858434242319
edge,200.0,35.50806494400187,36.16684861987176,9.454405222099656
edge,201.0,35.499527301262425,36.16721245525863,9.068324797087396
edge,202.0,35.49208578632521,36.166109088327154,8.407067676627229
edge,203.0,35.48503434720753,36.1662312210174,8.51886598135875
edge,204.0,35.479416828481945,36.166673225058375,8.210675544621395
edge,205.0,35.472532488639665,36.16836562283701,8.439990153491728
edge,206.0,35.4655646019187,36.16943745403393,8.087993919123893
edge,207.0,35.45983740192557,36.169079013695075,8.168640311090906
edge,208.0,35.45438118961511,36.168824357448194,8.205616282932851
edge,209.0,35.450269642742775,36.16932969100452,7.922946216556018
edge,210.0,35.447609865110614,36.17017920540273,8.248309708874626
edge,211.0,35.44592667594866,36.17011189456657,7.582275075119123
edge,212.0,35.443327449537996,36.17027322237422,7.5231063232997055
edge,213.0,35.441224421749894,36.16885271976726,7.264251918182342
edge,214.0,35.438535301061215,36.1671772799639,7.682602995362327
edge,215.0,35.43635056986759,36.165618308906865,7.960173262624792
edge,216.0,35.43551618746131,36.164216372851186,7.506001853558525
edge,217.0,35.435966158179085,36.16205876760869,7.354191060700057
edge,218.0,35.436144812704704,36.161740695446,7.162092448058852
edge,219.0,35.43521628631701,36.16095620393186,7.36684300108877
edge,220.0,35.43442862807197,36.16092789292351,7.566239666078696
edge,221.0,35.433687316178684,36.161918153083654,8.268311277429934
edge,222.0,35.43281544704245,36.16365325106375,7.814269448661781
edge,223.0,35.43262600812346,36.16547117318294,7.848068123053801
edge,224.0,35.43258675829924,36.16741277569543,7.5410933294681355
edge,225.0,35.43243161927553,36.16947953439699,7.0574997646626745
edge,226.0,35.4328275214896,36.17139709624819,7.189164763175649
edge,227.0,35.43253684580535,36.172460292711065,6.845316582466267
edge,228.0,35.431627074708366,36.175195380912704,6.979195597391677
edge,229.0,35.43133914066228,36.17764293864871,7.311046968072121
edge,230.0,35.43206947495431,36.1779087392103,6.810553748118113
edge,231.0,35.433002682547844,36.17919618565682,6.47358986799632
edge,232.0,35.43484314125425,36.18062421446459,7.177151655208705
edge,233.0,35.435956185732174,36.180786711136854,6.974572824100575
edge,234.0,35.43700243808138,36.178908550623554,7.080447596010178
edge,235.0,35.43852279038608,36.1776705724981,7.4328608744685996
edge,236.0,35.44159662107766,36.177549255790495,7.018565510871814
edge,237.0,35.44472156069413,36.17804159703707,6.954893649807988
edge,238.0,35.448038072603616,36.178524076374146,6.760008038787285
edge,239.0,35.44957806027361,36.180583091898036,6.581914979071081
edge,240.0,35.45074111120476,36.18091873021997,6.884832124942951
edge,241.0,35.4512782953883,36.18236752641543,7.033777046250291
edge,242.0,35.45118013711972,36.18356721005805,6.869446604734893
edge,243.0,35.45035619816174,36.18419831622646,6.946055592030584
edge,244.0,35.4488978193224,36.18505920075741,7.164658954485738
edge,245.0,35.44753349934713,36.185017565027415,7.010950878416859
edge,246.0,35.44629950212276,36.18707339737115,6.76076350878737
edge,247.0,35.45770836022765,36.1942618469844,6.669827574366415
edge,248.0,35.4606469099634,36.194446019068984,6.534014026772677
edge,249.0,35.46456344172337,36.19533637575661,6.771251480432811
edge,250.0,35.46860687277511,36.196000600905705,6.590504986594736
edge,251.0,35.47191038873527,36.19695699423802,7.023524911809682
edge,252.0,35.47464547580544,36.196537123807126,7.152382333662905
edge,253.0,35.47500295573139,36.19564713270506,7.049636300124494
edge,254.0,35.48124608766172,36.195709276622146,7.192097612384753
edge,255.0,35.48235232540284,36.19592745825095,7.513584275762064
edge,256.0,35.48584717084944,36.19777669262681,6.637942769841112
edge,257.0,35.48675523105752,36.19864695221491,6.4357676601944025
edge,258.0,35.4864937395403,36.19957903101494,6.499352301368921
edge,259.0,35.48540333576508,36.20165677405434,6.71339936898031
edge,260.0,35.4841172480059,36.20160175907965,6.496515179865902
edge,261.0,35.48442124466774,36.200908034948,6.546264137446418
edge,262.0,35.48630908064545,36.201025212607085,6.67847844351285
edge,263.0,35.490291843956,36.2001455590882,6.316977437418007
edge,264.0,35.496007625141814,36.19986004652063,6.425431046255979
edge,265.0,35.5029124894587,36.20029864245095,6.9593135800568495
edge,266.0,35.509517360868806,36.20238528280938,8.172396873953206
edge,267.0,35.515132960742214,36.20344009270351,8.286738502297005
edge,268.0,35.521694208282184,36.204574170002495,9.782765180549593
edge,269.0,35.53416820031724,36.204467873020626,8.857100139855302
edge,270.0,35.541145414587334,36.202859241332284,9.683597511793494
edge,271.0,35.54849072841566,36.20245040766941,9.193219613130937
edge,272.0,35.55452549129841,36.202419164391124,9.486765391392844
edge,273.0,35.56049713145527,36.20237435336824,9.693253258944154
edge,274.0,35.56428194374636,36.203437870117,10.631185117994574
edge,275.0,35.56716587555978,36.20287708437417,10.796711702494115
edge,276.0,35.56868145076386,36.202501609752645,10.527692463380665
edge,277.0,35.57101832872983,36.202217056561814,11.28822450533411
edge,278.0,35.572698992444565,36.20217717221477,10.2903052270295
edge,279.0,35.57469695758114,36.20111250549787,10.820795620990364
edge,280.0,35.576466346805475,36.20013635596519,10.773777708481028
edge,281.0,35.57739928640945,36.2008088056343,10.949389941222908
edge,282.0,35.57862277719256,36.20107128696808,11.071671097910304
edge,283.0,35.57985567280262,36.201258116847676,11.211667540701196
edge,284.0,35.581093587298035,36.20034652268103,11.250357798329599
edge,285.0,35.58022130287972,36.19927666838277,11.761271123426063
edge,286.0,35.57991138959444,36.19895424076609,11.458898308576382
edge,287.0,35.57893701330097,36.19870001900245,11.987977183083078
edge,288.0,35.57931230934942,36.19760102793388,12.018311674927608
edge,289.0,35.57930270967479,36.197186746475886,12.705905204353474
edge,290.0,35.57920807302208,36.196684664266044,13.09120254339215
edge,291.0,35.57957514369147,36.196428675706045,13.318996149604029
edge,292.0,35.573361164364975,36.19070254177281,12.980880027019708
edge,293.0,35.571186196444806,36.19012301182832,12.624059050642602
edge,294.0,35.570326988393774,36.188353019062106,12.376526463627417
edge,295.0,35.56903325311138,36.18665743281282,12.885532098014101
edge,296.0,35.56575361592576,36.186057324258776,12.522682373547052
edge,297.0,35.56225524740123,36.18619005904348,12.680916422899834
edge,298.0,35.559348948150635,36.185402615265055,13.0160853869397
edge,299.0,35.555946802916004,36.183315789027795,12.44927501300478
edge,300.0,35.55435408184175,36.181920923463075,12.253098246701205
edge,301.0,35.5523429225964,36.18054651088459,12.053577969701106
edge,302.0,35.549189545532656,36.17977071819574,12.67772253274098
edge,303.0,35.54482495066481,36.179584293072175,12.855467039688577
edge,304.0,35.54290039213822,36.1778322823614,12.674676794541835
edge,305.0,35.541016362395666,36.17662307560827,12.518182202704205
edge,306.0,35.538506022185146,36.17753525501007,12.181661556315376
edge,307.0,35.53453499621756,36.178090691692375,11.73105884590737
edge,308.0,35.52990145681305,36.177430309167704,11.77777017171351
edge,309.0,35.525415013274895,36.176086337368595,11.607878315508621
edge,310.0,35.52186508504968,36.17513651422331,10.91643018148362
edge,311.0,35.517823420834155,36.17319951199877,10.8054072684717
edge,312.0,35.51233389040742,36.17160478589602,10.4026326416752
edge,313.0,35.50684453430376,36.17038713243363,10.412765800978423
edge,314.0,35.50147507217032,36.16971074200746,9.872772810289796
edge,315.0,35.495930262659236,36.16890013400792,9.578266632138398
edge,316.0,35.48993809113661,36.16769927601138,9.53234824561799
edge,317.0,35.483695617260494,36.16757666139722,9.075110680566983
edge,318.0,35.47749610755573,36.168827138716416,9.007705113639808
edge,319.0,35.472226958194206,36.16889115799127,8.674701777788044
edge,320.0,35.466738642325986,36.16940822634787,8.141099477946664
edge,321.0,35.459807479563494,36.168152415221584,8.089448932031877
edge,322.0,35.453949228573045,36.165796823269545,7.959631284994682
edge,323.0,35.448452720075835,36.163262892592854,7.7679651660854745
edge,324.0,35.443460146580136,36.164312430779596,7.926460531103119
edge,325.0,35.4391870678123,36.16458860096676,7.59652591255006
edge,326.0,35.43528595991431,36.164309121488074,7.136196126673107
edge,327.0,35.432104536730805,36.16363619687255,7.692248133043906
edge,328.0,35.430081874880536,36.16382762025345,7.549956215443724
edge,329.0,35.42797839304285,36.164698404332455,7.737151751951961
edge,330.0,35.42664955920702,36.16547394982606,7.629981024319331
edge,331.0,35.425074564496484,36.16649796999482,7.292370230996847
edge,332.0,35.42329223376286,36.16734174943174,7.53160796150072
edge,333.0,35.42177368512721,36.167291626999386,7.440395264366035
edge,334.0,35.42056067191721,36.1668822275188,6.920375548997438
edge,335.0,35.42069363304198,36.166843756156815,7.220072866571319
edge,336.0,35.42129196234144,36.16759224360494,6.800246716890008
edge,337.0,35.42188713665807,36.16902006811863,7.234545330534138
edge,338.0,35.42256138591073,36.17026909640625,7.5280049666596
edge,339.0,35.423115487270174,36.170662894296456,6.884116531764059
edge,340.0,35.42414506057185,36.17157006049386,7.092139958540454
edge,341.0,35.42573847973427,36.17154907319912,6.895465035805375
edge,342.0,35.42746550649903,36.17154286618912,6.815452989165538
edge,343.0,35.42926583383308,36.17248042823452,6.849369940581302
edge,344.0,35.43068824092447,36.17359482615816,7.074259256044357
edge,345.0,35.432490483808344,36.17393462760576,7.251597881420452
edge,346.0,35.4332678179591,36.17577178454464,6.894616484621398
edge,347.0,35.433600389683676,36.17706563016274,6.937010410475727
edge,348.0,35.43415297678584,36.17628791591519,7.023889501001387
edge,349.0,35.43490586623887,36.175197280068076,6.684085507722611
edge,350.0,35.436146076307104,36.174206652345056,7.002748877478585
edge,351.0,35.43798697821553,36.17443737664741,6.829121163856279
edge,352.0,35.43992173122589,36.17472407490862,6.415849234669638
edge,353.0,35.44190976560368,36.176179612686255,6.51124620511864
edge,354.0,35.44421999474452,36.17689123937728,6.429459825487283
edge,355.0,35.44562948667282,36.17830303720096,6.249856265125865
edge,356.0,35.445944670000586,36.180112407742044,6.527373027358839
edge,357.0,35.44642670711475,36.1825312772613,6.542247799794698
edge,358.0,35.448142489080844,36.182588528443574,6.744984913484187
edge,359.0,35.45319478198537,36.18636594597373,6.292137289368919
edge,360.0,35.4543542605902,36.1882364761708,6.144161840258034
edge,361.0,35.455202055348074,36.190026842131886,6.3890022346973225
edge,362.0,35.454536903835105,36.19328537021952,6.588259104093703
edge,363.0,35.45387312215941,36.19528844411215,6.559447480470638
edge,364.0,35.4540374222395,36.19590738071181,6.873596426973027
edge,365.0,35.456109203166974,36.197317746375404,6.4101056434516845
edge,366.0,35.46046561512702,36.197090095474984,6.662720966260527
edge,367.0,35.465956478289414,36.19804493255236,6.406724304935593
edge,368.0,35.47087241866713,36.200432665886915,6.3729521153513
edge,369.0,35.47454452671335,36.20205189061685,7.103613225861578
edge,370.0,35.475670333349036,36.201949753609846,7.800562923534402
edge,371.0,35.47967352290641,36.20665203292309,7.988250637949896
edge,372.0,35.47886979191876,36.207911874890605,7.9553137535145
edge,373.0,35.480323271934864,36.20870099908174,7.725089951615578
edge,374.0,35.48320442379831,36.209738162590746,7.341722289752765
edge,375.0,35.4875936293862,36.21153976392474,6.994344349024683
edge,376.0,35.492394740221016,36.211561841165604,6.834053760689599
edge,377.0,35.49716371675449,36.21175776231415,7.645645053473261
edge,378.0,35.49960235956021,36.21197209736085,7.725587436359446
edge,379.0,35.50565492628026,36.212608302534996,7.828041723457401
edge,380.0,35.511380293534714,36.21339360519862,8.02265667175466
edge,381.0,35.51828992057908,36.21304544561451,7.939488633883883
edge,382.0,35.52522408257427,36.212233510061246,8.305784011438767
edge,383.0,35.529881110611285,36.21251110406973,9.209114891284486
edge,384.0,35.53330050450006,36.21308254461681,9.55954841698439
edge,385.0,35.5380804845552,36.212630090905726,9.061640067793423
edge,386.0,35.54178228997106,36.21152624441072,8.63575685087447
edge,387.0,35.54647745076721,36.20837918902372,8.380686253713499
edge,388.0,35.54990188040786,36.20840402591021,9.040428344398023
edge,389.0,35.552815633435955,36.20928777154693,8.90840583574045
edge,390.0,35.55527457117193,36.21070152518437,8.896959089850895
edge,391.0,35.557453857711636,36.20963588528713,8.787211169877445
edge,392.0,35.560160486178056,36.207701075127034,8.858083176410952
edge,393.0,35.563309059039675,36.20600876734949,9.450947749733983
edge,394.0,35.56795068814823,36.20440309705234,9.413342314540731
edge,395.0,35.57199075842846,36.20279465658381,10.511639581444705
edge,396.0,35.575449898059695,36.2005168853397,10.171333501886522
edge,397.0,35.57871271306133,36.19794255847415,10.46185258803032
edge,398.0,35.58197837307047,36.19506274393807,10.111676498719811
edge,399.0,35.58408398429399,36.194228534057906,11.16737426918201
edge,400.0,35.58540693180034,36.19421896732824,11.94260974912271
edge,401.0,35.586128926726886,36.19465240245045,11.028671801054397
edge,402.0,35.5803124865319,36.19883150950449,11.518593344576402
edge,403.0,35.58051498667774,36.19772972853331,11.33803383251891
edge,404.0,35.58049903567377,36.196651059349975,11.635744836715297
edge,405.0,35.57973870479796,36.195755413975554,11.492296442957667
edge,406.0,35.57910552935053,36.19346542971277,12.255693764648885
edge,407.0,35.57895536675304,36.19156357537961,12.589406054310919
edge,408.0,35.577896761790385,36.18996546006371,12.013578595392747
edge,409.0,35.57676861034606,36.18905786944208,12.987984954503297
edge,410.0,35.57609441256112,36.188719945313274,12.953335403691216
edge,411.0,35.57595546959313,36.18683504317781,12.6924043545507
edge,412.0,35.574237870125906,36.18562323218499,12.829574806678245
edge,413.0,35.57220204927656,36.18570546165502,12.381489786089396
edge,414.0,35.57074909849221,36.18494630496924,12.334551781968095
edge,415.0,35.57000454040498,36.18534717427274,12.211214250583758
edge,416.0,35.569270109699346,36.185575339159946,11.682252473317707
edge,417.0,35.57254963462642,36.182103185249176,12.055725290680169
edge,418.0,35.566682880560904,36.18293713419735,12.096840268278617
edge,419.0,35.56283796754145,36.183880073791016,12.576521963506888
edge,420.0,35.560935391442214,36.18376811120199,12.07961230440948
edge,421.0,35.56100273637523,36.182938213152795,12.615398628757767
edge,422.0,35.56205296500293,36.181805739956054,12.498369824445373
edge,423.0,35.56281949014041,36.17968557806336,12.517246786154935
edge,424.0,35.562599764062334,36.178750421409575,13.564410775654515
edge,425.0,35.56116697393384,36.177052801891456,12.83360309379714
edge,426.0,35.56015406738115,36.17579211719865,12.850888606932205
edge,427.0,35.55834971081181,36.174849339946455,13.114659923004957
edge,428.0,35.55633816303554,36.17398461147578,12.6954992191258
edge,429.0,35.55710859207324,36.173571810691485,12.292182887318312
edge,430.0,35.549086388233235,36.17103797318726,11.998006002053236
edge,431.0,35.54502994945018,36.17161492892802,12.059171576761957
edge,432.0,35.54179814394545,36.172447346246884,12.041894530254599
edge,433.0,35.53907263280068,36.17277320568794,11.60641189681903
edge,434.0,35.536383599165696,36.17142001155248,11.06272807308086
edge,435.0,35.53339816821078,36.16854004513397,11.38642541896831
edge,436.0,35.5318490103835,36.16710694503377,11.38473203239025
edge,437.0,35.53234104312373,36.166316383019364,11.667848739319755
edge,438.0,35.532775699806145,36.165549482801055,11.563672073768995
edge,439.0,35.5320184531976,36.165970345847704,11.585730742625678
edge,440.0,35.52854610547309,36.16505416233603,11.326923519394331
edge,441.0,35.525540716818085,36.16471210197624,11.363470519398584
edge,442.0,35.52260477545244,36.16295716045896,11.45998703525887
edge,443.0,35.51872281811098,36.16251627983676,10.711317200714397
edge,444.0,35.51405863521982,36.16339212386433,9.847628854082576
edge,445.0,35.50911757912192,36.162239025213964,9.722281548093527
edge,446.0,35.50316810001478,36.161120176449714,9.539074747522944
edge,447.0,35.4977792098754,36.160921064062926,9.001205351253883
edge,448.0,35.49368307259391,36.160418565170446,8.922491876445799
edge,449.0,35.48981002809743,36.159919277698606,9.163197445272456
edge,450.0,35.48549431490472,36.16054882164353,8.474784997231048
edge,451.0,35.48108772490585,36.16083300462534,7.762564326126981
edge,452.0,35.47744890031629,36.16100352865865,8.21810511540684
edge,453.0,35.47294080823289,36.16062899888479,8.287342655121058
edge,454.0,35.467718751552944,36.16016416259724,7.528109153428289
edge,455.0,35.46246005527865,36.16182343656982,7.770154363848216
edge,456.0,35.45714169812995,36.16266461250766,8.007087104252754
edge,457.0,35.45219393929931,36.16270200821345,7.479805148651501
edge,458.0,35.44888292586188,36.162498802529065,7.378861008657465
edge,459.0,35.445449025733346,36.163522944148426,7.2313119064924924
edge,460.0,35.44210972516266,36.163224716157856,7.22289838891291
edge,461.0,35.43911969418191,36.163804682639544,6.984641841010688
edge,462.0,35.43670409873795,36.16319476252719,7.366091313777652
edge,463.0,35.43480735702994,36.164509158493026,6.799429901506581
edge,464.0,35.4318897850131,36.166585771087185,7.390260578103545
edge,465.0,35.42966090491504,36.166970179766516,7.19000935323379
edge,466.0,35.428349079601205,36.16783536325692,6.9898473702039965
edge,467.0,35.42914037086806,36.16802632735847,6.936229868517382
edge,468.0,35.43060199908046,36.16802113837837,6.590528217415779
edge,469.0,35.432041893430046,36.16929361576559,6.761534780032235
edge,470.0,35.433077902231396,36.17053390423837,6.847807202444596
edge,471.0,35.43296339627413,36.17144643731627,6.77765805760701
edge,472.0,35.43339933139616,36.173081579439845,6.659990763282776
edge,473.0,35.43273165238553,36.17493935786475,6.38544854349535
edge,474.0,35.43252471616169,36.17589107266867,6.87169901423251
edge,475.0,35.4331948331681,36.17640470433223,6.752169705989424
edge,476.0,35.43393386530541,36.17582101522446,7.2273111051145
edge,477.0,35.435545464160334,36.17683627533323,6.674204038421729
edge,478.0,35.43660038850774,36.1777020055457,6.408037484235033
edge,479.0,35.43780039484704,36.17930044949518,6.40436565777455
edge,480.0,35.43804872174016,36.18072247816456,6.854475624582506
edge,481.0,35.437789139744154,36.182546431895204,6.542446333882732
edge,482.0,35.43840441733978,36.1838083886461,6.487178115666304
edge,483.0,35.438327955056046,36.18542971538901,6.31339297447911
edge,484.0,35.438541207466535,36.18712453719228,6.193631942352886
edge,485.0,35.43861115838805,36.18839107184846,6.200864469038679
edge,486.0,35.43890668228881,36.18987231534405,6.4240727583009285
edge,487.0,35.4384988330747,36.18966638221076,6.718376420781745
edge,488.0,35.43744807263518,36.190676061061815,6.647729624447251
edge,489.0,35.43717869184252,36.19111860572019,6.277046454021569
edge,490.0,35.43706522714847,36.1927567042902,6.276301711556173
edge,491.0,35.436612748350946,36.193581696289044,6.2930904944613015
edge,492.0,35.43683457555947,36.19493091722031,6.773928450990081
edge,493.0,35.437581443979376,36.19592134628744,6.165608157172587
edge,494.0,35.45232878534448,36.19608701120474,5.854138520410196
