traj_id,time,x1,x2,amoc_strength,label
2,1.0,35.355616714164505,36.16337232108852,8.816068454097426,off
2,2.0,35.36215058584894,36.16183140472226,7.384701853682924,off
2,3.0,35.36809272778709,36.16320085895663,7.041565901458734,off
2,4.0,35.37313622451139,36.16461888097241,6.998436694284575,off
2,5.0,35.380774097094324,36.16663068295035,6.364821169626433,off
2,6.0,35.38740455994465,36.169616807481646,7.431419446236971,off
2,7.0,35.39274599098465,36.17285470476402,7.297229363002261,off
2,8.0,35.39968533304649,36.175879048320056,7.362298381085097,off
2,9.0,35.40516332978592,36.1781865422849,7.104718585515116,off
2,10.0,35.410227493248385,36.1815372064309,7.711408528732303,off
2,11.0,35.416443177101634,36.1855514985378,7.9141124389009185,off
2,12.0,35.42010296622325,36.18820879975789,7.812169992056955,off
2,13.0,35.423434427375476,36.18861050575759,7.998760837090387,off
2,14.0,35.42528945506821,36.19009160185878,7.690899742973266,off
2,15.0,35.42441089584594,36.193021886682416,7.451841328341441,off
2,16.0,35.42250344050292,36.193830276592756,7.014013098901225,off
2,17.0,35.42003942780614,36.19570516324238,7.058225535173899,off
2,18.0,35.41749283856808,36.19759127910489,6.465461380128198,off
2,19.0,35.41394286661776,36.19841557415931,6.582818026884821,off
2,20.0,35.40977099332671,36.19938627136618,5.963486951289175,off
2,21.0,35.4033588867863,36.19929928359324,5.504538602105063,off
2,22.0,35.39597921614365,36.19815792673579,5.708609481408828,off
2,23.0,35.38640014888688,36.199225440268336,5.477668207678883,off
2,24.0,35.37764415719165,36.20094248845391,5.520957303054383,off
2,25.0,35.36910152795405,36.20106775393736,5.061504470611323,off
2,26.0,35.35918035967079,36.20219143970321,4.946426435364334,off
2,27.0,35.34862203464197,36.20350739615096,4.853171434813319,off
2,28.0,35.33690541602874,36.203684470922454,4.421692990663239,off
2,29.0,35.32298294952812,36.20471412855041,3.6762470871080946,off
2,30.0,35.308397124171634,36.20625665364764,4.142865552070187,off
2,31.0,35.29183683670083,36.20685870767492,3.925144968649408,off
2,32.0,35.2763658946647,36.206126057769275,4.051212867837352,off
2,33.0,35.26317739258023,36.206883400429824,3.7494430758559307,off
2,34.0,35.250164626119165,36.209790321372665,3.7664432283335625,off
2,35.0,35.240479470944244,36.212600766369306,3.2907297392177037,off
2,36.0,35.232089833315364,36.21490375148896,3.189254285828988,off
2,37.0,35.22364792238532,36.214606724857184,2.9965513735844,off
2,38.0,35.21733729824109,36.2139235157938,2.7517638949317496,off
2,39.0,35.21328132929512,36.213245724118664,2.4841207145657496,off
2,40.0,35.208052045587216,36.21481763443498,3.0314059792911903,off
2,41.0,35.202866438381925,36.216075928023436,2.6898861939046093,off
2,42.0,35.197593853837496,36.21956295665527,2.612463626403948,off
2,43.0,35.19323735658098,36.22300721906399,2.4651769508122854,off
2,44.0,35.1888667014369,36.225469862736,2.263570087273933,off
2,45.0,35.18363472350676,36.22749508274843,2.712579863637011,off
2,46.0,35.18000364540556,36.22979450332531,1.6361939744027572,off
2,47.0,35.17711558500828,36.23052110944478,1.7675534446041576,off
2,48.0,35.17535591963475,36.231416341052196,1.8399726087235924,off
2,49.0,35.17495887069593,36.2326036077308,2.441405620793235,off
2,50.0,35.175228552606974,36.23317250247047,1.9727664422780091,off
2,51.0,35.1744099079501,36.235758989706696,1.6018228471812024,off
2,52.0,35.17390921201468,36.23816927833229,2.0247893590520905,off
2,53.0,35.173149699052935,36.23959679624689,1.8556319067577658,off
2,54.0,35.17156004423122,36.24141305095133,1.2198439785089548,off
2,55.0,35.16938937318166,36.2441699390883,1.49680306008088,off
2,56.0,35.16706815332771,36.24678309204683,1.6488572443397957,off
2,57.0,35.166318137071414,36.24956559614299,2.043309048935239,off
2,58.0,35.167681440617855,36.25048035235035,1.9857021260899155,off
2,59.0,35.170007255426945,36.2523591547148,1.8376122639018773,off
2,60.0,35.17235959017245,36.25331470757431,2.3086382425134158,off
2,61.0,35.173532580133056,36.256059972134544,1.3852270353456757,off
2,62.0,35.173540033626004,36.25814991912605,2.1106892205080374,off
2,63.0,35.17293480847401,36.25909566038734,1.709807418603223,off
2,64.0,35.17284844137665,36.26013936547485,1.550681156124044,off
2,65.0,35.172434255082884,36.26337268389206,2.5223696955525714,off
2,66.0,35.174198465402725,36.2652660088889,2.2369824749031633,off
2,67.0,35.17458350939234,36.26846290737818,2.01852870314051,off
2,68.0,35.174353234235944,36.26874993612904,1.5326252802828289,off
2,69.0,35.17578428631125,36.26945391644421,2.0023503289875353,off
2,70.0,35.17651537288973,36.271625988559244,1.5148823809858596,off
2,71.0,35.17687634988568,36.27255841442566,1.5613974692454016,off
2,72.0,35.1771993915329,36.27287491457386,1.5081234603273859,off
2,73.0,35.179078789603516,36.27307914387323,1.6215372960214434,off
2,74.0,35.181474557926435,36.27322888141573,2.3311409070060867,off
2,75.0,35.182554037245055,36.27370774280357,1.9699935241735191,off
2,76.0,35.18398231307216,36.27446756640854,2.4360352668118432,off
2,77.0,35.18478466879126,36.27521732582649,2.2382510321596785,off
2,78.0,35.18593501446266,36.27665451499865,1.9672366700573964,off
2,79.0,35.18601354985685,36.27737012470953,1.7017061357693664,off
2,80.0,35.18498408768862,36.27829498750996,1.682060137437197,off
2,81.0,35.18400447170951,36.27969226165136,2.4809047730701623,off
2,82.0,35.182694526239175,36.28104452382425,2.191472122494611,off
2,83.0,35.181603475366856,36.28225956198881,1.8210805747077161,off
2,84.0,35.18052705723187,36.28336758303428,1.582730420750746,off
2,85.0,35.18017352240648,36.28351652093245,3.1312826848208037,off
2,86.0,35.180061223383284,36.28475887608149,2.197413769225847,off
2,87.0,35.180344185981916,36.28761845220565,1.8630207266223462,off
2,88.0,35.18105172130198,36.28794900214149,2.2577493625080773,off
2,89.0,35.18166763837475,36.28961655639327,2.2060118703498315,off
2,90.0,35.18248307373778,36.29159440170655,1.9944045159173402,off
2,91.0,35.182131434138974,36.29476041728562,2.0404596143992415,off
2,92.0,35.179543021531494,36.29614756593627,2.017968194967215,off
2,93.0,35.17681259724928,36.29657690575239,2.577509160005598,off
2,94.0,35.17385076994332,36.296872664052984,2.258416138951035,off
2,95.0,35.17096784826895,36.29680444600453,1.9029737549529016,off
2,96.0,35.168064021670425,36.297570862434135,1.6348299645687903,off
2,97.0,35.16509267077218,36.29925452080713,1.1610432473460142,off
2,98.0,35.161496401076484,36.3017568341245,1.9835962921980645,off
2,99.0,35.15928235118431,36.3034137351207,2.6121502665681136,off
2,100.0,35.157667686303256,36.30506636774213,2.4078826744222814,off
2,101.0,35.15552948706994,36.306546162982684,2.6653051712238818,off
2,102.0,35.15305086053174,36.30648728824901,2.3294420791577766,off
2,103.0,35.151173090635815,36.30849302652997,1.5787046077358566,off
2,104.0,35.14904283082443,36.30994939977782,2.0674455828705147,off
2,105.0,35.147495175589086,36.310346862220534,1.5784207327191777,off
2,106.0,35.14487412651041,36.31081232702999,1.6688119238206243,off
2,107.0,35.14338557402331,36.31194442320818,1.751110381958176,off
2,108.0,35.14308259913496,36.312439773088805,1.988439728876552,off
2,109.0,35.14366690132696,36.31102531623511,2.1382056952443693,off
2,110.0,35.14544422788886,36.31135030644363,1.8926648249237588,off
2,111.0,35.14660250306104,36.31180490382582,2.0672775265204812,off
2,112.0,35.149281780298665,36.31182784590361,2.16957487443422,off
2,113.0,35.15182004188552,36.31224908211433,2.248488324530463,off
2,114.0,35.15371802139634,36.31460355391424,1.875166553246225,off
2,115.0,35.15325569768673,36.31606441518623,2.012328341549832,off
2,116.0,35.153477311912475,36.31624571193518,1.9720188881738148,off
2,117.0,35.15290003102393,36.31693768412359,2.0024829875533277,off
2,118.0,35.15184224211985,36.31804809488776,1.9573721084328022,off
2,119.0,35.151142589092466,36.320443859597866,1.7991043639267368,off
2,120.0,35.15084417830074,36.31817979950491,1.9663746511486908,off
2,121.0,35.150843541153435,36.316719043237356,2.1560422512872037,off
2,122.0,35.15067914219092,36.317248700079055,1.6696810779776978,off
2,123.0,35.150631391315386,36.31975693826257,1.898674646553411,off
2,124.0,35.14960231016022,36.32085350633517,1.10891633003032,off
2,125.0,35.14866242285662,36.32152368613368,1.1764084922768314,off
2,126.0,35.14786982898857,36.32187627262046,1.2548479813893831,off
2,127.0,35.14706590734224,36.320563642292804,1.6600791072312528,off
2,128.0,35.147895021539945,36.319757214432684,2.0491018110095522,off
2,129.0,35.14927535226619,36.31889111225571,1.9775064330711285,off
2,130.0,35.15128626330824,36.31695219407969,1.6398383551842846,off
2,131.0,35.15112593104209,36.31628144679204,1.4636927259786894,off
2,132.0,35.15052049261124,36.31767768068339,2.0073681503609553,off
2,133.0,35.149438749214816,36.32062853307314,2.2297723557368103,off
2,134.0,35.147577712465065,36.32437489244292,1.5059204189462179,off
2,135.0,35.145281175782316,36.327617419451144,1.6700814721567043,off
2,136.0,35.14337376179163,36.32868955982648,1.9905857647918808,off
2,137.0,35.14362803859955,36.330195584368774,2.228673307436943,off
2,138.0,35.14351097767574,36.329674478128474,2.5570654413508564,off
2,139.0,35.14396923375979,36.33041584015751,1.6730885789450727,off
2,140.0,35.143241997494876,36.32906613780052,2.0617651180058685,off
2,141.0,35.14159000891049,36.327603662787105,1.3152755297195404,off
2,142.0,35.13908832412083,36.32629270535824,2.4370672147576435,off
2,143.0,35.136537708533844,36.326072323848756,1.7521911476378365,off
2,144.0,35.13346912534848,36.32759642683091,2.145690820846828,off
2,145.0,35.131463923955025,36.329542125904815,1.981556235397102,off
2,146.0,35.12866075147851,36.33087574322085,1.2764260305001032,off
2,147.0,35.12469165856214,36.331477637445346,2.0575185269912932,off
2,148.0,35.121717393226106,36.33257716913005,2.0718832759370365,off
2,149.0,35.12001322307982,36.331236227299236,2.1852013465459903,off
2,150.0,35.11924491319399,36.331591125892636,1.4151958875216533,off
2,151.0,35.11810880432208,36.330383648318225,1.6820331459391133,off
2,152.0,35.11661215127036,36.33070188053574,1.629061621100692,off
2,153.0,35.115024239237265,36.33033342547398,1.338845193311051,off
2,154.0,35.11278629990598,36.33269494474496,1.4630975985940888,off
2,155.0,35.110572446947316,36.33588712863522,1.6494680105324027,off
2,156.0,35.108918385272524,36.33836505796074,1.1798876354936598,off
2,157.0,35.107454014931506,36.33785430227739,1.288920689681693,off
2,158.0,35.10629249205315,36.33864263570957,1.6132812265067433,off
2,159.0,35.10622652666132,36.33963816017016,1.4402810220297837,off
2,160.0,35.10619118197309,36.34016222701691,1.4041791473619492,off
2,161.0,35.10613809555729,36.34003205242138,1.0713976386880362,off
2,162.0,35.106844429795046,36.33857878265291,1.291032894921233,off
2,163.0,35.10755535804454,36.33973753873463,1.3155305135277264,off
2,164.0,35.10727997208567,36.340630501505984,1.4266490614360077,off
2,165.0,35.10708097475031,36.33976331485244,1.551948795858682,off
2,166.0,35.10604038926107,36.339754820609485,1.4324958704388833,off
2,167.0,35.10548445760147,36.33903357764202,1.6545237395360872,off
2,168.0,35.103976225207326,36.34152205476929,1.5375544375577102,off
2,169.0,35.101369830844284,36.34448668003879,1.5951483492425136,off
2,170.0,35.098826897559164,36.34718782158408,0.9581156156683637,off
2,171.0,35.09575327969531,36.34667542090808,1.2533067230466834,off
2,172.0,35.09477833771163,36.34553502064476,1.3360964874593322,off
2,173.0,35.09285987339869,36.34708380313557,1.7509172819696128,off
2,174.0,35.091991106678414,36.346147238135714,1.39600972328959,off
2,175.0,35.0896157633128,36.34866731471274,1.4208530320558972,off
2,176.0,35.08967751914678,36.34764135212056,1.5138163934244924,off
2,177.0,35.09160148522477,36.34607515279033,1.2065889612572946,off
2,178.0,35.092999729483736,36.34622971293506,1.0058636198373136,off
2,179.0,35.09572241849588,36.34360683909234,1.187549560319175,off
2,180.0,35.10063270693396,36.33977039198128,1.9099503416011636,off
2,181.0,35.10532420397074,36.338672495988014,1.5027565821263593,off
2,182.0,35.10796856054374,36.33787031435628,1.592074130739507,off
2,183.0,35.10956527914182,36.33978518403171,1.434008955640126,off
2,184.0,35.109211517701084,36.343986069596205,1.6082557997225575,off
2,185.0,35.10759334590257,36.34860654083413,1.6846136903010496,off
2,186.0,35.10537653385525,36.35280744336059,1.471317174227432,off
2,187.0,35.105175532606154,36.354940886156164,2.2470845719258716,off
2,188.0,35.10552132177439,36.357092047560734,1.6363252455133686,off
2,189.0,35.10499665125314,36.35972321836786,1.5657930923165189,off
2,190.0,35.1032399967415,36.35895587401206,1.3617414851580478,off
2,191.0,35.10120164019154,36.35865097652112,1.7792737072958293,off
2,192.0,35.10009117769534,36.35959173247853,1.9033911868460547,off
2,193.0,35.096985440846744,36.361433284327724,1.2092633342255596,off
2,194.0,35.09316683765967,36.36332000838415,1.4488200335934622,off
2,195.0,35.08827970945913,36.36630028233082,1.2450494769313676,off
2,196.0,35.08364930130925,36.36776903168839,1.1307303165539095,off
2,197.0,35.0803740348915,36.36857681865419,1.4629725638992608,off
2,198.0,35.0787472510059,36.36809256685205,1.1876035935582863,off
2,199.0,35.077836550529334,36.36608151977846,1.3865623792996233,off
2,200.0,35.0764812977275,36.36563446670343,1.018217405728421,off
2,201.0,35.07515637945005,36.36561011742323,1.2023517426610797,off
2,202.0,35.07446540234869,36.363935116599116,1.1442583925523717,off
2,203.0,35.07440048523576,36.36226712326015,1.474706400540966,off
2,204.0,35.07618858680862,36.36061606227347,1.518660183523458,off
2,205.0,35.077701824177325,36.36141156287864,1.4233596066716265,off
2,206.0,35.07911523196265,36.36092836044802,2.0866697552885363,off
2,207.0,35.07917816437097,36.360095466480225,1.3539272506440514,off
2,208.0,35.07765981908393,36.3612023648446,1.1521553202501846,off
2,209.0,35.076393547690635,36.361163451733546,1.8540965619397545,off
2,210.0,35.0737314566585,36.36078564263175,1.1243569859759188,off
2,211.0,35.06993283431105,36.36036183593637,1.4446983284135184,off
2,212.0,35.067198209965554,36.359615931436835,1.2558356399742316,off
2,213.0,35.06364655241618,36.3609535321193,1.36407050845455,off
2,214.0,35.06041942836574,36.36005989445965,1.3789720334997426,off
2,215.0,35.05876176335002,36.35678580801028,1.9056996736063354,off
2,216.0,35.05849556804452,36.35564669841755,1.6549704440733948,off
2,217.0,35.0589025954997,36.35400147067391,1.2867842525374114,off
2,218.0,35.058263756149145,36.3551378922649,1.4545124828885267,off
2,219.0,35.05802555473647,36.35576037160114,1.3360019304561317,off
2,220.0,35.05975223672045,36.35477629996583,1.3763832773033653,off
2,221.0,35.061721536013536,36.35414264196855,1.729738202464898,off
2,222.0,35.06397569329183,36.35283240007589,1.336941095149756,off
2,223.0,35.06418606358299,36.35094554066948,1.3193454327755136,off
2,224.0,35.06363158050546,36.35195659415825,1.3992701497733881,off
2,225.0,35.06482570943928,36.35468403246551,1.6216739669899254,off
2,226.0,35.06686573756378,36.356492639688284,1.42577628494355,off
2,227.0,35.06829983415726,36.35864922528205,1.8054239293988243,off
2,228.0,35.0714150077302,36.36069478194528,2.126137932824933,off
2,229.0,35.074143854786044,36.361158859842206,1.6454923973693534,off
2,230.0,35.07708421359911,36.36225865311227,2.0019228490244863,off
2,231.0,35.080534753230374,36.36200037194057,1.5311317127253405,off
2,232.0,35.08290106304019,36.360691777402536,1.603506166387789,off
2,233.0,35.084378414482295,36.36040812988929,2.086300239740314,off
2,234.0,35.08612980306926,36.357786651999554,2.0755238785886876,off
2,235.0,35.08599263566498,36.357962188778984,1.8941387265493093,off
2,236.0,35.085565335494316,36.358706544299494,1.3898301615220845,off
2,237.0,35.083828016225404,36.3593910163826,1.5758710519322983,off
2,238.0,35.08241358601974,36.36116834492701,2.3600444805716383,off
2,239.0,35.080384461749624,36.36218216997236,2.0094868213980353,off
2,240.0,35.078574131050104,36.364025928599986,1.743791402851404,off
2,241.0,35.078094615388814,36.36315893292744,1.6591507970740538,off
2,242.0,35.078663602912854,36.361326145775806,1.7578124755687794,off
2,243.0,35.08116191959763,36.36001022450206,2.0299364098712256,off
2,244.0,35.08343700195455,36.35980484195159,1.882900767084396,off
2,245.0,35.085142282073896,36.3596256872604,1.7918862787413112,off
2,246.0,35.08463425016255,36.35912260983155,1.802298808718981,off
2,247.0,35.08469634928575,36.35846565946248,1.5370814421776764,off
2,248.0,35.085539732550714,36.35838497862804,1.9819142605950548,off
2,249.0,35.08612716415369,36.35821360744705,1.6228887293555154,off
2,250.0,35.086398252844305,36.35783455326707,1.9511296345628364,off
2,251.0,35.08701636539381,36.35820127881287,1.7681743652792237,off
2,252.0,35.087579563032385,36.35835488544975,2.0382545029661574,off
2,253.0,35.08971145950227,36.35924844477277,1.9788631731566642,off
2,254.0,35.09223473835199,36.357872337560934,2.4199068148641896,off
2,255.0,35.09328894463893,36.35901854558905,1.6686206234345788,off
2,256.0,35.09418890211032,36.35920259904946,1.913832313887074,off
2,257.0,35.093133870899756,36.359144994606694,1.678792043092475,off
2,258.0,35.08969255234117,36.35964019450686,1.6143635712987119,off
2,259.0,35.086301613447965,36.36262962060633,1.7566512443702247,off
2,260.0,35.08417395039344,36.36548773337906,1.7457555784917438,off
2,261.0,35.08071271810672,36.36799109340643,2.2708261676110384,off
2,262.0,35.076678300854965,36.366424775506665,1.732368339257441,off
2,263.0,35.07132275447154,36.365690361619706,1.5549525285517185,off
2,264.0,35.066731109164586,36.36602832213086,1.333774498026486,off
2,265.0,35.06316824911102,36.365111780254665,1.7494037976690158,off
2,266.0,35.060351732008904,36.36525712233525,1.3016609434036708,off
2,267.0,35.057559068050665,36.3626599238575,1.7158244729167944,off
2,268.0,35.05345317443365,36.360885512831445,1.204056684290332,off
2,269.0,35.050225042058,36.360264888923524,1.5405251140392457,off
2,270.0,35.047640734287555,36.35959826483872,1.5250633892211531,off
2,271.0,35.04439834180522,36.35877920883364,1.8966261423632667,off
2,272.0,35.0421065416226,36.35752722151625,1.244931504446812,off
2,273.0,35.03921772142123,36.35717711676045,1.16741689824006,off
2,274.0,35.03728548348934,36.35727670680283,2.3780125524800013,off
2,275.0,35.03518874042563,36.358765272289496,1.9177488286760482,off
2,276.0,35.03139736783711,36.36333460033436,1.9321410840952873,off
2,277.0,35.02713279876078,36.36641376418414,1.222671969857167,off
2,278.0,35.02326496708076,36.36816289687606,1.509391834773725,off
2,279.0,35.02128670589388,36.36821854711791,1.823834737532375,off
2,280.0,35.018721411966276,36.36691331417002,1.1755301678056198,off
2,281.0,35.015022194268106,36.36675138741711,1.6584655860983826,off
2,282.0,35.013230143563035,36.36496218301281,1.0175606025980732,off
2,283.0,35.01167819232422,36.36330524201582,0.8957797789862311,off
2,284.0,35.00925932786004,36.36173612549781,1.2329681908786085,off
2,285.0,35.00948759822285,36.359473674659824,1.991772283484897,off
2,286.0,35.00843025133127,36.359393625597,1.0784003135492122,off
2,287.0,35.00555602652669,36.36080690574954,1.2207706494160337,off
2,288.0,35.002814491858125,36.359878022166136,1.3326134075465048,off
2,289.0,35.00000146582755,36.36013457129022,1.5455860698484036,off
2,290.0,34.99653713438665,36.35984310740007,1.1734367685625373,off
2,291.0,34.995110630728696,36.359961996455844,1.2294648062162303,off
2,292.0,34.99658077153882,36.35906308309291,0.6711894248399699,off
2,293.0,34.999430491899126,36.356874846399265,0.8341134321107281,off
2,294.0,35.002338413977846,36.355316610545714,0.693871636748846,off
2,295.0,35.00575743820216,36.354043036806374,1.1400745096110592,off
2,296.0,35.00714113069257,36.35314860871521,1.1385532777071972,off
2,297.0,35.00784628546385,36.35260496210166,1.353163173047408,off
2,298.0,35.005513351733406,36.35372599267055,1.4764079731358364,off
2,299.0,35.00319992715333,36.355597391818016,1.839517550737165,off
2,300.0,35.00203087349548,36.35471772280761,1.3900086778216525,off
2,301.0,35.00103637085497,36.35301115812328,0.9234547571028167,off
2,302.0,35.00015075555137,36.3512772421922,1.5758524528804894,off
2,303.0,34.999543780269,36.35096657168555,1.5084971634351216,off
2,304.0,35.00044125633482,36.35087293129259,0.9152687638705431,off
2,305.0,35.00331536054114,36.35015792647877,1.4983744359322018,off
2,306.0,35.00687060637574,36.34981121848384,1.1029374211319793,off
2,307.0,35.01054736166884,36.34965139020313,1.748732718064793,off
2,308.0,35.01513385570471,36.349511181707314,2.0063606506355196,off
2,309.0,35.018222134942825,36.34949512395428,1.7263302015564832,off
2,310.0,35.01669928852963,36.3489104403591,1.3999586681539755,off
2,311.0,35.01754936864095,36.34962346780878,1.2785246225059277,off
2,312.0,35.016141817778276,36.3505826930391,1.234012380068151,off
2,313.0,35.01506816567915,36.350350832047724,1.1772755077168964,off
2,314.0,35.01305680239231,36.349591280630634,1.4232126006257482,off
2,315.0,35.012108070166846,36.34898395352228,0.6681548125375905,off
2,316.0,35.008778580746785,36.3488965072108,1.8511570889087459,off
2,317.0,35.00536902260877,36.34991504281535,1.4358070578362092,off
2,318.0,35.00457277358356,36.34833759683116,0.9462452510962429,off
2,319.0,35.001357488941544,36.34806747962582,1.537590599129151,off
2,320.0,34.99990157401238,36.350358073523275,1.8804906217977333,off
2,321.0,35.00060701163411,36.34960111523592,1.3008445794630994,off
2,322.0,35.00095283105372,36.3466111897038,1.1981849327561738,off
2,323.0,35.00320395755414,36.34375566535398,1.5021154107236772,off
2,324.0,35.00801402455518,36.34184206471865,1.1528515967871305,off
2,325.0,35.01314150615574,36.341089565987176,1.2546897693627772,off
2,326.0,35.01241144674947,36.3426526158777,1.8571954005376385,off
2,327.0,35.01257141024213,36.34405505747496,1.220087081547992,off
2,328.0,35.01345032251316,36.34443430377845,1.241575483934549,off
2,329.0,35.012569721335886,36.346585416906194,0.5073644450346568,off
2,330.0,35.010317649348686,36.346985901165205,1.0840885666489786,off
2,331.0,35.00794868966554,36.348668960579914,0.9945584719161371,off
2,332.0,35.00624332869895,36.35116335556413,1.1475211880159621,off
2,333.0,35.00614688354883,36.35231226267894,1.1852610790364317,off
2,334.0,35.00866238891749,36.35015905922926,2.0951706042377998,off
2,335.0,35.00926515317573,36.347430773703984,1.3846459004475808,off
2,336.0,35.01037586027349,36.34532366695547,1.3935103052066458,off
2,337.0,35.01277325566432,36.34435408620629,1.0176047529218981,off
2,338.0,35.01176135004614,36.342387203523586,1.1790027251102326,off
2,339.0,35.01159696954913,36.340220557511564,1.539838870135473,off
2,340.0,35.01305540410396,36.33849948513377,1.0602559917216126,off
2,341.0,35.01988617973353,36.33528697502241,1.0999784548928424,off
2,342.0,35.02561656952538,36.331753961733966,1.3101651546005122,off
2,343.0,35.02887970818311,36.33205609991131,1.8261162558436221,off
2,344.0,35.0330982622365,36.33118709836447,1.3949118711910167,off
2,345.0,35.03655417073731,36.33094027090239,1.2512367890853664,off
2,346.0,35.039913160507815,36.330055366439986,2.041010979597958,off
2,347.0,35.040166088399744,36.327923100742005,1.7651386957922006,off
2,348.0,35.04254110338008,36.326673987148865,1.3388099204034107,off
2,349.0,35.043035810613276,36.32698276997085,2.162679719246952,off
2,350.0,35.0439245278587,36.32789403286209,1.5836881521878463,off
2,351.0,35.048479515315904,36.328250193391156,1.6871687859646842,off
3,1.0,35.39635779412986,36.14323382015271,8.565970500133343,on
3,2.0,35.4042371316507,36.14546266707846,8.807191888700364,on
3,3.0,35.41324143441755,36.14758307259645,8.993292600790998,on
3,4.0,35.421348093149966,36.149384560263414,8.84651726922619,on
3,5.0,35.429716161517746,36.150062047653975,9.16266938070623,on
3,6.0,35.43771973781785,36.152866553868364,9.451267590517055,on
3,7.0,35.44517787016829,36.15639481493988,9.948069272616923,on
3,8.0,35.45503093332879,36.15857015736479,10.635696195213283,on
3,9.0,35.463358116646795,36.159807936364345,10.903001279507013,on
3,10.0,35.469338772201766,36.16140184381424,10.938200178267588,on
3,11.0,35.477277785306256,36.16326494689914,11.634044566675852,on
3,12.0,35.48370620118508,36.164360637834164,11.437398574171027,on
3,13.0,35.49010078844361,36.166358115741396,12.04567258261921,on
3,14.0,35.495627116708896,36.1676972824671,11.878563637451258,on
3,15.0,35.500653431114294,36.167442874352595,12.53747601356395,on
3,16.0,35.50604159774332,36.16858803566355,11.800094151464744,on
3,17.0,35.50892108041068,36.1679682497361,12.513496280467418,on
3,18.0,35.51087810976057,36.1673764533087,12.620913919785538,on
3,19.0,35.512000224431354,36.16724331158157,12.126463012963107,on
3,20.0,35.51225164687153,36.16475556211134,12.42529509399037,on
3,21.0,35.513186073031385,36.16371432264597,12.162828415007182,on
3,22.0,35.513454693595385,36.162510097086134,12.808311448802385,on
3,23.0,35.51187328700856,36.16464264101949,11.658944727346258,on
3,24.0,35.508968050329855,36.16612365751343,12.043033532875377,on
3,25.0,35.50715750727728,36.166903723026714,12.369225543221432,on
3,26.0,35.50492670531143,36.16663616909843,12.018798650765714,on
3,27.0,35.50390092460021,36.16569448161933,11.97875908954796,on
3,28.0,35.50060207407941,36.165384913989165,12.169021225886464,on
3,29.0,35.49726973048679,36.16530502766745,11.885827729443237,on
3,30.0,35.49413840963267,36.1659329354738,11.931189154199714,on
3,31.0,35.49190175945292,36.166552835007884,11.834069187718475,on
3,32.0,35.49152898217355,36.167734563720146,11.748418794501141,on
3,33.0,35.49136846022863,36.168314470301894,11.304056514476198,on
3,34.0,35.492103046103274,36.167583243321694,11.019048703598202,on
3,35.0,35.49108767219453,36.16871948548441,10.497772951734062,on
3,36.0,35.489794546922795,36.16790287535938,10.741150030115204,on
3,37.0,35.48660060247356,36.16596284392105,10.774063536959407,on
3,38.0,35.48347240230391,36.16690108923512,10.198497733313069,on
3,39.0,35.48325222197853,36.16675343983146,10.643006723145174,on
3,40.0,35.481578104546095,36.167291441756674,10.54085254672782,on
3,41.0,35.48077811929839,36.166787985086295,10.405074805784656,on
3,42.0,35.4788913860116,36.16652877248075,10.347007604821563,on
3,43.0,35.475558237828324,36.16632357667453,10.86074048984695,on
3,44.0,35.47515812771351,36.167741673627084,10.253347633705722,on
3,45.0,35.475992802032046,36.16902424292881,10.37663120669081,on
3,46.0,35.4795416304164,36.16888727200851,10.351017995026442,on
3,47.0,35.482030952933115,36.16969414018107,10.026575162433288,on
3,48.0,35.48316033812147,36.17002814907673,11.073046013822907,on
3,49.0,35.48427484517412,36.16950970710311,10.556860763597522,on
3,50.0,35.48340162631129,36.16967773005206,10.90098052553282,on
3,51.0,35.48311831853058,36.170019270741,11.369081657239214,on
3,52.0,35.48496102343495,36.16758668676049,10.956449289946438,on
3,53.0,35.48630694843358,36.164129393792535,11.08719790539535,on
3,54.0,35.48913140760725,36.163050413224255,10.796952849974826,on
3,55.0,35.49019105967393,36.16309847101557,11.01492126764042,on
3,56.0,35.492094678501516,36.16366628572423,11.523920826212972,on
3,57.0,35.49467599978587,36.16330879041896,12.07119526765946,on
3,58.0,35.498177471191084,36.162797717403485,11.184026194510555,on
3,59.0,35.498511559108266,36.16428542917529,11.77605396931685,on
3,60.0,35.499199212378564,36.16473651110074,11.772273640976042,on
3,61.0,35.501328032293884,36.16388448565298,12.39538602644231,on
3,62.0,35.50219996641123,36.16331872498889,11.38187526027506,on
3,63.0,35.502531307191475,36.162810896550894,11.41762836598323,on
3,64.0,35.500824434963874,36.16190503293902,11.50778032541354,on
3,65.0,35.50130957559308,36.162170702093135,12.234907737306933,on
3,66.0,35.50258803881967,36.16362784388411,12.238501787985154,on
3,67.0,35.505407470286144,36.16454721348932,11.936210817865915,on
3,68.0,35.508918687507375,36.16428736299576,12.414293074020836,on
3,69.0,35.51079550597677,36.162189568798745,12.804576566965292,on
3,70.0,35.51334125164311,36.16048262538321,12.036426876216765,on
3,71.0,35.51338377119116,36.158210289451574,12.474907058685368,on
3,72.0,35.51546525167968,36.156980716788894,12.4115552245046,on
3,73.0,35.51900891403033,36.15763416434673,12.623395540881862,on
3,74.0,35.523844609574454,36.157580933351234,13.00710171124391,on
3,75.0,35.52997508274434,36.156006508289884,12.696368152570354,on
3,76.0,35.53346833353252,36.15525326624409,12.37005948716861,on
3,77.0,35.53461421008361,36.156042840681444,13.290394964042127,on
3,78.0,35.534586473148615,36.15513128463219,13.3088442255953,on
3,79.0,35.53469000317486,36.154951610660824,14.963060883185918,on
3,80.0,35.535881397468,36.154736462203694,15.731583400876588,on
3,81.0,35.53913189359553,36.154667648704404,16.538563382301014,on
3,82.0,35.54278639912791,36.154276139457224,15.613451453065924,on
3,83.0,35.546639428459606,36.15293582923901,15.011367840159657,on
3,84.0,35.549658959608315,36.15186726479101,15.539308419170315,on
3,85.0,35.55211877288002,36.15187304483612,16.036268989957865,on
3,86.0,35.555822100430085,36.15077905171691,15.903082145618516,on
3,87.0,35.561374600373135,36.149907413698436,15.615962814933386,on
3,88.0,35.566730927396186,36.1499766630615,16.771521004450506,on
3,89.0,35.57156893783749,36.147787080801216,15.660299292229931,on
3,90.0,35.57351567978181,36.14664679056754,17.0441938705958,on
3,91.0,35.57757705491359,36.14598907407999,17.266642599034228,on
3,92.0,35.58152642625263,36.143129520728635,17.153817655664426,on
3,93.0,35.585745744516906,36.142213107656524,17.348712506798414,on
3,94.0,35.59005702394546,36.13996451285154,17.427144697601673,on
3,95.0,35.59163495860412,36.137401066149394,17.107351843243123,on
3,96.0,35.59497775209063,36.13550227982557,17.67227389418133,on
3,97.0,35.59680458951243,36.13382351756172,16.12744057949996,on
3,98.0,35.59501675933808,36.13210414739137,17.48465676025471,on
3,99.0,35.59236333615532,36.13288827735578,18.03339832985928,on
3,100.0,35.590511838966336,36.134126739784364,18.319597697614675,on
3,101.0,35.58806991626874,36.13398744277839,17.101072064433257,on
3,102.0,35.58465573230702,36.1323151297357,17.16254375911859,on
3,103.0,35.58374810773527,36.130762319866236,17.395766905853808,on
3,104.0,35.58371761938565,36.12976254556797,18.99393040858523,on
3,105.0,35.586088074047375,36.12667577067025,18.97813720298799,on
3,106.0,35.588571563101326,36.12409411543184,18.392455706029686,on
3,107.0,35.588997721779066,36.121898063822684,18.258907036644857,on
3,108.0,35.58978563358463,36.11881753862922,18.435483081837788,on
3,109.0,35.590977990528785,36.11685084921975,17.743405697497828,on
3,110.0,35.59097588696215,36.11574065377307,18.59502358334438,on
3,111.0,35.59022428192121,36.115366234475886,19.564826526323458,on
3,112.0,35.58731155239123,36.11488762591132,18.092190736891748,on
3,113.0,35.58501652516831,36.11509900259621,19.370041831999306,on
3,114.0,35.5857214157058,36.114314060706334,19.596946010848217,on
3,115.0,35.58729330865081,36.110568650500234,19.989308360791092,on
3,116.0,35.58981078587491,36.10762563036591,19.50806609959177,on
3,117.0,35.59174643309467,36.10608057748903,18.826103463730476,on
3,118.0,35.593663159909546,36.103254131455216,18.984900078790382,on
3,119.0,35.595541467959634,36.09861500658781,18.957250340075596,on
3,120.0,35.59693791680485,36.0968365840239,18.68178692371471,on
3,121.0,35.59626766824031,36.09499810392695,18.495638236293615,on
3,122.0,35.595276536821395,36.09313615216191,18.188303963127524,on
3,123.0,35.5928891208533,36.09483656258638,18.66055474476198,on
3,124.0,35.59059368321219,36.095102663136565,18.14104323618242,on
3,125.0,35.58871549081806,36.09409923260497,19.2767389859154,on
3,126.0,35.58930146633771,36.09484484406368,18.777148940261824,on
3,127.0,35.58902346806672,36.09399570762506,18.964926890149002,on
3,128.0,35.588199562519414,36.09316782793264,18.905708601438548,on
3,129.0,35.588097525576956,36.09311283159348,18.563689950278857,on
3,130.0,35.58649403778962,36.09586780273999,19.244691207162084,on
3,131.0,35.587046037967475,36.09508679457948,19.080517838763527,on
3,132.0,35.588759992864574,36.09595319961119,19.92884125037704,on
3,133.0,35.591857161908656,36.093933849830314,19.228904462174707,on
3,134.0,35.593962685196914,36.09201336749811,18.11242428690914,on
3,135.0,35.593364036110174,36.089525687318805,18.59284750631833,on
3,136.0,35.59509266252253,36.09138562138949,17.739829681648814,on
3,137.0,35.596276680750776,36.09100296438723,17.658097555830135,on
3,138.0,35.59722650096092,36.08701927130894,17.53779232414808,on
3,139.0,35.59641315124601,36.08391860607453,16.978796499408794,on
3,140.0,35.5960249937985,36.08203526810159,17.411834577413885,on
3,141.0,35.59490433768252,36.07978971582823,17.201422738756932,on
3,142.0,35.593138066251065,36.07912946686909,18.06099860809436,on
3,143.0,35.59124017831493,36.07801222847111,18.469782029932464,on
3,144.0,35.58893885864575,36.07873630143713,18.320692742080983,on
3,145.0,35.586790334206384,36.077684450008995,20.56559395743522,on
3,146.0,35.58506360046792,36.07627499163567,19.403496899622958,on
3,147.0,35.58286587257683,36.0752216240098,19.748619207906074,on
3,148.0,35.581438821706215,36.07353195068814,19.192454496030926,on
3,149.0,35.580689498908,36.070971662621716,20.58692693088095,on
3,150.0,35.58340909825671,36.06895764023737,19.50351966385112,on
3,151.0,35.58638196646052,36.069437915858465,19.0736053631443,on
3,152.0,35.588651960257394,36.06696927775217,18.522548882750968,on
3,153.0,35.59041223847279,36.06400856324994,18.608465816039903,on
3,154.0,35.59038856299745,36.06180169110277,19.29468006326082,on
3,155.0,35.58964322237705,36.06127591462775,17.745097059134793,on
3,156.0,35.58688966953398,36.06070319567235,19.047030252875267,on
3,157.0,35.58315256395788,36.061155578740156,19.70194771428823,on
3,158.0,35.579520966208406,36.05997369128204,18.36578477990385,on
3,159.0,35.57521515032566,36.06088249885116,17.613180317073976,on
3,160.0,35.57154815490666,36.062648637916055,20.09901034753208,on
3,161.0,35.568192222123294,36.06290157471933,20.902780450232516,on
3,162.0,35.565986512161395,36.065699473115124,20.44820770277115,on
3,163.0,35.56540894250098,36.067897398497315,20.732642666345974,on
3,164.0,35.56609172491078,36.06936923453277,20.612411470079806,on
3,165.0,35.56809880899391,36.07065497723934,21.679949765772136,on
3,166.0,35.5694847090756,36.07001003399144,19.080325313968665,on
3,167.0,35.569527104322745,36.06983151123628,19.8201248725453,on
3,168.0,35.5703940854623,36.069573742814136,18.658583431647365,on
3,169.0,35.57074147539206,36.06903075396781,18.24036574934604,on
3,170.0,35.57131578292494,36.06801655676698,19.479973003874754,on
3,171.0,35.57097863673422,36.06620565805919,19.376101320438266,on
3,172.0,35.57153796056234,36.06590159944931,19.40597126872668,on
3,173.0,35.57290604912825,36.069593353556805,20.7373743711288,on
3,174.0,35.572629140671715,36.06932605035669,19.91420769905478,on
3,175.0,35.57071587189748,36.06928891558548,19.896960786635244,on
3,176.0,35.57030075553347,36.0675304884003,18.935414023147935,on
3,177.0,35.57140806710063,36.06556362774806,16.784174127589438,on
3,178.0,35.5693672609357,36.063447808986,17.409635943156946,on
3,179.0,35.566560271919045,36.063686797903024,18.41734467339067,on
3,180.0,35.56418869012011,36.06578669376936,19.72413987658414,on
3,181.0,35.56253614796815,36.06508231594488,20.840498699413438,on
3,182.0,35.56031707352738,36.064767851520585,20.18503589915354,on
3,183.0,35.55841744504523,36.06341496471076,20.471359169065174,on
3,184.0,35.55747834237891,36.06227315520719,20.97957611216065,on
3,185.0,35.556059650678186,36.05991748142223,19.778091198352378,on
3,186.0,35.55553657770891,36.05798590444543,19.85237556278956,on
3,187.0,35.5550400137644,36.05629072296709,19.217634056871404,on
3,188.0,35.554616052349175,36.05547602560072,17.913838283948017,on
3,189.0,35.55319370531246,36.05178893588583,19.39735603385475,on
3,190.0,35.55175233562178,36.05080393102682,19.07634293623266,on
3,191.0,35.550085342169226,36.05003832483994,18.537953197562295,on
3,192.0,35.548002330807364,36.0508561370976,18.731513616337082,on
3,193.0,35.54717177960741,36.05109181313189,18.35005923457703,on
3,194.0,35.54757486914354,36.05078616866489,19.085207625061244,on
3,195.0,35.546302085312774,36.05230952225014,20.063971377220938,on
3,196.0,35.54530167606257,36.053842363392675,20.623876468695904,on
3,197.0,35.5456040747417,36.0533680252119,19.632247483825083,on
3,198.0,35.54643451215311,36.05334946332036,18.85574070855869,on
3,199.0,35.546463255286,36.05482636883148,17.444640829462934,on
3,200.0,35.544723403322635,36.05540650103444,18.373207361227998,on
3,201.0,35.54212951398706,36.05596327620889,19.131997067943324,on
3,202.0,35.540026591759116,36.056688270966525,19.895696970222858,on
3,203.0,35.53826232061211,36.05637572431232,19.706200667939072,on
3,204.0,35.537003611405375,36.05526307688501,17.096445478993047,on
3,205.0,35.53533875233094,36.05164070029185,18.524358953036568,on
3,206.0,35.53267711921375,36.04981289287843,17.930969993224593,on
3,207.0,35.52919471462789,36.04827816653421,18.065256484979713,on
3,208.0,35.524034916898785,36.04714612043988,16.94864745013283,on
3,209.0,35.51954558675777,36.04528577260814,18.081194125117303,on
3,210.0,35.51591488029842,36.043666466136976,16.63242068506041,on
3,211.0,35.51116639474264,36.04102574250589,16.687994683048462,on
3,212.0,35.50706133802735,36.04042067123715,16.554936940421022,on
3,213.0,35.5040106927581,36.03957292323397,16.19974366741139,on
3,214.0,35.50286816759004,36.03888411319558,16.543289142621283,on
3,215.0,35.50169475478567,36.038620551362015,17.131692539959694,on
3,216.0,35.50221124775842,36.03776039137895,16.771826969382488,on
3,217.0,35.501644619231094,36.03480356666841,17.217559813401515,on
3,218.0,35.50271429566787,36.03205334093828,17.37156189298699,on
3,219.0,35.50404658824217,36.03187010735814,17.686376831737967,on
3,220.0,35.50404665477114,36.029790401448594,16.901966740645467,on
3,221.0,35.50273628573674,36.029863280492386,16.195208156876113,on
3,222.0,35.50054615398012,36.03118098077614,16.726603880424946,on
3,223.0,35.497993242353786,36.030686060264074,16.438396426756782,on
3,224.0,35.49543315826345,36.03002911294295,15.367277210564158,on
3,225.0,35.49343424571813,36.02861538993024,15.684757395658359,on
3,226.0,35.49135210434412,36.03140092632389,15.182506511651702,on
3,227.0,35.490417255985456,36.03306558436939,14.877143159039948,on
3,228.0,35.489254671950846,36.03405789530862,14.459165987581173,on
3,229.0,35.487706216998085,36.0355190661418,14.924527714808153,on
3,230.0,35.486027588452714,36.03710560359295,15.337384427127025,on
3,231.0,35.484350374407,36.038839375810724,15.22190738803696,on
3,232.0,35.4835219007352,36.04008014442921,15.57009023790642,on
3,233.0,35.483142968990784,36.041303639829096,16.59177421833837,on
3,234.0,35.48276611520166,36.039616353140204,15.501401580667835,on
3,235.0,35.48224109739884,36.03930092850399,15.516934493474608,on
3,236.0,35.48181382829298,36.0388362240006,16.274730924149594,on
3,237.0,35.48171495187999,36.03967346406522,15.273257289748695,on
3,238.0,35.48130444796323,36.040851171367095,15.477230825522138,on
3,239.0,35.48175574426781,36.03950564953554,15.177055312155312,on
3,240.0,35.481757350934146,36.03910716812748,15.203044909265138,on
3,241.0,35.480715956623115,36.037011724795256,15.449260817617642,on
3,242.0,35.47921580540023,36.03658197828994,14.469982032049064,on
3,243.0,35.47764489822622,36.0363220823024,14.994978196998371,on
3,244.0,35.47679220896532,36.034628540867814,15.507392407048059,on
3,245.0,35.477237920441624,36.03469248951975,14.566735961855915,on
3,246.0,35.47648198799162,36.03330066566548,14.840348442560572,on
3,247.0,35.4759660382849,36.03181805545526,14.65040147994705,on
3,248.0,35.47401310623461,36.030852749059065,14.980416054382491,on
3,249.0,35.47069687917868,36.03217921121052,13.776266614159494,on
3,250.0,35.46745291486308,36.03413011358093,13.755358709526021,on
3,251.0,35.466065766118064,36.03431514110346,13.740930832092765,on
4,1.0,35.391875271467654,36.145094447705866,8.44662835898269,off
4,2.0,35.398319700896785,36.148094211938826,8.144562602600868,off
4,3.0,35.40343644734002,36.15138138055688,7.938417061167181,off
4,4.0,35.409227728859044,36.1556048733439,7.853229512588245,off
4,5.0,35.415163163749234,36.16040647738995,8.158677166622853,off
4,6.0,35.42307581565346,36.163975128118565,8.98428713446457,off
4,7.0,35.43241027649616,36.16553734289242,10.081123380667943,off
4,8.0,35.443013799273245,36.166698522474285,9.878891717776213,off
4,9.0,35.44949861449524,36.16784613455288,9.647733606110933,off
4,10.0,35.45634238906549,36.16614132671124,9.906523677646128,off
4,11.0,35.461495302729396,36.165014068759845,9.492188038964997,off
4,12.0,35.463035785595196,36.165437894702684,9.055784789390078,off
4,13.0,35.46317120097214,36.16452684394044,10.283215908137734,off
4,14.0,35.46345486687596,36.16385480999465,9.227678301034292,off
4,15.0,35.463582670263406,36.16529193887109,9.914308759464856,off
4,16.0,35.463454934593756,36.168654350179175,10.026972985017316,off
4,17.0,35.46361344146737,36.171105958718044,10.028711018126042,off
4,18.0,35.46409338824267,36.17103963544072,9.804043687978892,off
4,19.0,35.46339241212346,36.170426204449086,9.670890316992649,off
4,20.0,35.46363750414135,36.17097846329572,10.42798609725926,off
4,21.0,35.46571368942049,36.1710410376646,11.0004113087388,off
4,22.0,35.46795320193349,36.171030528107686,10.840589853816958,off
4,23.0,35.46767258850575,36.17188707907248,11.403125065377942,off
4,24.0,35.46666265321483,36.17115141234436,11.179030302786629,off
4,25.0,35.46754669542831,36.168810776742355,10.515576182753932,off
4,26.0,35.46876774565001,36.16934752591467,11.316499136701086,off
4,27.0,35.46757410870806,36.16964791100534,11.00679349546632,off
4,28.0,35.46469580507393,36.16939527346169,11.919192298953677,off
4,29.0,35.460417033325484,36.17075992647309,11.011169718954793,off
4,30.0,35.45661002605084,36.170770758500936,10.793456498853185,off
4,31.0,35.45455632309831,36.16836558557286,10.891868465150377,off
4,32.0,35.45344485064158,36.16766914553974,10.768427835636636,off
4,33.0,35.451151915060244,36.16901584787865,9.748578389622576,off
4,34.0,35.4455786854586,36.1708549257608,8.958048046558067,off
4,35.0,35.440338627136434,36.17252655584411,8.646422966680808,off
4,36.0,35.434728961165106,36.17506043926057,8.174448121670796,off
4,37.0,35.42994295914629,36.17490765958002,8.491884010676632,off
4,38.0,35.42494572785748,36.175211979172744,8.679071434629964,off
4,39.0,35.418889226467286,36.17561173047048,7.566883041762033,off
4,40.0,35.41025651345236,36.17505278898329,7.172709929712559,off
4,41.0,35.40022882139737,36.17617531965078,6.359029731888947,off
4,42.0,35.3879414059801,36.17629305831169,5.7494654187601,off
4,43.0,35.373872251230964,36.17576856503587,5.5974670942721705,off
4,44.0,35.360996600880775,36.17483881635169,5.437381032302476,off
4,45.0,35.3492093620937,36.17592311327822,5.682654596440704,off
4,46.0,35.338461165234435,36.17570761151409,5.5382493855639545,off
4,47.0,35.32893603701356,36.175203195966915,4.790105945662983,off
4,48.0,35.3208558168814,36.17351599857093,4.60805926989051,off
4,49.0,35.3122617610653,36.173823619823125,3.905064246394549,off
4,50.0,35.30412628396217,36.17363748645916,3.7331723230584477,off
4,51.0,35.295519759021644,36.17306478123862,3.4754116656357317,off
4,52.0,35.287512944912805,36.17478285355678,3.100299592323039,off
4,53.0,35.282158098439695,36.176336331311305,3.115839730972877,off
4,54.0,35.27775057201697,36.17744697333306,3.439928296097968,off
4,55.0,35.273863253029084,36.17730978256209,3.033001842248048,off
4,56.0,35.26987802392678,36.178160748993314,3.6515269121719065,off
4,57.0,35.26629379642808,36.179891549845415,3.3159748208622,off
4,58.0,35.26320993086652,36.18261046360419,3.482450263587498,off
4,59.0,35.26134926918957,36.186162388006984,3.5750757307531345,off
4,60.0,35.26030479842009,36.188827675711345,3.2580282672310323,off
4,61.0,35.257277199982724,36.19181636979939,3.23810459066546,off
4,62.0,35.256020184029936,36.19241187079387,3.794358612942398,off
4,63.0,35.25359017117546,36.19240435614503,2.874740320481483,off
4,64.0,35.2516931598532,36.19442000774092,2.7025484828650095,off
4,65.0,35.25052538694841,36.197649028764516,3.070015509382193,off
4,66.0,35.24821681375281,36.20011928136389,2.723868587353585,off
4,67.0,35.24621084863948,36.20066636804935,3.0257936056486123,off
4,68.0,35.24509068256943,36.1995772603497,2.868206554557619,off
4,69.0,35.24417421039569,36.19927064036137,2.348969519300497,off
4,70.0,35.24439563720503,36.19816205256056,3.398635142262392,off
4,71.0,35.245741839461964,36.19688314989428,3.308255755957816,off
4,72.0,35.24711817660088,36.19648945156177,2.460322206608798,off
4,73.0,35.24810683544364,36.19548281219113,2.771758805677365,off
4,74.0,35.248092601151484,36.19655134057002,2.658121340187183,off
4,75.0,35.24746656177793,36.1981025040841,2.9424454341602715,off
4,76.0,35.24682961842439,36.19988962321822,2.877048108759494,off
4,77.0,35.24701379355886,36.20223739151533,2.656936714051626,off
4,78.0,35.24828154752971,36.20523282296435,3.512670317777925,off
4,79.0,35.25113771646743,36.20770805648316,2.9909616912625037,off
4,80.0,35.25199175282308,36.21296839097443,2.9235298004869748,off
4,81.0,35.2531338620072,36.21522100295619,3.1572446421209226,off
4,82.0,35.25416766960347,36.216718121331766,3.1841721270688423,off
4,83.0,35.25529648853354,36.21838736752548,3.0735126768773204,off
4,84.0,35.25501890214222,36.21856323310237,3.1457439241367386,off
4,85.0,35.255134663542016,36.219397721361666,2.9837782714072585,off
4,86.0,35.25597056298089,36.222746403621166,3.3147759288963607,off
4,87.0,35.25475991388291,36.22673677686575,2.99849325828707,off
4,88.0,35.252640991757985,36.228782670905105,3.7093445411440538,off
4,89.0,35.25032023459353,36.23227755708118,3.2174365512272445,off
4,90.0,35.24832790052982,36.23437693218419,2.743597077334913,off
4,91.0,35.24741075359428,36.234082765626226,3.281305120558203,off
4,92.0,35.24658921955719,36.23300479567013,2.8181781220029607,off
4,93.0,35.24592073692108,36.23448483490288,3.294122339105365,off
4,94.0,35.247508291889396,36.23610731306945,3.3559399448439726,off
4,95.0,35.2487529590962,36.23738484538245,3.0846040972433024,off
4,96.0,35.24883838577162,36.23629255264369,3.4881997197455177,off
4,97.0,35.25037725358882,36.23660096644516,3.3534890154927877,off
4,98.0,35.250222364071725,36.23797415236151,3.386764498922754,off
4,99.0,35.24882793729927,36.23900655720794,2.6456279593710024,off
4,100.0,35.24737510344456,36.24057694956863,3.330463690072461,off
4,101.0,35.24573298017214,36.24373560798321,3.049097180658026,off
4,102.0,35.24401307289041,36.24345543033224,3.2994669902960863,off
4,103.0,35.243404132005544,36.24435310887874,2.9765766811448224,off
4,104.0,35.244000799247274,36.24664123580011,3.275115017272528,off
4,105.0,35.24339500142881,36.24987042554865,2.476434720952343,off
4,106.0,35.24231879192597,36.25282217550568,3.205879783534254,off
4,107.0,35.24080619049121,36.25474019373078,3.141156644868639,off
4,108.0,35.23854030502667,36.25802709970103,2.5151409603040698,off
4,109.0,35.23595887625673,36.260232937923355,2.7812103015841556,off
4,110.0,35.23393049254711,36.26005563543893,2.529987575053708,off
4,111.0,35.23353734820323,36.26103167735329,2.7283142421399424,off
4,112.0,35.23388571018386,36.263194575820215,2.8167374140326094,off
4,113.0,35.2347699838845,36.26258700961487,2.5356480933538887,off
4,114.0,35.23567010001379,36.2627490647204,2.598452069388588,off
4,115.0,35.23622392992882,36.26422515383757,2.8334662299155937,off
4,116.0,35.237341053928866,36.263853029468876,2.4376333119165245,off
4,117.0,35.238294567342436,36.265378098384076,2.897618680875183,off
4,118.0,35.23836477732632,36.266595703416954,2.791365121080191,off
4,119.0,35.23849533385951,36.26689365215395,3.3757867748405888,off
4,120.0,35.23986542494975,36.265489827067896,2.7507301030746665,off
4,121.0,35.23946322436567,36.26552109136676,2.904313682983071,off
4,122.0,35.23784008543028,36.266012114655545,2.6615538085487813,off
4,123.0,35.234773963324606,36.26666096368041,2.4538146376239176,off
4,124.0,35.23205023725696,36.26749902550873,2.0425177156474534,off
4,125.0,35.2293668027248,36.26822137800037,2.1463973211973792,off
4,126.0,35.22901329737515,36.26799791281017,2.1946879370194328,off
4,127.0,35.230471250336535,36.26604929352731,2.5630147001825194,off
4,128.0,35.23395643636396,36.26597031682165,2.41915653849814,off
4,129.0,35.23791635053656,36.2653106539325,1.8802802467167465,off
4,130.0,35.24075161809097,36.26675832322701,3.0261158001720334,off
4,131.0,35.24138071876066,36.26867415502022,2.8139081968888133,off
4,132.0,35.240240779645845,36.270456896267525,2.8727110746874462,off
4,133.0,35.2391533424402,36.2734428042639,2.850167743322479,off
4,134.0,35.23818669197926,36.27564552014672,2.0849529893097385,off
4,135.0,35.23569264276053,36.27765432694403,3.0278803661420315,off
4,136.0,35.23136087120303,36.27982153923355,2.353418273052731,off
4,137.0,35.22778050297419,36.282527849647444,1.9990378628468295,off
4,138.0,35.22412717190759,36.28321462074623,1.8815648015878936,off
4,139.0,35.220636932229326,36.28320585660806,1.643588031371415,off
4,140.0,35.218602582592624,36.28058023414852,2.771768647611441,off
4,141.0,35.218700801178755,36.281013629899235,2.322541885943725,off
4,142.0,35.218869829713924,36.282236556609966,2.9489719001713275,off
4,143.0,35.219221790557356,36.283154873911485,2.696317706877519,off
4,144.0,35.219263242647095,36.285490519480035,2.1704005768611117,off
4,145.0,35.21747599911053,36.288064416175935,2.4393204115806055,off
4,146.0,35.21402507186263,36.291184481820466,1.9226060664531075,off
4,147.0,35.21052426377764,36.29516360086411,2.875603611857434,off
4,148.0,35.20654430283606,36.297496509062746,2.334781514757573,off
4,149.0,35.20378216746012,36.29686732621715,2.384765487400894,off
4,150.0,35.20112107277594,36.29553888655788,2.1437496884436973,off
4,151.0,35.198718757127935,36.2965976072342,2.0089487338345022,off
4,152.0,35.19578257647675,36.30038161156294,1.6439236135257393,off
4,153.0,35.19297877130439,36.302170652360246,2.731485124703009,off
4,154.0,35.19137074876871,36.30466442146225,1.7414725601378291,off
4,155.0,35.19059643469183,36.30625060955841,2.4131232313022473,off
4,156.0,35.191210457850055,36.3065581660605,1.9298958663910777,off
4,157.0,35.190552410397046,36.30616657947335,2.056570465822201,off
4,158.0,35.18976053189112,36.30665195966014,2.2900313095493847,off
4,159.0,35.18996096599433,36.30877957264758,2.1398277227594225,off
4,160.0,35.190213273671546,36.31065153552708,2.65477402274362,off
4,161.0,35.18971032128839,36.312053129868595,2.638414280633893,off
4,162.0,35.190236610477186,36.315367290297395,2.326481449247816,off
4,163.0,35.189460709124496,36.317778977751765,2.9272170066710723,off
4,164.0,35.18767632577845,36.31836773461291,2.0396131744086023,off
4,165.0,35.18669757314263,36.31648323636635,2.1572347281786186,off
4,166.0,35.186954056302326,36.31481359910582,2.841622250941697,off
4,167.0,35.18796980979264,36.315005370617605,2.5811065697107027,off
4,168.0,35.18940896035598,36.31369488670028,1.985341203832881,off
4,169.0,35.18860684044046,36.31288114893562,1.7449821132876802,off
4,170.0,35.18721298579439,36.313136961198865,2.4569555832356866,off
4,171.0,35.18520201515147,36.31385636897698,2.399948710525565,off
4,172.0,35.18406067136527,36.315098869590166,2.072192113144926,off
4,173.0,35.18433374232324,36.31685677697653,2.132522887599124,off
4,174.0,35.184167657616314,36.31552699474735,2.0573312817402236,off
4,175.0,35.18319371072489,36.313444213756554,2.516835044373468,off
4,176.0,35.183174095916094,36.313332076666185,2.0690465837230514,off
4,177.0,35.18312576366102,36.31366963286157,2.0099056817855883,off
4,178.0,35.18356906677325,36.31568518922271,2.191503345251973,off
4,179.0,35.18318937105889,36.31762037268045,1.6090013534756826,off
4,180.0,35.181216032432516,36.31968221297919,1.7086748945836912,off
4,181.0,35.17878656192237,36.32013217449086,1.3927669634873852,off
4,182.0,35.17697567568631,36.320694689623934,2.2352443098016708,off
4,183.0,35.174979244436194,36.31804484377788,1.5711194731694893,off
4,184.0,35.17253703856347,36.31797100415304,2.021180465649779,off
4,185.0,35.169532614233106,36.32157478837545,1.621356767724393,off
4,186.0,35.1677320960439,36.325324764034576,2.280670103612348,off
4,187.0,35.16542361630621,36.32701647646617,2.0184222938941825,off
4,188.0,35.16316459989698,36.328048826094644,1.8836509144898317,off
4,189.0,35.16091938315343,36.32843574175216,1.9347916943174792,off
4,190.0,35.15820115885356,36.328775486191276,1.5980025587192666,off
4,191.0,35.156556816679625,36.3295911803614,2.047883273812878,off
4,192.0,35.15496224732162,36.329635748600126,2.4077478395137373,off
4,193.0,35.154872588589875,36.32949667342477,1.7889779328865916,off
4,194.0,35.154814687510175,36.33220075152905,1.674962489935933,off
4,195.0,35.15437362643564,36.33318619169262,2.275250469081164,off
4,196.0,35.15427649358501,36.33318069038883,2.089898687734099,off
4,197.0,35.153886907209575,36.33413311357107,1.612064543178637,off
4,198.0,35.15253253463699,36.33314633562166,2.280151499634129,off
4,199.0,35.1511897418238,36.331745744971684,2.0765035330680464,off
4,200.0,35.14972097588103,36.331896065638084,1.353719191710022,off
4,201.0,35.14536960362575,36.33316366371595,1.48093134091993,off
4,202.0,35.14308649567841,36.33540558858312,1.8749821250011345,off
4,203.0,35.139003313874,36.33587968247508,1.3272019722635409,off
4,204.0,35.136540302509,36.335635872284406,1.6121425459149719,off
4,205.0,35.135525481605605,36.33428459057003,2.082773056510536,off
4,206.0,35.13419517103175,36.33483138987327,1.6459553320598745,off
4,207.0,35.13343701580658,36.334321761103155,2.0489591051745135,off
4,208.0,35.134137068683835,36.333464483296744,1.985546078352832,off
4,209.0,35.13252650356,36.33458160543212,1.8734437521229117,off
4,210.0,35.13139954646776,36.335236297857186,2.1686710886864233,off
4,211.0,35.129129066648325,36.336316833331125,1.5552686614984277,off
4,212.0,35.126194518187255,36.33732166235073,1.6122952705851719,off
4,213.0,35.12286146754879,36.3380964411597,1.221212983183911,off
4,214.0,35.11998532220837,36.337151828200746,1.8291073444462271,off
4,215.0,35.11987772788815,36.33590113891875,1.768714201652923,off
4,216.0,35.12053983609273,36.33246504658589,2.2085749926183023,off
4,217.0,35.12264404646103,36.32933623457316,2.2073561810186564,off
4,218.0,35.12562980516489,36.32773504581155,2.239063096351486,off
4,219.0,35.126735162222516,36.3262681919528,1.5052493039879504,off
4,220.0,35.12656671902053,36.32420507144706,1.8329122775763198,off
4,221.0,35.12547403853957,36.325626959448094,1.9697253080744206,off
4,222.0,35.12405775972293,36.32750552829116,2.3580828970481154,off
4,223.0,35.12419714851081,36.33005238854401,1.8188514464194667,off
4,224.0,35.12446300726872,36.33136376062306,2.210636168751733,off
4,225.0,35.12391989820758,36.333386448549966,2.5181921355655934,off
4,226.0,35.12387636293216,36.331500869403364,1.8130262088572051,off
4,227.0,35.12240239404541,36.33313402714977,2.1787476071290524,off
4,228.0,35.12247490297881,36.33299539896446,1.7865899667010314,off
4,229.0,35.12147724385676,36.33198244296267,1.63495847988363,off
4,230.0,35.11908275286307,36.33252314520784,1.603565439480405,off
4,231.0,35.11713268025091,36.33391999038401,1.8803002255032644,off
4,232.0,35.11578557000656,36.33543733936402,2.037819307021519,off
4,233.0,35.113848005612965,36.33738437407131,1.7755661523535746,off
4,234.0,35.111862259677906,36.33846473178693,1.8662256637139578,off
4,235.0,35.111316352617294,36.33823413869334,2.1111881898117892,off
4,236.0,35.11108247623964,36.338652016984106,1.6341223605132589,off
4,237.0,35.11003906731254,36.34005251571366,1.5676733985499496,off
4,238.0,35.10903944715628,36.34088127351775,1.5164937421812952,off
4,239.0,35.108586239843575,36.33938357953824,1.4836429786078802,off
4,240.0,35.108143158984035,36.33891181755982,0.7717995938892781,off
4,241.0,35.10931262748143,36.339518240935725,0.9831902451642605,off
4,242.0,35.11109912542131,36.33883413422319,1.4035581840635556,off
4,243.0,35.111508887844906,36.33867108289574,1.0853194790226777,off
4,244.0,35.11175354828306,36.33900562534953,1.2290772823040865,off
4,245.0,35.11257721731618,36.338321935446245,1.3942363295667701,off
4,246.0,35.113538763954494,36.34002023735632,1.790806223746919,off
4,247.0,35.113586879120106,36.34223172848555,1.8634525492617837,off
4,248.0,35.11192678688807,36.34202260276445,1.1993431748782155,off
4,249.0,35.11008483843094,36.34318581439194,1.7118619923491987,off
4,250.0,35.106655205144826,36.34484599222546,1.147026253647348,off
4,251.0,35.10230076685672,36.3479623443352,1.1164249197029004,off
5,1.0,35.43848539128558,36.161072039072636,10.188038959334218,on
5,2.0,35.4479107645695,36.162459993131016,10.637703638441602,on
5,3.0,35.45715819480576,36.16468123752692,10.912523000551316,on
5,4.0,35.464664825413465,36.16756834441569,10.61720998813887,on
5,5.0,35.471859687911945,36.16994318691819,10.791577900557499,on
5,6.0,35.47895366018877,36.16969560766342,10.295078029859681,on
5,7.0,35.48508659496536,36.17000523729304,10.37465199579924,on
5,8.0,35.48804778383425,36.170079253129266,10.741053327044739,on
5,9.0,35.4862274103028,36.171171977796156,10.596764255385809,on
5,10.0,35.48653778112031,36.17156356830162,11.496251852342164,on
5,11.0,35.489773736776954,36.1706890069703,11.729585060891948,on
5,12.0,35.49176692706393,36.167365929928756,12.000382257068402,on
5,13.0,35.49381981922165,36.16481865982303,12.248311017904834,on
5,14.0,35.49405693115602,36.16258245430697,11.584973074747921,on
5,15.0,35.49376387608182,36.16420020551455,12.362453418743621,on
5,16.0,35.491909857270706,36.165790562502984,11.803851512394886,on
5,17.0,35.489605835947124,36.166599270920585,12.564549257474948,on
5,18.0,35.48781856477397,36.1666065314047,12.033229709224994,on
5,19.0,35.48652566125994,36.166121655053445,12.120016060938115,on
5,20.0,35.48482400505252,36.164849981531994,12.628555498170353,on
5,21.0,35.48299192557384,36.16240024668499,12.139310741431444,on
5,22.0,35.48019662201925,36.1611293099513,12.21161882877825,on
5,23.0,35.48145354905417,36.160568876467465,12.487087312020702,on
5,24.0,35.48430056865694,36.16110712938836,11.851154038411417,on
5,25.0,35.48660471128863,36.16317263985827,11.975345500354571,on
5,26.0,35.48777533043449,36.16335728309596,11.114598432337248,on
5,27.0,35.48833300577111,36.163146686889995,10.865992197570034,on
5,28.0,35.487183307652096,36.16240424341849,10.813705192252591,on
5,29.0,35.48667440989451,36.1604893686008,11.327700161333091,on
5,30.0,35.489227648340474,36.159716409563885,11.868717240016663,on
5,31.0,35.49281100503358,36.15863737893928,11.578627405796539,on
5,32.0,35.495187948162254,36.159915120145115,11.66249857552263,on
5,33.0,35.499250700427794,36.15977577109209,11.2111865642141,on
5,34.0,35.5014588696231,36.158026005821746,10.700844452153655,on
5,35.0,35.50361762387171,36.157994891301634,10.624960294734265,on
5,36.0,35.50267284091098,36.15872751149265,10.58060029477103,on
5,37.0,35.501686967584284,36.16001871810824,10.56848278277283,on
5,38.0,35.501151974111444,36.160702295935465,11.580482023819869,on
5,39.0,35.49953419086521,36.16026233500762,11.075290163681641,on
5,40.0,35.495952129013155,36.15891869979174,10.963184057319872,on
5,41.0,35.49084131632661,36.1598520138578,11.861190063483473,on
5,42.0,35.487899260843875,36.16092506290962,11.484872986148126,on
5,43.0,35.48735129910597,36.15926960194953,12.089209213096712,on
5,44.0,35.487543957248754,36.159038615299146,11.985391641497248,on
5,45.0,35.48808006818048,36.160043002806255,11.24404457676092,on
5,46.0,35.48945190610884,36.159106558343474,11.733696295658163,on
5,47.0,35.49319532997459,36.15782455950723,11.891534617347983,on
5,48.0,35.49665479693112,36.15692542222759,12.297777080137887,on
5,49.0,35.49907525342883,36.15650743313729,11.530573955113427,on
5,50.0,35.501584882055134,36.15681522816234,11.35281450956301,on
5,51.0,35.50348769690806,36.15728322415305,11.331972195378093,on
5,52.0,35.50601635742648,36.1575809236371,11.494390642188208,on
5,53.0,35.51002889717305,36.157682512819974,12.148332675711856,on
5,54.0,35.515948576262,36.15755736606045,12.130061958274986,on
5,55.0,35.52076706048731,36.15690812460707,12.603043716580993,on
5,56.0,35.525832400110566,36.15716432222341,13.041008397443584,on
5,57.0,35.530177125555106,36.157623252242736,13.371602150970745,on
5,58.0,35.53519430475718,36.15535819726626,13.66183792790834,on
5,59.0,35.53833951748342,36.15227324607308,13.54880769807923,on
5,60.0,35.541475967397396,36.15157298897827,14.204476682565744,on
5,61.0,35.54126649763965,36.15167246762293,13.474822233797932,on
5,62.0,35.53889995311961,36.151540521978866,14.173001552652238,on
5,63.0,35.5369729033168,36.151440874347074,15.406047575870494,on
5,64.0,35.53507054593227,36.15081751219829,14.799124235142562,on
5,65.0,35.53509255479611,36.14883842020931,15.280057521350052,on
5,66.0,35.536902570449925,36.14803334456169,14.721046259070562,on
5,67.0,35.53969360515024,36.14793138005289,15.127614961985916,on
5,68.0,35.54514083470595,36.147688108549325,14.843938755573602,on
5,69.0,35.55187871391677,36.145180041812274,15.112766198982625,on
5,70.0,35.5562712986423,36.14327914175392,15.023826535266249,on
5,71.0,35.5590416149318,36.14156544322595,14.942040623338777,on
5,72.0,35.560332217314446,36.14038321278867,15.459825469950827,on
5,73.0,35.56067587857435,36.14243501071096,15.020427685792283,on
5,74.0,35.56086327424429,36.14400391979135,15.635974616807795,on
5,75.0,35.561300467534416,36.14450815349273,15.309128979953067,on
5,76.0,35.561071524243324,36.145045518619646,14.83989039042688,on
5,77.0,35.56059410453324,36.14487613411207,15.742371780336656,on
5,78.0,35.559377763207664,36.145032136573,15.135554332566464,on
5,79.0,35.55597904486509,36.14307431064711,15.01195240568169,on
5,80.0,35.555212940695846,36.14092168251804,15.465184715499653,on
5,81.0,35.55625001895716,36.13880668265577,15.398035774914653,on
5,82.0,35.558991417471844,36.13908867459042,15.518339102881857,on
5,83.0,35.561512923931616,36.136990059730294,15.986949606853099,on
5,84.0,35.5650836049139,36.13489396206014,16.393210283013183,on
5,85.0,35.56816723300935,36.13317844729392,16.281367087897628,on
5,86.0,35.572156971723416,36.130997731569636,16.402142878886444,on
5,87.0,35.5750366665589,36.12772619785467,16.448284278812153,on
5,88.0,35.575910717015276,36.126131151344666,16.407351066216975,on
5,89.0,35.57667470873881,36.12473731885611,16.442177567564553,on
5,90.0,35.57913701705209,36.12304889876272,16.097974926236066,on
5,91.0,35.5799608582043,36.12318353357239,15.108075867391268,on
5,92.0,35.58003655450254,36.121105853878646,14.853468234082559,on
5,93.0,35.57953695213036,36.119603176768145,15.70389328142231,on
5,94.0,35.57672894555166,36.1202041204182,15.474215118994167,on
5,95.0,35.57349732510935,36.120069299101296,15.739459586981884,on
5,96.0,35.57115476211467,36.11926375479654,16.482310901691463,on
5,97.0,35.5699779619477,36.118809584318846,16.299432572591456,on
5,98.0,35.56850849526908,36.117529658894334,15.672981348107696,on
5,99.0,35.568785943208844,36.11736971580077,16.215329300838775,on
5,100.0,35.56977928742864,36.114879669489646,15.639037149243553,on
5,101.0,35.570812617762456,36.11249264072755,16.827827553418565,on
5,102.0,35.57424873572901,36.11210714940875,16.336864005523374,on
5,103.0,35.57806633787586,36.11299914358653,16.022853149194425,on
5,104.0,35.58246097141176,36.110530344613665,15.909228938043366,on
5,105.0,35.582989713321304,36.10799896219232,16.198514796966187,on
5,106.0,35.58483002261232,36.10664394446572,15.81069095286012,on
5,107.0,35.5866597140586,36.10671294471877,16.28970522311797,on
5,108.0,35.587256075248895,36.106384618384865,17.52945586608911,on
5,109.0,35.58713030036934,36.10499588028773,18.824426139967088,on
5,110.0,35.588905213183175,36.10255911306772,20.732407409396323,on
5,111.0,35.59079618962831,36.0997608637173,18.375341965394114,on
5,112.0,35.594408800723706,36.09641457164941,18.598164150791362,on
5,113.0,35.59639906536835,36.092301237772084,16.96471269474055,on
5,114.0,35.594618129170854,36.091354533188806,17.166213723176135,on
5,115.0,35.59337701225961,36.08891907915048,18.127587765064433,on
5,116.0,35.59200540763022,36.08904055244091,18.50184908027198,on
5,117.0,35.59097240379189,36.088594197782285,17.750273966259336,on
5,118.0,35.58863613984626,36.08780412818945,18.642981659481006,on
5,119.0,35.58773781992376,36.087269074694916,19.21818594727189,on
5,120.0,35.58616734746594,36.08764436112406,19.10767022350897,on
5,121.0,35.58451899527176,36.08788670298109,19.017474713174025,on
5,122.0,35.58169347459658,36.089196416863366,18.066696563281138,on
5,123.0,35.581477683002774,36.0885059037385,17.949804248011443,on
5,124.0,35.58089689778949,36.08777969528366,17.344963889547486,on
5,125.0,35.58143314425587,36.08652108426014,17.33669495903124,on
5,126.0,35.58041521525703,36.08548692505913,17.760335201772214,on
5,127.0,35.577879479370004,36.08592480269549,20.691472522874353,on
5,128.0,35.577186713361826,36.08301389960244,19.877076549608933,on
5,129.0,35.576527317918895,36.08190597214552,16.94708645851457,on
5,130.0,35.57481618427438,36.080006527821155,16.472761497401873,on
5,131.0,35.570929048806306,36.08017955213919,16.729266758655292,on
5,132.0,35.568483173424475,36.08074400953418,16.604823910259334,on
5,133.0,35.5664093354002,36.079538332375044,16.47984085031438,on
5,134.0,35.565348117453674,36.07836397441594,17.813126276997686,on
5,135.0,35.56550636990214,36.07650600155534,16.951468366242292,on
5,136.0,35.56496871580416,36.07703296731167,17.935955621447924,on
5,137.0,35.56476235045964,36.07788185505013,15.585091436362251,on
5,138.0,35.56321772699457,36.07655380299072,16.49021415217164,on
5,139.0,35.55974536614291,36.07584660894402,17.007813857257595,on
5,140.0,35.55597298880589,36.07556433065515,17.979008456998088,on
5,141.0,35.55540139999188,36.075750948875715,16.915644881411335,on
5,142.0,35.55617814588737,36.07479477570927,17.30887798154221,on
5,143.0,35.556956265919865,36.07274463119889,17.17489914642941,on
5,144.0,35.55810685714637,36.071665922053405,16.90943078310893,on
5,145.0,35.560987304766066,36.06886332931651,18.455153500701364,on
5,146.0,35.56388884073876,36.06666008522099,17.416857922770635,on
5,147.0,35.56593568570869,36.06581181645331,18.651257704677896,on
5,148.0,35.566981275975195,36.063876462693116,17.868083922399006,on
5,149.0,35.56626037322629,36.06298763618982,17.524889278653777,on
5,150.0,35.564090189358055,36.06182041473487,18.26937227178898,on
5,151.0,35.56129735828421,36.06081626629936,17.970175164296883,on
5,152.0,35.55794379898628,36.06256034728487,18.166391013529385,on
5,153.0,35.55523191385705,36.061793554792175,17.864143298111717,on
5,154.0,35.55324810591371,36.06183355608402,16.69310514809413,on
5,155.0,35.55124299129889,36.06055155953071,15.752373203863812,on
5,156.0,35.54867647903207,36.05996372163938,17.19903408995509,on
5,157.0,35.543956814773274,36.058898818414725,18.588011383120985,on
5,158.0,35.54106579629117,36.058565336891526,17.998153125181368,on
5,159.0,35.53729888632735,36.058596556727004,18.736522540548364,on
5,160.0,35.534778247513785,36.05890560831372,16.714005340038355,on
5,161.0,35.53228584228261,36.06031535944465,18.184394349657744,on
5,162.0,35.53186748942823,36.06042899437437,17.410914181327243,on
5,163.0,35.53128603171852,36.06028611471078,17.78660193015883,on
5,164.0,35.53032297863165,36.05962659198727,18.597914280272732,on
5,165.0,35.52917931010263,36.06004721823442,19.07546240394574,on
5,166.0,35.5277422946179,36.062643645114086,16.36762520320672,on
5,167.0,35.525572837791145,36.06391133882292,17.06694711286861,on
5,168.0,35.52243698996448,36.065913189872354,17.902596107312203,on
5,169.0,35.52083951946258,36.06695825191851,17.61962992141771,on
5,170.0,35.52021928547778,36.067893114172854,16.502908312354645,on
5,171.0,35.51911369312373,36.06702030659673,15.50171056425756,on
5,172.0,35.51692351612758,36.06857804285284,17.05910254328672,on
5,173.0,35.51270849858023,36.070194236966174,18.275945366386694,on
5,174.0,35.50905037271812,36.07056290643038,18.061016852020465,on
5,175.0,35.506119547510146,36.069669032327575,16.226773298094663,on
5,176.0,35.50404926406231,36.0693723533136,17.59384081342919,on
5,177.0,35.50246862446439,36.06959723962345,16.864836816640437,on
5,178.0,35.500044690872095,36.06940997650576,18.46982681259978,on
5,179.0,35.499834825750725,36.06922809041611,17.31849422047435,on
5,180.0,35.50171149881754,36.06820184829993,17.92875507204129,on
5,181.0,35.501942159019194,36.067858825463645,17.68385039452817,on
5,182.0,35.50152368422292,36.06711804216607,16.86708470580099,on
5,183.0,35.50003839539461,36.06522250213928,15.860996776279562,on
5,184.0,35.4984672510441,36.063761678011,17.247137098489887,on
5,185.0,35.4982080208684,36.0621775859325,15.739691171718519,on
5,186.0,35.496077772976165,36.060921621533964,16.312384933659217,on
5,187.0,35.49439436305196,36.06107839395959,15.925725708423911,on
5,188.0,35.49356604569022,36.06286145620857,16.341487690128872,on
5,189.0,35.49233433936055,36.06483247525186,15.364085780656243,on
5,190.0,35.49121099230147,36.065096607375295,15.416545969190494,on
5,191.0,35.48976304445649,36.06287906091213,15.548706539869064,on
5,192.0,35.48714353239329,36.05994599054766,16.102417062623626,on
5,193.0,35.48607089171073,36.0571701291831,15.717321834698971,on
5,194.0,35.48512754813836,36.053622405143095,16.569054849144038,on
5,195.0,35.48483634219521,36.050749224825154,16.265969656014313,on
5,196.0,35.48464213215463,36.04924295503333,16.631754731250254,on
5,197.0,35.48415515710489,36.048875123780405,17.01972649938171,on
5,198.0,35.48573951733897,36.04823350911877,16.056599844805564,on
5,199.0,35.488242442579,36.04906503027765,15.538463824158196,on
5,200.0,35.4897364882997,36.04856707469641,15.48920786205661,on
5,201.0,35.490925360002635,36.04968314764609,15.470375377198042,on
6,1.0,35.437298482457514,36.161534611936645,10.275245441842173,off
6,2.0,35.445242556822784,36.162025953067,9.593741594860216,off
6,3.0,35.451374145950176,36.16346042035201,10.039471917573223,off
6,4.0,35.45709357195545,36.163858875833654,9.358456340321098,off
6,5.0,35.462574356699704,36.16355426253353,10.359942706043558,off
6,6.0,35.46927565958173,36.163598729109005,11.828957143818254,off
6,7.0,35.4769443725887,36.16310039870646,10.866348889962676,off
6,8.0,35.48344016834918,36.16319091763267,10.150000278359137,off
6,9.0,35.4848427705376,36.16148774062278,11.018857932369333,off
6,10.0,35.48566009738056,36.16160943656138,11.446755340035548,off
6,11.0,35.48606155203731,36.16160137204668,11.029040490797833,off
6,12.0,35.48753911978875,36.160628211563754,10.936370918994209,off
6,13.0,35.48790725334761,36.16118011681979,11.28866875399548,off
6,14.0,35.48898894695251,36.16152314723887,11.568262739217754,off
6,15.0,35.4874957872241,36.16370288027993,11.340102919855788,off
6,16.0,35.487432049909685,36.16571372388167,11.295888002414289,off
6,17.0,35.48717575324178,36.16650768090255,11.014914036908513,off
6,18.0,35.48569825556743,36.16675164933658,11.392151726948816,off
6,19.0,35.483959265697415,36.168123900694304,11.11268973619826,off
6,20.0,35.48207411158945,36.17132010048757,11.2888796389479,off
6,21.0,35.48128590881358,36.17294648838383,11.207390474166793,off
6,22.0,35.480728535856784,36.172840031037076,11.729190596370469,off
6,23.0,35.479755320496075,36.17241516592673,11.069693557933768,off
6,24.0,35.47757852703852,36.17152329997946,10.980050640083952,off
6,25.0,35.472969683190584,36.171271997333456,11.407048358700477,off
6,26.0,35.46724053706685,36.16992745551918,11.25606873563287,off
6,27.0,35.46266429068364,36.16861850496037,10.726039299094682,off
6,28.0,35.45835595084712,36.16724579259372,10.608448496592448,off
6,29.0,35.4557466539413,36.16536328974163,9.76655528981304,off
6,30.0,35.45326135123962,36.16506564777432,10.404809765306124,off
6,31.0,35.45220989697929,36.16538305423778,9.696779133524583,off
6,32.0,35.45433995259651,36.16535319621234,9.260354205798201,off
6,33.0,35.45321930815212,36.1662490475303,9.182494327697807,off
6,34.0,35.452125011461874,36.16659196505074,8.54787858339238,off
6,35.0,35.450423782508125,36.16845665679746,8.306667306778062,off
6,36.0,35.44621607293939,36.17357624950373,7.575671653826534,off
6,37.0,35.441971642735055,36.17468541194513,7.8120627091663195,off
6,38.0,35.43786301487946,36.17438796600144,6.774439909488653,off
6,39.0,35.433039781121735,36.17482826088084,6.600248223706712,off
6,40.0,35.42852419925528,36.175484393018365,6.5028430223909,off
6,41.0,35.42064643648866,36.175305327347694,6.745495981285727,off
6,42.0,35.41208788364266,36.174308616860706,6.93057492159544,off
6,43.0,35.40351972397344,36.17418062735531,6.759732533610653,off
6,44.0,35.3943449735506,36.17493085919914,5.9386729131391185,off
6,45.0,35.38529264225387,36.175951339008854,5.777177127950169,off
6,46.0,35.37726551128557,36.17564543907283,5.063737529246509,off
6,47.0,35.37172476690161,36.17679142273248,4.892314318142717,off
6,48.0,35.366819801553994,36.176535992751376,5.43804244913267,off
6,49.0,35.36275301487329,36.17845394036952,4.522188301944608,off
6,50.0,35.358343939210684,36.18098889622715,4.9839329150324545,off
6,51.0,35.35395073158824,36.18260508288677,4.958942531075776,off
6,52.0,35.34686570735996,36.183878231929874,4.3429369929060755,off
6,53.0,35.33928101625496,36.1842814315751,4.4115404248901005,off
6,54.0,35.33303289898525,36.18510334380505,4.638697820778215,off
6,55.0,35.32631340662562,36.186540651201625,4.283776077657281,off
6,56.0,35.32121575153634,36.189434998299596,3.625223712031576,off
6,57.0,35.316062193009486,36.188743429281274,3.312268160534282,off
6,58.0,35.310659435275674,36.187336325027566,3.21195416980017,off
6,59.0,35.30363118287164,36.18714331726153,3.364477633690076,off
6,60.0,35.295627531089636,36.18713603936607,3.23197425526706,off
6,61.0,35.286679172544865,36.18662134404044,3.178345938604674,off
6,62.0,35.27828951770196,36.188628238155246,3.2731868378010205,off
6,63.0,35.27102333003507,36.19376013781589,3.5317079960820057,off
6,64.0,35.264330090087846,36.197987220609264,2.7882058712692306,off
6,65.0,35.2592539856465,36.19904907902013,2.136745009556886,off
6,66.0,35.25571873850634,36.20040676340513,2.9697760776172637,off
6,67.0,35.2544118776896,36.2010944114135,2.8942363157763,off
6,68.0,35.25514281903852,36.200667992457916,2.9532613776826593,off
6,69.0,35.25693583458866,36.201942109213235,3.6978456793557655,off
6,70.0,35.25765231726322,36.2040414339965,3.0971754562725855,off
6,71.0,35.25852709160585,36.20617180071355,2.9835708604216675,off
6,72.0,35.25833883688319,36.21017461811041,2.8817807849939197,off
6,73.0,35.25732120710193,36.21444427175872,2.870201826036782,off
6,74.0,35.25691688201771,36.21609990327129,3.130310829163987,off
6,75.0,35.25668796741895,36.21726987480955,3.4838456235570554,off
6,76.0,35.25652111773045,36.21876395573119,3.443414615908538,off
6,77.0,35.25701049829538,36.21974292655743,2.7003570444721845,off
6,78.0,35.25636511786744,36.22177500737975,2.723174266083984,off
6,79.0,35.25517994210412,36.22167627454178,2.6059283877491435,off
6,80.0,35.2533266300696,36.22175758644261,3.3997108363226243,off
6,81.0,35.253403150039446,36.2227570449126,2.7322804486764674,off
6,82.0,35.253968216125195,36.222629082123134,2.4819230516040838,off
6,83.0,35.25405619788323,36.22272244592706,2.4450112529368786,off
6,84.0,35.255478172019984,36.22304057596936,2.4626354506669768,off
6,85.0,35.25555005122944,36.222723118351524,3.193162375977881,off
6,86.0,35.25677615453206,36.223854726047826,3.3011331417671896,off
6,87.0,35.25824933615094,36.22486071785891,3.0410227075254026,off
6,88.0,35.258039395618,36.22753818761155,3.0961316706195907,off
6,89.0,35.256649599375734,36.22764965422184,3.0818541329975266,off
6,90.0,35.25535468841288,36.22858808263351,2.8653476601595065,off
6,91.0,35.25281567769207,36.229019713173585,2.561166871826864,off
6,92.0,35.251054697083404,36.23165353790304,2.5159797666372095,off
6,93.0,35.24998755360859,36.23294279296909,2.818032515921554,off
6,94.0,35.25080773177373,36.23503252514476,2.8666304607141107,off
6,95.0,35.25152443175801,36.2359192924055,3.264481208319984,off
6,96.0,35.25280922877829,36.23864359160656,2.974496862955961,off
6,97.0,35.25576298958697,36.240024081886865,2.819255118099324,off
6,98.0,35.25641400194987,36.24017744850065,3.406011591488337,off
6,99.0,35.256263288521666,36.2422290764831,2.5852667664476634,off
6,100.0,35.25653057996466,36.24424380959281,2.613072425318059,off
6,101.0,35.256825409148014,36.24451520486127,3.013040032384245,off
6,102.0,35.25729899423479,36.24328589028493,3.010643237635465,off
6,103.0,35.25865439281981,36.24339541543152,2.9198112004833305,off
6,104.0,35.261243150410536,36.24149786973174,2.843678671807661,off
6,105.0,35.26282198308721,36.241125119442934,2.7276047412219944,off
6,106.0,35.26287741004079,36.24290453034166,2.946325496209173,off
6,107.0,35.263036352898865,36.24459367189058,2.6572761780610947,off
6,108.0,35.261624392779396,36.245707620480445,2.582284922660852,off
6,109.0,35.2603978326374,36.24625617537907,2.563948202201482,off
6,110.0,35.25972086822461,36.250051762439725,3.3559490714316698,off
6,111.0,35.25748916230428,36.251449832698206,3.0114628633678646,off
6,112.0,35.25513711650341,36.251379611532066,2.417641299596234,off
6,113.0,35.253769929121276,36.25200941343114,2.8046073698017553,off
6,114.0,35.25257886590405,36.25494935139715,2.591355924440448,off
6,115.0,35.25081963598955,36.25634088908774,2.6315573374435903,off
6,116.0,35.24897513268415,36.25746932675898,3.0466080061304726,off
6,117.0,35.24650884571322,36.25760633644679,2.2138459136432735,off
6,118.0,35.24567440005171,36.25606831364246,2.5754364419027844,off
6,119.0,35.24462655504599,36.25809283012226,3.121952351528056,off
6,120.0,35.24313448476596,36.260489892342584,2.7761446527543763,off
6,121.0,35.2428510130143,36.261292763126185,2.7803236536605604,off
6,122.0,35.243630328301684,36.2621481515693,3.027182549185503,off
6,123.0,35.24489732889709,36.26320801081669,2.4691190671302268,off
6,124.0,35.24616428580231,36.26485913081932,2.7404574744786823,off
6,125.0,35.24764848270987,36.26641425907299,3.189722946796211,off
6,126.0,35.24894303563906,36.26655341123722,2.587298389894938,off
6,127.0,35.249328671240825,36.26834650853842,2.49856906932087,off
6,128.0,35.24821241248575,36.27111109126852,2.652725522717586,off
6,129.0,35.24553574385972,36.27265114153532,2.932198170732959,off
6,130.0,35.243359308195885,36.27509238271509,2.652811798349619,off
6,131.0,35.241460179100805,36.27705173471278,2.703266944569844,off
6,132.0,35.239709745458434,36.275953663122166,2.223241347613002,off
6,133.0,35.23806622310967,36.27639291746409,2.272128001148481,off
6,134.0,35.235314854604034,36.27585105922184,2.5376667690105537,off
6,135.0,35.23392261613377,36.27384999618949,2.42305703630323,off
6,136.0,35.23131450554193,36.27056964323768,2.637861146551505,off
6,137.0,35.22961623501809,36.26715479968016,2.3098519920237086,off
6,138.0,35.228739079484086,36.26727795331463,2.7750249853427293,off
6,139.0,35.22711552695963,36.26716395667531,1.9944699985611214,off
6,140.0,35.22521809102792,36.26793578032215,2.0626409750898675,off
6,141.0,35.221749202502515,36.26915021508432,2.484922725363721,off
6,142.0,35.21818165023878,36.27121649129051,2.512124320553104,off
6,143.0,35.21562451417768,36.27114422445875,2.4937397368769165,off
6,144.0,35.213226098374555,36.27176635238663,2.609328145407144,off
6,145.0,35.21053155167147,36.271961525537655,2.189082526336515,off
6,146.0,35.20867429479215,36.27258444445427,2.310680074571516,off
6,147.0,35.20817402530704,36.27217225393923,2.7337753537328684,off
6,148.0,35.208804737431215,36.270791919414044,2.46737818895326,off
6,149.0,35.20996673100225,36.270666168543286,2.9581822889437204,off
6,150.0,35.21141304196611,36.26947527944038,2.6320556096629426,off
6,151.0,35.21131571502636,36.26957524022245,3.493030850605116,off
6,152.0,35.210983586274835,36.27163958404183,2.9883494966787754,off
6,153.0,35.210937463372105,36.27409139507986,2.4460528554620735,off
6,154.0,35.20962338651319,36.275241949644666,2.1392181304466744,off
6,155.0,35.208451661312075,36.27761439992972,2.0833919760327135,off
6,156.0,35.205746407744805,36.280299895714656,1.928505283381345,off
6,157.0,35.204020908135384,36.28302724201966,2.0219698625275986,off
6,158.0,35.20322281047892,36.28448969329145,2.866974078039861,off
6,159.0,35.20336955942604,36.28608448388151,2.520071605325832,off
6,160.0,35.20336480709259,36.28701912924691,2.3637550061973958,off
6,161.0,35.20118468155435,36.288149099484286,2.9518170396878656,off
6,162.0,35.19873746945549,36.288551941460916,2.320719017915927,off
6,163.0,35.19572285040206,36.289648579991784,2.4582869671789016,off
6,164.0,35.19170656858388,36.29106929299394,2.357112409780248,off
6,165.0,35.187841995826055,36.29132891590926,2.50981239001798,off
6,166.0,35.18573551732136,36.291775388465,2.522891757083891,off
6,167.0,35.18312283397078,36.29060112003096,1.890082332216361,off
6,168.0,35.180875125922206,36.29096788240564,2.3774361556502144,off
6,169.0,35.17806303242856,36.29411900771775,2.11143315235473,off
6,170.0,35.17525031504165,36.29493728922325,2.134035784726132,off
6,171.0,35.17469726970739,36.29412141105786,2.1351069931427817,off
6,172.0,35.1737790425007,36.295301922636284,2.8218509425235823,off
6,173.0,35.17075371406828,36.29701669236428,2.5835093833456124,off
6,174.0,35.169435093021164,36.2998808389283,3.1092164369370425,off
6,175.0,35.169478179593874,36.30203997969591,2.5266504755996317,off
6,176.0,35.169236170960374,36.30367989422326,2.082463827159555,off
6,177.0,35.16867909878235,36.302908475676006,2.76185392310056,off
6,178.0,35.16737999747204,36.303653397482,2.3467756608354673,off
6,179.0,35.16641201988951,36.30562023431935,1.7419999701942652,off
6,180.0,35.16708563361913,36.30635936072378,2.845642488994149,off
6,181.0,35.16644244551538,36.306318130462834,2.252737836182476,off
6,182.0,35.16488880800254,36.30736027653393,2.392917429268153,off
6,183.0,35.164162076109115,36.30915864605058,2.2402760484531217,off
6,184.0,35.164351479724225,36.30927634717578,2.379161382435301,off
6,185.0,35.162860380917465,36.310205436335885,2.291128659491301,off
6,186.0,35.16096359777615,36.3097743827742,2.909347916099666,off
6,187.0,35.15691909333857,36.30826151381946,2.703556809602843,off
6,188.0,35.151762334670096,36.30872903725342,2.003906106698314,off
6,189.0,35.147524766618695,36.307751168270585,2.268989858880177,off
6,190.0,35.1428426876764,36.308360612373754,1.8695058860656548,off
6,191.0,35.14000280651239,36.306695956638215,2.1367593346197085,off
6,192.0,35.1364634131902,36.307377103018275,2.849601363612411,off
6,193.0,35.134257693949635,36.30843019121765,2.4396556265768625,off
6,194.0,35.13202309691643,36.31008333289243,2.3416621730407883,off
6,195.0,35.1313491316366,36.311142163665984,2.1146119519334463,off
6,196.0,35.13067559815082,36.31209641882679,2.425842476358656,off
6,197.0,35.1306703133849,36.31069508667154,2.911697144637451,off
6,198.0,35.129673109339784,36.31183916732979,2.2278873086422077,off
6,199.0,35.13011446513802,36.314202183863515,2.197409251990573,off
6,200.0,35.13201557292611,36.314251577254325,2.3268964191407324,off
6,201.0,35.13244473579284,36.31535324120869,2.4012629273688537,off
7,1.0,35.47700814822729,36.16700305241283,10.831529018076383,on
7,2.0,35.47478495701673,36.16591005509722,10.307755200073906,on
7,3.0,35.473295814358565,36.16689453805721,10.748812474597507,on
7,4.0,35.47201180087924,36.167485040538445,10.69076602352862,on
7,5.0,35.47175800744745,36.165949153495625,9.445756359404635,on
7,6.0,35.471404896053464,36.16528248357319,9.789791119864407,on
7,7.0,35.47141555936223,36.16492690969635,9.795023699385709,on
7,8.0,35.468499058150904,36.16513887289589,9.623123931033003,on
7,9.0,35.46617210557354,36.16558793946925,9.036774755984688,on
7,10.0,35.46145547052426,36.1673851216114,8.717521381117797,on
7,11.0,35.456761926080965,36.168249533640406,9.805745805482124,on
7,12.0,35.45136549990689,36.167988023540694,9.257911917432022,on
7,13.0,35.44689168053399,36.1703866834432,8.710448123113537,on
7,14.0,35.444300489509786,36.172036063817,9.082158143870988,on
7,15.0,35.441819196821335,36.175379806598926,8.913948261909304,on
7,16.0,35.442359434737,36.175644105997435,9.102902913777868,on
7,17.0,35.4416268230303,36.17772726955313,9.521373655738,on
7,18.0,35.44230319961206,36.17839540806975,9.742114599086504,on
7,19.0,35.44612642778595,36.179424325638266,8.865346836856695,on
7,20.0,35.448874507732526,36.18166582512644,9.291214657409363,on
7,21.0,35.45214673083924,36.181459830261495,9.653910811603161,on
7,22.0,35.45466146379439,36.182972906180716,9.272004415594722,on
7,23.0,35.456705115305326,36.18330283646601,8.307352505201559,on
7,24.0,35.4586961342009,36.18396254272705,8.727986452072278,on
7,25.0,35.460568227717026,36.18514564005216,9.455688090205474,on
7,26.0,35.4624743738417,36.186173440502316,9.737803958925717,on
7,27.0,35.465874623994765,36.187050236951535,10.387194337891138,on
7,28.0,35.468203335604414,36.18596794791037,9.652797987578747,on
7,29.0,35.469893189339004,36.18498134175361,10.061821390787447,on
7,30.0,35.472166085608734,36.184854010652145,10.762564760863079,on
7,31.0,35.476223256775285,36.185472839083936,10.121770470070114,on
7,32.0,35.48077167637288,36.18523782497224,10.39223813697302,on
7,33.0,35.485425082983866,36.18301454227542,10.881801857420049,on
7,34.0,35.49140058730936,36.18285890080677,10.984081700061395,on
7,35.0,35.49532355459954,36.183704423778174,10.073131340376301,on
7,36.0,35.49819442310811,36.183530523978504,10.159205225974338,on
7,37.0,35.50025396746145,36.1828780285591,10.906673128964105,on
7,38.0,35.501769827788344,36.18280884891912,11.064027380757746,on
7,39.0,35.50397504976107,36.18092594458121,12.056174255137531,on
7,40.0,35.50994841263625,36.17922990289752,13.048411890468369,on
7,41.0,35.51525908637359,36.17923848962902,13.143846498595837,on
7,42.0,35.5176536188406,36.179529509691854,14.401192072494936,on
7,43.0,35.52162535296838,36.17836216894034,14.632221230470826,on
7,44.0,35.52659844631005,36.17748062887764,15.028951616718224,on
7,45.0,35.53123184253658,36.1754899478093,14.96868462853259,on
7,46.0,35.535067859232534,36.17430607291079,15.61449380678479,on
7,47.0,35.53986062361434,36.172375684142494,14.774749215583704,on
7,48.0,35.543109799765176,36.16877864604341,14.142931667202935,on
7,49.0,35.54276537739178,36.16533963271521,16.018370547318305,on
7,50.0,35.54323144389325,36.16460045172941,15.272461004803448,on
7,51.0,35.543388618292305,36.165310740712464,15.769513012925444,on
7,52.0,35.54441494158108,36.16506077916445,15.77436123325902,on
7,53.0,35.54558140288935,36.16450392728424,16.118385914111506,on
7,54.0,35.54844640480238,36.163535518916966,16.62886888044251,on
7,55.0,35.55121910515284,36.16335896943863,16.20949126713803,on
7,56.0,35.55414302470209,36.160275215934234,16.360333791512726,on
7,57.0,35.556556093303506,36.159867026083674,16.57008617079513,on
7,58.0,35.561066823296144,36.15863554463071,15.849077836042998,on
7,59.0,35.56583479701809,36.15773915409726,16.617385455043838,on
7,60.0,35.57077593126898,36.157110782750415,16.592151323879023,on
7,61.0,35.57405736521477,36.15691766992895,15.886021867006521,on
7,62.0,35.5764699703497,36.15572619129839,16.187549776170947,on
7,63.0,35.57672292723294,36.15547304889882,16.129195707224653,on
7,64.0,35.575138831894996,36.15477854195775,15.696651981213687,on
7,65.0,35.57472465482685,36.15391968921187,15.570738257301056,on
7,66.0,35.575619670127715,36.15239467682902,16.287556482504495,on
7,67.0,35.577447570916746,36.14888998139433,16.70263087379447,on
7,68.0,35.57915458137212,36.146829723050374,15.855509716386614,on
7,69.0,35.58091303194403,36.14472595988714,15.728272798090305,on
7,70.0,35.58031146499279,36.142507565281406,15.355099244023865,on
7,71.0,35.58000190423169,36.14035035193472,15.53564488700216,on
7,72.0,35.57696821097929,36.13872901019648,16.577630627202858,on
7,73.0,35.57407592515928,36.13808279743411,16.32104756429124,on
7,74.0,35.57155848282413,36.137779401401396,16.81595620906476,on
7,75.0,35.570865508581306,36.1364204870838,17.426124810325717,on
7,76.0,35.569642198242555,36.13597353324684,17.75180759297946,on
7,77.0,35.56881735993029,36.134048642630496,17.895021122995338,on
7,78.0,35.56858948906384,36.132406594477146,19.10730171082098,on
7,79.0,35.57128102153736,36.13076964986958,18.576807151859665,on
7,80.0,35.57406304266919,36.12703519765792,16.808060522897087,on
7,81.0,35.5753822997764,36.123766471975316,16.44845963389498,on
7,82.0,35.57325691965281,36.1226569676679,16.232358955266378,on
7,83.0,35.570503729232094,36.12266260837307,16.740585388340325,on
7,84.0,35.56879079208621,36.12229769814404,15.552053145093819,on
7,85.0,35.566538727508835,36.12143620071063,16.699896159687057,on
7,86.0,35.566665357939236,36.11964533945238,17.12888225706903,on
7,87.0,35.568213741195,36.118738728824724,16.305037892740884,on
7,88.0,35.56721363014099,36.117574002932365,17.047925649143608,on
7,89.0,35.5663784555457,36.1162203331077,16.79731611430765,on
7,90.0,35.56663121048104,36.114567910823084,16.89904178586972,on
7,91.0,35.56647707103252,36.1160596574646,16.876018632816617,on
7,92.0,35.56643381545461,36.116907825483715,15.681202546259744,on
7,93.0,35.566957377098575,36.11835771591562,15.982658844271246,on
7,94.0,35.56852177653866,36.11839031630228,16.381878045125863,on
7,95.0,35.57130806389056,36.117122157636636,16.216806394376903,on
7,96.0,35.57333583426233,36.11684671401542,16.71785988097617,on
7,97.0,35.57578616450023,36.11639429077674,16.273172550165434,on
7,98.0,35.577125879097174,36.11399930382995,15.50581705430254,on
7,99.0,35.57844629958748,36.11291966469707,15.869019412714525,on
7,100.0,35.57907599772262,36.11077605697158,16.17519817330561,on
7,101.0,35.580152049169435,36.10718873846788,15.370230360610535,on
7,102.0,35.57917755285411,36.1056271826009,15.349728523452635,on
7,103.0,35.57990046705775,36.10452054911959,16.18678096103958,on
7,104.0,35.58137713277497,36.10193047562136,16.25749630744184,on
7,105.0,35.581658683000335,36.09982527771657,17.106227413377447,on
7,106.0,35.58019517783151,36.097667820103155,17.320812209974633,on
7,107.0,35.58181438679297,36.095047633129354,16.661812865997504,on
7,108.0,35.581481729335835,36.09400516314727,17.179731591168107,on
7,109.0,35.579780537007046,36.094235064196454,17.512982060223234,on
7,110.0,35.579822504905536,36.09386424848076,17.592625007256856,on
7,111.0,35.57863165784458,36.09330472117413,18.027908185826206,on
7,112.0,35.578554243121275,36.0936179736231,17.853331242803186,on
7,113.0,35.5774968268938,36.09236062026772,18.072578013704835,on
7,114.0,35.579647187085385,36.091165373807016,17.844586448786373,on
7,115.0,35.580792633334646,36.08825236738798,18.025275664045118,on
7,116.0,35.58183731691178,36.08714162374081,17.53483883846653,on
7,117.0,35.58132335666826,36.08662246284481,17.97146938233259,on
7,118.0,35.57939761526278,36.0867706238618,18.036046594609232,on
7,119.0,35.577992420077344,36.088050666853654,16.905555199926376,on
7,120.0,35.57562065684476,36.08426483110704,18.318017322206448,on
7,121.0,35.574619047605445,36.082380406776956,19.42825824105035,on
7,122.0,35.57486930592506,36.0811625189396,18.122924613971477,on
7,123.0,35.57491556590505,36.08073787586958,18.98038830531415,on
7,124.0,35.57436294529722,36.08290103839729,18.47673787282513,on
7,125.0,35.57287795275098,36.082981705799966,18.280490958035863,on
7,126.0,35.57069005408161,36.080556402655844,18.1466088698472,on
7,127.0,35.56825892288339,36.077478125332206,18.29709705676519,on
7,128.0,35.56559589278243,36.07640912347356,18.435266281406037,on
7,129.0,35.5628548786456,36.07653237997946,20.767584968301726,on
7,130.0,35.56070317660688,36.07725133528787,20.490638379528434,on
7,131.0,35.55745869640393,36.07707775429226,17.838623192351307,on
7,132.0,35.554891949106526,36.07490302377848,17.964226919257044,on
7,133.0,35.55209502906026,36.07316438761297,18.22254293822546,on
7,134.0,35.54970995443556,36.07223564959646,17.722777228670175,on
7,135.0,35.54886457622821,36.070531441691145,16.999864844450542,on
7,136.0,35.54636161837981,36.0684287714915,17.774135096155767,on
7,137.0,35.54459101876106,36.065265896875275,17.820685089044577,on
7,138.0,35.543342133053365,36.062635685384954,17.017516267425627,on
7,139.0,35.54344628201686,36.05815421452218,18.975359408452682,on
7,140.0,35.54243808739805,36.056805158230574,19.103649199496957,on
7,141.0,35.541561619227934,36.05675830648801,18.554001128389494,on
7,142.0,35.540541874865276,36.05693706330597,18.347332088484244,on
7,143.0,35.539904749960186,36.05704733362366,18.941737686003847,on
7,144.0,35.54098860362742,36.056283871700515,18.4718542042162,on
7,145.0,35.542540742733856,36.05532313637588,17.50035921393588,on
7,146.0,35.54370444369196,36.05516367351649,17.909844199403572,on
7,147.0,35.544707537910796,36.05709863782363,17.39697278079675,on
7,148.0,35.542848028452276,36.05735672574178,17.635733855483863,on
7,149.0,35.540499239248135,36.056500154027866,17.07111852143676,on
7,150.0,35.53842459188659,36.056346784262395,17.339424909923167,on
7,151.0,35.53715936326121,36.05568058262727,17.39592470332621,on
7,152.0,35.53612383608206,36.05461193492001,18.494028535933747,on
7,153.0,35.53568997538459,36.05404079333804,17.339455291592607,on
7,154.0,35.53451670173106,36.0532695708566,18.12256875723553,on
7,155.0,35.534528804390895,36.050701319320915,17.230618068714584,on
7,156.0,35.53358221156379,36.049779415561005,17.53507984313355,on
7,157.0,35.53147934518926,36.05053735008851,18.49416240938268,on
7,158.0,35.53036956271576,36.050261089336054,18.167079770864778,on
7,159.0,35.528524627335244,36.05206603411023,18.29703754766595,on
7,160.0,35.527423742295106,36.051443618450875,19.259407651687873,on
7,161.0,35.526779708473974,36.050535532359014,17.177449152430018,on
7,162.0,35.52710196352844,36.04799288540374,17.27588768345843,on
7,163.0,35.52639469895266,36.04568589808816,17.472531129984684,on
7,164.0,35.52465559000414,36.04496540876897,16.409425510121565,on
7,165.0,35.52318976307188,36.044836587603136,17.038997887726346,on
7,166.0,35.52179936158195,36.04388754628966,16.700212758053993,on
7,167.0,35.520906297975586,36.04347438124444,15.391976378334686,on
7,168.0,35.51868676100657,36.043274484133825,17.2072487310218,on
7,169.0,35.51571721206024,36.041951094514445,16.949547303800976,on
7,170.0,35.51278664061692,36.04066535895836,17.41260363747459,on
7,171.0,35.50979010101368,36.0398618720095,17.421364036538897,on
7,172.0,35.505300337182156,36.040051827317136,16.53681710176273,on
7,173.0,35.50093639625129,36.04152536528683,17.910403427731346,on
7,174.0,35.49754226165345,36.042399369340814,18.786700688578303,on
7,175.0,35.493471345686075,36.042786431715456,17.069453434928164,on
7,176.0,35.491107632989944,36.043710341804754,15.875146876043221,on
7,177.0,35.48939299867863,36.04354680654675,15.735811255736092,on
7,178.0,35.487106193219816,36.04314619820127,15.39607704510398,on
7,179.0,35.48473777904682,36.04227668194642,16.03843828712111,on
7,180.0,35.482255529371685,36.0406213528228,15.932390681396644,on
7,181.0,35.48078308445089,36.039726383284176,15.496225263003494,on
7,182.0,35.47900802962648,36.040558107137585,16.051538915481977,on
7,183.0,35.47711404454189,36.039375016349275,16.19783267348189,on
7,184.0,35.474615415405914,36.039544828424525,15.980396581281944,on
7,185.0,35.4729872589784,36.03856020063682,16.03396127159507,on
7,186.0,35.471557956681096,36.03753115360693,15.867042764050183,on
7,187.0,35.47077474658612,36.034103847527604,16.368272160737785,on
7,188.0,35.47126096689584,36.033319804216006,15.970511506390283,on
7,189.0,35.47151064078665,36.032824292639766,15.89504596012863,on
7,190.0,35.47100388081911,36.03162985225187,14.777115924897561,on
7,191.0,35.46975890345064,36.03078889370711,14.267949382855676,on
7,192.0,35.467720706014944,36.03271991068349,13.796568937405855,on
7,193.0,35.46570641335611,36.03175411665389,14.29882379869886,on
7,194.0,35.46441042462977,36.031524919004895,14.982608110572876,on
7,195.0,35.46541099217062,36.03046755997999,15.310262546380482,on
7,196.0,35.46652663682769,36.03089098783156,15.616398743278687,on
7,197.0,35.46655521674308,36.031816372432495,14.8404822169231,on
7,198.0,35.46759932406345,36.03466308065289,14.960348414673886,on
7,199.0,35.46715650410801,36.037040021220555,14.427753370802364,on
7,200.0,35.46683918112849,36.03725456871342,15.273158604413949,on
7,201.0,35.46768102844708,36.03709796433591,14.297096764583626,on
8,1.0,35.47818212750766,36.16562098043877,10.704382653102526,off
8,2.0,35.47592605764823,36.16414295634153,9.783516234971325,off
8,3.0,35.47424777279531,36.164080827715615,10.157644369069045,off
8,4.0,35.471848305230715,36.16524212643412,9.667592472795,off
8,5.0,35.46829016242837,36.165579073501135,9.829103212388318,off
8,6.0,35.46614869371595,36.16649770785163,9.403727622367029,off
8,7.0,35.463519741064935,36.16978108995547,9.613053724478837,off
8,8.0,35.46237143599675,36.17015280015743,9.743445311636789,off
8,9.0,35.46218275711913,36.17188322322841,9.555180092462582,off
8,10.0,35.4604236551523,36.17239922167401,10.47719065461034,off
8,11.0,35.458678144927,36.1721778833663,9.434556373634255,off
8,12.0,35.45522452119552,36.17295342142128,9.939915635755838,off
8,13.0,35.45212951764494,36.173937939988576,9.727977809244784,off
8,14.0,35.45012620794054,36.17603186229684,9.172640423729826,off
8,15.0,35.44881630247789,36.17821311526268,8.845286622644258,off
8,16.0,35.44833474596325,36.17944737253071,8.835383592208068,off
8,17.0,35.44732516514467,36.1808349812918,8.764099024915367,off
8,18.0,35.44675192345088,36.18018977202085,8.630675947923121,off
8,19.0,35.444581819747086,36.18012289713695,8.001062620932352,off
8,20.0,35.442762520570646,36.179601273215475,8.446282731079448,off
8,21.0,35.43968255775351,36.17944830559121,7.037203828968011,off
8,22.0,35.436369476438465,36.17571352044564,7.985059170929947,off
8,23.0,35.43435115776119,36.175017782921266,7.7508647095199805,off
8,24.0,35.43165572526463,36.17435161658157,8.07306631178258,off
8,25.0,35.427220544770414,36.17415822272835,6.734808727295951,off
8,26.0,35.421763617356866,36.174777639063784,6.3328348116780795,off
8,27.0,35.416140320994224,36.173989939112715,5.859411061495248,off
8,28.0,35.41154771527552,36.17213732973552,5.876753138187663,off
8,29.0,35.40696207142422,36.169614544241924,6.377156226202512,off
8,30.0,35.40274406879882,36.16920709927895,5.937851533108121,off
8,31.0,35.39621870165281,36.17062513050052,4.448605213400425,off
8,32.0,35.38692252060236,36.17397159594024,5.406242047351634,off
8,33.0,35.377424594832284,36.17770738063323,5.310924520452872,off
8,34.0,35.36830003815061,36.17989185277284,4.8207336715137465,off
8,35.0,35.36189727255062,36.18026613196661,4.846076253472338,off
8,36.0,35.3565043908767,36.18094347391802,5.06408811815875,off
8,37.0,35.35124097628406,36.1819987493834,4.296114586120623,off
8,38.0,35.34325659011962,36.18235630707917,4.0627170874972105,off
8,39.0,35.336185035954564,36.18340690006386,3.658928372641273,off
8,40.0,35.33078599881192,36.18697576997353,3.912383790007584,off
8,41.0,35.32598140122342,36.18854589154687,4.333251985553938,off
8,42.0,35.32207007892245,36.18857346112908,4.288994486083151,off
8,43.0,35.3189358739634,36.18777477450847,4.104552816574139,off
8,44.0,35.314753652214485,36.18696631664971,3.8117485957820936,off
8,45.0,35.30975602073641,36.1881191263564,4.25172591107676,off
8,46.0,35.30658761648571,36.187612314392986,3.760687315044046,off
8,47.0,35.30471507488404,36.1873999356775,3.926190658363839,off
8,48.0,35.30405481122482,36.18762519721406,3.354677471642185,off
8,49.0,35.30274387700601,36.18915408403589,3.5309351201527024,off
8,50.0,35.30251295218978,36.18936457596751,3.5731957519258515,off
8,51.0,35.30228092390482,36.19352580672102,4.154016562875764,off
8,52.0,35.30135301536569,36.19661249841622,3.845188684880517,off
8,53.0,35.30036055025398,36.19953429424892,3.318702308239042,off
8,54.0,35.299120897950516,36.2028053382411,3.4830545714348045,off
8,55.0,35.29808302566523,36.2049245242291,4.034092218242938,off
8,56.0,35.297419865898206,36.207310881874314,3.2627092788733774,off
8,57.0,35.29642511073444,36.20749228413333,3.3566840783522824,off
8,58.0,35.29608381023393,36.208418620227285,3.3150814501695995,off
8,59.0,35.29569731330886,36.20815474325332,3.4250211515277393,off
8,60.0,35.2950414426051,36.2096106075489,3.160438508525417,off
8,61.0,35.294047545836484,36.21215054458746,3.3198918412130745,off
8,62.0,35.292790789505,36.215407923088556,3.33122139109111,off
8,63.0,35.292284223258896,36.2173894849847,3.319659952056739,off
8,64.0,35.29289617193222,36.217992313664936,3.1204835762020675,off
8,65.0,35.291788304876086,36.220562980681194,3.2589756195621002,off
8,66.0,35.29065032328118,36.222900277241244,2.986206172798102,off
8,67.0,35.289824599343305,36.22542341218455,3.6576951851966513,off
8,68.0,35.289794677273704,36.22739071783904,3.2350976312694284,off
8,69.0,35.28952812104848,36.22949720322436,3.2370110180860956,off
8,70.0,35.28964136564516,36.229776889167795,3.0137009733884303,off
8,71.0,35.28934033764452,36.230976958900584,3.3005055001468593,off
8,72.0,35.288381940300376,36.2306993504143,2.988013642809774,off
8,73.0,35.28786056395038,36.22998315194685,3.1626778010486034,off
8,74.0,35.28693318661981,36.23135629898462,2.896310879116567,off
8,75.0,35.28643831362552,36.232760646909476,2.9571759786800724,off
8,76.0,35.28567308059592,36.23290568755875,3.225410211505829,off
8,77.0,35.28431658780617,36.23475543020957,3.7809767002283348,off
8,78.0,35.28352389184208,36.235245729171105,3.297836224742575,off
8,79.0,35.28319446978173,36.23735940001267,2.743927955639416,off
8,80.0,35.28212429602998,36.23937950668062,2.566637794071779,off
8,81.0,35.281066091094054,36.2394285119633,2.7857225220064166,off
8,82.0,35.28043775394749,36.24254370622728,3.1636489114596364,off
8,83.0,35.280393251012214,36.246206023607265,3.0015793621092177,off
8,84.0,35.28140287213358,36.2496874350562,2.8691477870741777,off
8,85.0,35.28251443229285,36.25145659116607,3.078783783383515,off
8,86.0,35.283262371324156,36.25130581170421,3.3084759006120548,off
8,87.0,35.283990502102945,36.250730494123175,3.080784247777377,off
8,88.0,35.28341970481265,36.25219471180155,3.025393836109156,off
8,89.0,35.28161892899815,36.253726762096356,3.018638637806564,off
8,90.0,35.279872622038006,36.25508781030781,2.790288057139131,off
8,91.0,35.27831682616369,36.253495471179704,2.8026297839620673,off
8,92.0,35.27652480100036,36.253051818594706,3.092467412834853,off
8,93.0,35.27590454962349,36.25477056469842,2.927611570767481,off
8,94.0,35.27515642456771,36.25664154639457,2.498546040796077,off
8,95.0,35.27382147731039,36.259141549019226,3.078998389494271,off
8,96.0,35.27308676046775,36.26117693329498,2.943422518242886,off
8,97.0,35.27272700056183,36.26150512528453,3.098177554980192,off
8,98.0,35.27240501304247,36.26106578044065,3.6245286670232364,off
8,99.0,35.271949402224855,36.260796221469974,3.5439929573962674,off
8,100.0,35.27039641865688,36.26173711157344,3.292838794802937,off
8,101.0,35.2683000565174,36.26202714442883,2.8975982875458772,off
8,102.0,35.26617499894705,36.262899930624705,2.8266696178344133,off
8,103.0,35.26431728711384,36.26381912433013,2.6990302088128746,off
8,104.0,35.26271728957868,36.263567933387286,2.6927518475384753,off
8,105.0,35.2610315213176,36.26430752054088,2.920212466309522,off
8,106.0,35.2606816494492,36.265831841552114,3.003988273108477,off
8,107.0,35.26020855484935,36.26759449699346,3.237772201537269,off
8,108.0,35.25919829705712,36.26936304680753,2.684895580394924,off
8,109.0,35.257360082349926,36.2707222319859,3.132002390874842,off
8,110.0,35.255652987748306,36.271723239049265,2.868034440157202,off
8,111.0,35.253810284170044,36.27234127808418,2.7071856474528753,off
8,112.0,35.252498164629166,36.272252738718606,2.9976978075752565,off
8,113.0,35.251239266258,36.27344673646884,3.282512966441373,off
8,114.0,35.25165033366784,36.27546509933699,2.8219296378782017,off
8,115.0,35.25201448649776,36.275550153060045,2.999334315514724,off
8,116.0,35.25203226126281,36.274507542001714,3.300465256315478,off
8,117.0,35.25201205710915,36.27470617654615,3.1231268453436067,off
8,118.0,35.25071936165726,36.27499809275723,2.6839963549074097,off
8,119.0,35.24987008005793,36.27444536013117,3.0155951380456845,off
8,120.0,35.24893504612499,36.273510197191364,3.5481204801611765,off
8,121.0,35.24704036434868,36.27242365530221,2.5263279191498245,off
8,122.0,35.24558919050336,36.27210290480154,3.3464290803211165,off
8,123.0,35.2438986490749,36.271764397019496,3.334630075343683,off
8,124.0,35.24475992264287,36.274092430113306,2.6763118439869276,off
8,125.0,35.24539916384462,36.27462712553859,2.9219557503096167,off
8,126.0,35.24617895306073,36.27409756282041,2.907102569335035,off
8,127.0,35.24641072210463,36.27543463964455,2.947962553970512,off
8,128.0,35.2452453065571,36.27667933099339,2.7095682602739313,off
8,129.0,35.244289019132125,36.27838329295344,2.8398485542564136,off
8,130.0,35.24456154768484,36.279984914493575,3.1809767930507844,off
8,131.0,35.2439723790399,36.28039827200933,2.706104190906773,off
8,132.0,35.243538159989,36.28051435671884,2.5674770486416394,off
8,133.0,35.24263182127438,36.2798752752349,3.293482185553372,off
8,134.0,35.242731777477466,36.28149832490078,2.7268771727398753,off
8,135.0,35.241456529142035,36.282587959705054,2.9239520746357313,off
8,136.0,35.23920636540623,36.282227753116764,1.9155636888508036,off
8,137.0,35.2358822510701,36.28308822475164,3.0452606579420523,off
8,138.0,35.2323565741292,36.284395432548536,3.0138425996997995,off
8,139.0,35.22891596886369,36.28445356124839,2.330476634575657,off
8,140.0,35.22629666808231,36.286529162395205,2.4877485062882183,off
8,141.0,35.22339548372441,36.28696794307498,2.6105107115181783,off
8,142.0,35.221989813056695,36.28547008017739,2.759892705643846,off
8,143.0,35.221637266806106,36.28480357843723,2.4081414077736807,off
8,144.0,35.220585769828425,36.284032606274,3.0972091261498575,off
8,145.0,35.22072744932552,36.285436582569794,2.536868551703278,off
8,146.0,35.21836007520271,36.287580842775625,3.087361149424532,off
8,147.0,35.21614485269809,36.29011303069429,2.939253021529144,off
8,148.0,35.216033177344976,36.29091795418645,2.704369680534771,off
8,149.0,35.21632149293455,36.29122931815149,2.6974126968998915,off
8,150.0,35.21610146758425,36.291341921075706,3.130172863612203,off
8,151.0,35.21644040721963,36.292151041195936,2.522071869449997,off
8,152.0,35.21477845469376,36.2922994482402,2.6306001736904814,off
8,153.0,35.21399676969046,36.29170509585732,2.116599921146258,off
8,154.0,35.2121643678375,36.29245025517066,2.740710771008529,off
8,155.0,35.21159738402789,36.292344694209085,2.2867608128725263,off
8,156.0,35.21110082662344,36.293008377076674,2.993148836854372,off
8,157.0,35.21071957565665,36.292459098840105,2.6912750649776402,off
8,158.0,35.21039875661274,36.295049857977006,2.3543157736150175,off
8,159.0,35.209851025344555,36.297270052570944,2.957385703221935,off
8,160.0,35.21014844982313,36.29851822866664,2.329040090125147,off
8,161.0,35.209572858553166,36.298383491445755,2.4797713450017858,off
8,162.0,35.20993054932534,36.29883887300894,2.6387186948653785,off
8,163.0,35.20964035062292,36.2985089443502,2.767259251985819,off
8,164.0,35.20940401076276,36.30157030281613,1.9826789419068813,off
8,165.0,35.20962755525637,36.302206543444385,2.570518496223242,off
8,166.0,35.21064768144474,36.30147285184066,2.026782838291953,off
8,167.0,35.21164806997323,36.30063740371721,2.9006518252909608,off
8,168.0,35.213522900441426,36.29842369244389,2.5693810548068936,off
8,169.0,35.215916143945186,36.296055363408826,2.237741718312568,off
8,170.0,35.21621350616664,36.29635351094095,2.221510058164266,off
8,171.0,35.2154771079315,36.298023454648046,2.366823520258988,off
8,172.0,35.21398084826223,36.29750981821418,2.18037317799807,off
8,173.0,35.2131037071041,36.29744994388572,2.7394460079483833,off
8,174.0,35.21230362969875,36.29735787210806,2.227473657467617,off
8,175.0,35.21219855114515,36.29825072299725,2.4325062335542986,off
8,176.0,35.213182276032605,36.298754292301965,2.1453246783994766,off
8,177.0,35.21376747862968,36.299753559105,2.4400708000342033,off
8,178.0,35.21391125958137,36.29881469969768,2.1985487137843287,off
8,179.0,35.21291168755777,36.29946936560957,2.144813981136242,off
8,180.0,35.21315192225548,36.301783892732814,2.5464692044002906,off
8,181.0,35.21193140553008,36.30180799893812,1.672429243597644,off
8,182.0,35.20827697892303,36.30223783845135,2.001614708849795,off
8,183.0,35.20453907698806,36.30255496338711,2.1413879377875635,off
8,184.0,35.20234629637493,36.30199371116375,1.8240376155362146,off
8,185.0,35.199347164824516,36.30197047022906,2.2629819710690753,off
8,186.0,35.195690870973785,36.30301865120738,2.281180316725815,off
8,187.0,35.19492730227692,36.30442115412572,1.9571662553096911,off
8,188.0,35.193369300121454,36.30452553593243,2.2886602656717625,off
8,189.0,35.191856639754,36.30432465974722,2.6823714251571387,off
8,190.0,35.19035626625451,36.30546253585286,2.4603616724584327,off
8,191.0,35.18835800292435,36.30420139523184,2.60969347199568,off
8,192.0,35.18647017472988,36.304426637587206,2.069484719464646,off
8,193.0,35.18392815024497,36.30440749048565,2.1080236487201467,off
8,194.0,35.18202773428479,36.30568093162668,2.1091253609450904,off
8,195.0,35.17978108993733,36.30730945745728,2.0359464361535133,off
8,196.0,35.17752770431738,36.30872752159898,2.2098783691510557,off
8,197.0,35.17619279099133,36.30879624477236,2.5766848442063415,off
8,198.0,35.17477581658871,36.30993076766475,2.2139342213812085,off
8,199.0,35.17347823469076,36.31064136239707,2.072688960599695,off
8,200.0,35.17016271932858,36.31262156343457,2.396049333926668,off
8,201.0,35.166900494920924,36.31503286900001,2.618597298726846,off
73,1.0,35.45475202195082,36.19559555435404,7.885821219274357,on
73,2.0,35.464700358492856,36.19635196133506,7.919672407532842,on
73,3.0,35.476505299231256,36.19654192107999,9.335894576976525,on
73,4.0,35.48650669181298,36.19693901139165,8.728452267193896,on
73,5.0,35.49499435680113,36.1972312624535,8.103586286176904,on
73,6.0,35.500680404607806,36.195366243094625,7.297123069985405,on
73,7.0,35.50303610821306,36.19502565080477,7.1999761561037765,on
73,8.0,35.50574864028615,36.1969354475737,7.506962001298616,on
73,9.0,35.5077384194594,36.19826978760931,8.111745315098595,on
73,10.0,35.51160202721038,36.19829734103461,9.078059896714937,on
73,11.0,35.51591364604999,36.19819023173464,8.06739565059241,on
73,12.0,35.51952461488723,36.196349907575026,8.35257189423492,on
73,13.0,35.52143946766027,36.19725558993514,7.84205866913328,on
73,14.0,35.52328115974553,36.19683953593917,8.589358430384276,on
73,15.0,35.526534531009965,36.19637073641254,9.454591282408915,on
73,16.0,35.529986427263196,36.19624758139152,10.401204101156628,on
73,17.0,35.534501077840325,36.19548207909214,10.715007466782737,on
73,18.0,35.53975299087062,36.19394731645605,10.902879047200408,on
73,19.0,35.54701341235431,36.19392116135462,11.016091888560531,on
73,20.0,35.55398857576727,36.19530024573392,11.105265752315244,on
73,21.0,35.55998292363266,36.19826753366696,11.53610483636883,on
73,22.0,35.56563432056472,36.199282215650655,12.694563715559289,on
73,23.0,35.5729539851325,36.19983444480933,11.690145961343115,on
73,24.0,35.58031309138101,36.19967636775193,11.743410679691946,on
73,25.0,35.5863037528899,36.20049840118167,12.379569585983164,on
73,26.0,35.59090009469457,36.20110992218176,12.46915658071838,on
73,27.0,35.59774727034933,36.20020238034941,13.437180004274538,on
73,28.0,35.603207207835524,36.200112077757325,13.022448467004981,on
73,29.0,35.605758300706476,36.20126052016985,14.692528738021899,on
73,30.0,35.609893988609095,36.19965597477418,13.892624457723144,on
73,31.0,35.61218634394955,36.19908470070437,13.82805210105499,on
73,32.0,35.61250823261715,36.19639363232771,14.3048338259016,on
73,33.0,35.61158576880383,36.19449522230585,14.408555589920109,on
73,34.0,35.61223965923781,36.19164767691157,14.385437760960787,on
73,35.0,35.61483451533159,36.19039405734827,15.63518132195395,on
73,36.0,35.618466036870146,36.18870827584615,14.855451419208434,on
73,37.0,35.61814371839978,36.187801414332604,14.724221558007558,on
73,38.0,35.616836470331194,36.18707734538046,14.975691763992334,on
73,39.0,35.61524117708982,36.18800597979271,16.017684792696162,on
73,40.0,35.614402548696305,36.186242806846565,15.971772282402561,on
73,41.0,35.614572620633474,36.18349874971191,16.360751118576484,on
73,42.0,35.614793024424245,36.18125421440525,16.407012755196142,on
73,43.0,35.61458977953041,36.17871307772202,16.05197809072032,on
73,44.0,35.61276895001591,36.17802923030048,15.32276192573524,on
73,45.0,35.6108694071854,36.17712137083429,16.278252779848795,on
73,46.0,35.60998994318504,36.17742276847478,15.826123382916162,on
73,47.0,35.608812761663145,36.1784281905725,15.609638750012849,on
73,48.0,35.607477630935634,36.176736349476464,16.560762317312772,on
73,49.0,35.6085362718631,36.173882313113054,15.929149747710852,on
73,50.0,35.611384216134496,36.171380771726454,15.982731512270139,on
73,51.0,35.614928485434554,36.16668027763456,15.99434477619614,on
73,52.0,35.61591812847475,36.16540788254079,15.595439428834322,on
73,53.0,35.615938028231014,36.166870402574865,15.780754708350305,on
73,54.0,35.61736074570628,36.16561344526189,16.032940812226713,on
73,55.0,35.61892955897351,36.162600620241626,15.419974874547812,on
73,56.0,35.619609451659755,36.1596942062383,15.204503494522342,on
73,57.0,35.61798924309319,36.15771188105999,15.303071406971114,on
73,58.0,35.617585875276525,36.15636292575613,16.058262865565666,on
73,59.0,35.617884147922155,36.15471896498375,16.197835271691517,on
73,60.0,35.618159309380424,36.15333087324735,16.620526658770274,on
73,61.0,35.617834456455384,36.14958161855001,16.47092117766534,on
73,62.0,35.61780267608512,36.14851644420965,16.95851826923745,on
73,63.0,35.61911943717155,36.14694755291474,16.85245445812998,on
73,64.0,35.62059418122563,36.14594208024202,16.728819676420937,on
73,65.0,35.62165753556333,36.142348012477306,16.937073066775906,on
73,66.0,35.62173696299575,36.13719607770889,16.404093183611987,on
73,67.0,35.622511180196774,36.13295893038277,16.518845645099706,on
73,68.0,35.62208354884399,36.13031317147113,17.826202628205724,on
73,69.0,35.62353811261715,36.12960057549808,17.580609746731955,on
73,70.0,35.62379909044441,36.127666173480776,16.99647419668172,on
73,71.0,35.62445490110089,36.12462163028603,17.030738093285134,on
73,72.0,35.62353779140646,36.12495409279204,16.64242179819951,on
73,73.0,35.62403780979808,36.12383586503276,17.847560952945265,on
73,74.0,35.62625644599399,36.12323962073919,16.552098971634177,on
73,75.0,35.62646617308262,36.12538633500254,17.258937114555508,on
73,76.0,35.62823248623444,36.126413101403216,18.501542693544657,on
73,77.0,35.62898041650233,36.12443367216297,19.277026228411692,on
73,78.0,35.629558357129426,36.12204194153472,18.16563122504649,on
73,79.0,35.62998920425067,36.12016419486896,18.664882349333638,on
73,80.0,35.6304658652119,36.11819269951771,19.09721992277249,on
73,81.0,35.63131011081888,36.11597092403661,18.33025954761807,on
73,82.0,35.63339080702655,36.11330332412669,18.347131671592106,on
73,83.0,35.63383940662268,36.11151929494675,19.576231089384947,on
73,84.0,35.638552179698415,36.109584698590446,19.69183789412476,on
73,85.0,35.6434532932005,36.10729691061081,19.868412322673002,on
73,86.0,35.64429924964444,36.106275176504184,19.13404215013758,on
73,87.0,35.64579701507264,36.10600893108787,18.00884694019564,on
73,88.0,35.64553446212518,36.102777970325626,18.015756031680667,on
73,89.0,35.64548026243622,36.10022333283806,18.705979988957573,on
73,90.0,35.64272219725237,36.099478169497566,19.308844169914657,on
73,91.0,35.639154982216596,36.09836025842665,19.64758841189274,on
73,92.0,35.63682090524075,36.09730086005176,19.396955195862894,on
73,93.0,35.63186113464573,36.09636830562991,20.655486818377106,on
73,94.0,35.62825403019544,36.09609989664375,21.044698226878754,on
73,95.0,35.62664118688721,36.09477899348283,21.12880065907192,on
73,96.0,35.625746799219904,36.09474875982047,21.40814006475631,on
73,97.0,35.626059549885916,36.092071234355885,21.263807996410605,on
73,98.0,35.62736058079357,36.09014119730787,21.38932029864157,on
73,99.0,35.628532858565414,36.0894514518817,20.289257354690477,on
73,100.0,35.63044906248798,36.0890911232942,20.847375127576626,on
73,101.0,35.63078680429468,36.08963352714574,20.78356866762337,on
73,102.0,35.63315639336411,36.08985791294587,20.937930029408555,on
73,103.0,35.63671084347589,36.08684180207218,18.46453391553821,on
73,104.0,35.640934901487675,36.08393687548164,18.22920715233052,on
73,105.0,35.64230264692133,36.08184319687501,19.439678423342528,on
73,106.0,35.64269316445404,36.08196111145683,19.685491081676403,on
73,107.0,35.64205547338707,36.08185350661734,17.927863580787943,on
73,108.0,35.63959852998697,36.081011661945986,18.74807469151009,on
73,109.0,35.63933701221404,36.08016932949365,19.096328473155015,on
73,110.0,35.63699116719927,36.07857107118109,20.316336336355974,on
73,111.0,35.63481560784011,36.07812835554731,19.920232333432914,on
73,112.0,35.63261351485186,36.07645052772608,20.858694046124057,on
73,113.0,35.63086019725563,36.07513259552979,21.723451264666735,on
73,114.0,35.63005498850653,36.07487100630461,22.341587309980284,on
73,115.0,35.63011493941555,36.075218011147626,21.9170661641132,on
73,116.0,35.62968047673504,36.074006955518556,21.825927876271038,on
73,117.0,35.63179082803991,36.07477400693485,21.114676941795352,on
73,118.0,35.632465356171636,36.07365007434436,21.52238189063361,on
73,119.0,35.63261226628126,36.073117430513335,21.529035284416423,on
73,120.0,35.63195086309852,36.07158997895929,19.26233898664267,on
73,121.0,35.62997404496415,36.070365292237305,20.853028506951865,on
73,122.0,35.62805979928402,36.070174468315166,21.4567259503212,on
73,123.0,35.625760128195374,36.06878134257923,21.62502634388941,on
73,124.0,35.62444720023585,36.06586134384405,20.454921782912322,on
73,125.0,35.62261349199247,36.063894452485926,20.822423206586578,on
73,126.0,35.62091196457023,36.06443201411689,20.449916411913044,on
73,127.0,35.61885949710717,36.06425781228286,22.219008218144477,on
73,128.0,35.61742332677166,36.06307336635505,20.763826093086756,on
73,129.0,35.61463645344756,36.063093601686646,19.578989395352096,on
73,130.0,35.613308972035426,36.06083622687702,19.92505784395236,on
73,131.0,35.61132152709623,36.05864693266929,19.793769440741798,on
73,132.0,35.61020124164738,36.05862303698186,19.878383713956104,on
73,133.0,35.60902554054057,36.05604953789859,20.527657279117655,on
73,134.0,35.60660820905901,36.05580621289452,21.114320377652845,on
73,135.0,35.60368288215197,36.05722039605072,20.64512005934121,on
73,136.0,35.60036599226606,36.05932804622384,21.782948034043358,on
73,137.0,35.59833274154851,36.05916777227486,20.803257325597833,on
73,138.0,35.5968499157065,36.059128231314695,20.71965271070809,on
73,139.0,35.594486370727275,36.05768937626504,19.695978885316993,on
73,140.0,35.592552044887405,36.05539921212387,18.681845087295436,on
73,141.0,35.59053548751427,36.05359706028272,19.265486800244076,on
73,142.0,35.587503535759645,36.05247134245752,20.635182471984084,on
73,143.0,35.585575224852896,36.05276060838484,21.66415233183935,on
73,144.0,35.58562289137277,36.053439561597756,21.758441974625768,on
73,145.0,35.585674729964595,36.053214642291,21.918009765429844,on
73,146.0,35.585614099095814,36.053807037967296,21.428254605723694,on
73,147.0,35.58592835711862,36.05379035849434,21.185965920205675,on
73,148.0,35.58515639235889,36.053753870333736,20.531317506569764,on
73,149.0,35.58353225908663,36.053093191141336,20.64317698886535,on
73,150.0,35.58122398117789,36.0521486216896,19.54822088463287,on
73,151.0,35.57873389648457,36.05259496662485,17.341166883048317,on
73,152.0,35.57660034440768,36.05294224094293,19.05020351357607,on
73,153.0,35.573045180654866,36.052614272762995,19.97171054891143,on
73,154.0,35.56902563559625,36.051791756739405,20.47763228109138,on
73,155.0,35.56462542788128,36.05148684400068,19.632529295039397,on
73,156.0,35.560726778495756,36.054415728157686,20.24567034714478,on
73,157.0,35.55753084799712,36.05543872568149,18.719269789309354,on
73,158.0,35.55471904052514,36.05748688905058,19.057405681860118,on
73,159.0,35.55118190379739,36.05799747378007,20.30498476365587,on
73,160.0,35.549548241844846,36.0585648571808,21.195036725623027,on
73,161.0,35.54905646693533,36.0578406936389,18.995296062985766,on
73,162.0,35.5484108553147,36.05772584576483,18.341428891669583,on
73,163.0,35.54718261203231,36.05782199141793,18.41331465662511,on
73,164.0,35.545617550159456,36.057882176768096,18.387000404580903,on
73,165.0,35.542406698072554,36.05818091102354,17.877281574390192,on
73,166.0,35.539214903756935,36.05745195350221,17.551385388496485,on
73,167.0,35.53628340259471,36.05750990405828,17.577870444274904,on
73,168.0,35.5311382037987,36.05923628197165,17.478117992678115,on
73,169.0,35.525679599596394,36.05880745683009,17.652818880429088,on
73,170.0,35.52136886201325,36.05672855315794,16.793478901026344,on
73,171.0,35.51622564254752,36.05469921224185,15.180024188862415,on
73,172.0,35.51054710080339,36.05443239914775,15.943911194366205,on
73,173.0,35.50517374611492,36.05216893134995,18.2744069569832,on
73,174.0,35.50146571685843,36.04972263136453,17.124469519288404,on
73,175.0,35.498552267199905,36.04858453352837,16.914705360126668,on
73,176.0,35.49669499506069,36.04721163581816,17.197782038582666,on
73,177.0,35.49518930519953,36.04580012542774,17.058453754677924,on
73,178.0,35.49327181577019,36.044613075750576,15.766063038735734,on
73,179.0,35.49106490800656,36.04530693813426,15.772619709207731,on
73,180.0,35.48974684992952,36.04482769966969,15.005934922183009,on
73,181.0,35.488376900550726,36.04417036970033,15.623290961734142,on
73,182.0,35.48814824107609,36.04356684551485,15.099344022749055,on
73,183.0,35.485826628309866,36.04375803159492,15.183426819986408,on
73,184.0,35.48340264730185,36.044655099449436,14.960525154997946,on
73,185.0,35.482665256233894,36.047202346045154,14.469218714903407,on
73,186.0,35.4815263571445,36.05144932580312,15.176003863933262,on
73,187.0,35.481627987280504,36.051965994754816,14.817064075043426,on
73,188.0,35.482296222634346,36.05057711240684,15.29750339479558,on
73,189.0,35.483214962975026,36.0503139443052,14.83829641917146,on
73,190.0,35.485412340825626,36.05103359526614,15.101684427985589,on
73,191.0,35.4874348200159,36.05220390486968,14.893553756657942,on
73,192.0,35.4889236452606,36.05217880123681,15.82690786394447,on
73,193.0,35.4911213100733,36.054232992133116,15.453498065803945,on
73,194.0,35.49282477821024,36.056148990671566,14.85658344346908,on
73,195.0,35.49405398012362,36.05642752293775,14.839705038358815,on
73,196.0,35.49494117810023,36.057630007008896,14.794521546821946,on
73,197.0,35.49586861513996,36.05946506118545,14.539115609208775,on
73,198.0,35.49731367304082,36.05843609206563,13.822937908149004,on
73,199.0,35.496573354702235,36.05781781570855,14.174391336212782,on
73,200.0,35.4962456356852,36.05790113363487,14.293098834828985,on
73,201.0,35.49474479484269,36.05731937111311,14.131249129027687,on
