state,time,x1,x2,amoc_strength
on,1.0,35.161624061734464,36.28391178931644,16.17519767017511
on,2.0,35.16787866162047,36.28230960895583,16.373698830032037
on,3.0,35.18874613723554,36.27434249780927,15.949896876286406
on,4.0,35.19788265079908,36.26333920930153,16.45019369746885
on,5.0,35.2155718536773,36.26324342103887,16.149437466760617
on,6.0,35.19925741988435,36.27520812943554,16.814869820284407
on,7.0,35.19286067339344,36.28512800965569,17.26558162730391
on,8.0,35.18257094848195,36.292672856103735,16.37416376336821
on,9.0,35.18238518627961,36.29432232625052,16.02668838962105
on,10.0,35.15218864785491,36.29894940931115,17.121138589523348
on,11.0,35.136885139085926,36.29082559172616,17.599729720367904
on,12.0,35.141271661860706,36.27613371542962,16.415651202947718
on,13.0,35.13574886021562,36.27652881339015,15.489396731454066
on,14.0,35.11105272162023,36.27563147216063,16.008311735379777
on,15.0,35.12465698660646,36.2761891261269,15.882417508338692
on,16.0,35.11819086161881,36.278134936404825,16.41422674959341
on,17.0,35.10788640156885,36.27096663818067,16.3725543234598
on,18.0,35.102090619119345,36.26637285065293,15.493970833208893
on,19.0,35.112754108678544,36.260565907651646,15.851370145634831
on,20.0,35.11130997797958,36.27386119046079,15.518601622846646
on,21.0,35.09704254607738,36.28452253113209,15.519905341380156
on,22.0,35.10629374458677,36.282096035747934,15.957268702157561
on,23.0,35.12674470178198,36.27721312462626,15.852739191650304
on,24.0,35.12360131978797,36.28692095629157,15.295488760269897
on,25.0,35.130501653258854,36.30031866333809,14.597333623486161
on,26.0,35.125096613706056,36.300013377149384,15.5110654603946
on,27.0,35.13545652447314,36.29824657226717,14.761142344295646
on,28.0,35.129604047168485,36.29773616617022,15.067221430183206
on,29.0,35.124240890433356,36.30022860248286,15.853724332857702
on,30.0,35.125549930056245,36.306117796340125,16.488248910296413
on,31.0,35.115834526276444,36.31185158015599,16.385878384012866
on,32.0,35.127299881964426,36.30675565307779,16.87584850987777
on,33.0,35.14901656137021,36.302756572036174,16.309159954526443
on,34.0,35.147567339775044,36.30140655164469,16.358069887562863
on,35.0,35.180123742836244,36.292494126895406,15.855565320955911
on,36.0,35.16562198922693,36.29753350050753,15.32957408319863
on,37.0,35.15215467094266,36.29572145707192,16.064952880257398
on,38.0,35.15018469202732,36.30391052497505,16.108143095298573
on,39.0,35.15228192688962,36.30984189091042,16.502491732409226
on,40.0,35.14807681364935,36.303004078720164,16.578463380676755
on,41.0,35.13266356061974,36.302974628909084,16.06671162828962
on,42.0,35.13143090059761,36.30215078296906,16.761030576320465
on,43.0,35.15421719143396,36.29848329498699,16.431696581768243
on,44.0,35.158758882163696,36.29144419205701,15.655651726448937
on,45.0,35.15546744778687,36.29607541580337,15.93888959841032
on,46.0,35.1633277619644,36.30498566978396,16.127151960902346
on,47.0,35.16359177967446,36.30015807950565,16.024631851087538
on,48.0,35.18903490145107,36.29381993556294,15.921358025393863
on,49.0,35.18029030788194,36.28341209626189,15.707465674227544
on,50.0,35.18740399879202,36.28429961500745,15.75822011404572
on,51.0,35.215940512336765,36.29022191266798,16.520942030377107
on,52.0,35.235704502090755,36.282764672206355,15.628001667837484
on,53.0,35.206610405314045,36.285074826475,15.63898238739661
on,54.0,35.17014452308424,36.28680608739561,15.560235358719744
on,55.0,35.159013892201706,36.29176675645784,15.020562319175772
on,56.0,35.13306204978411,36.299183676011026,16.069650573261868
on,57.0,35.132045631862795,36.298466316685406,15.977188583583592
on,58.0,35.13485392353846,36.30411818218736,15.43587493825749
on,59.0,35.11872601937041,36.31215095699937,14.350414391102722
on,60.0,35.09462529624409,36.32054790157937,15.738179708654283
on,61.0,35.084343444700984,36.31509571776197,15.788038956669102
on,62.0,35.09800978994724,36.31113140899456,15.09046258718372
on,63.0,35.11574958921986,36.30302852034336,15.399448670666509
on,64.0,35.0953899643704,36.301771199575356,15.387161689375606
on,65.0,35.08267161838413,36.309468422489495,15.528509868641319
on,66.0,35.07256616801148,36.297727934334404,15.244373400394242
on,67.0,35.08274635707541,36.302162962047916,15.440945216531727
on,68.0,35.094222260011456,36.29383756003726,15.479991334916148
on,69.0,35.113164451760916,36.283289385338826,15.432155398162124
on,70.0,35.127933054958596,36.280970127771894,15.744316758763635
on,71.0,35.145425676262136,36.282069172201126,15.566572199323295
on,72.0,35.168783957753,36.283236215782004,14.539382642065311
on,73.0,35.157942708349545,36.287320535421536,13.682777248541008
on,74.0,35.13097732025629,36.29429530737621,15.302445059093097
on,75.0,35.120919825504544,36.29128777064195,16.062115097672542
on,76.0,35.12773450558936,36.29262986956886,15.704328752337162
on,77.0,35.1389886489855,36.283620355461046,15.84272948728789
on,78.0,35.141262585541945,36.28687115233565,15.776771642873967
on,79.0,35.1616068553905,36.2958217321411,16.589528641810407
on,80.0,35.16265035158893,36.2965897401261,15.89546167432035
on,81.0,35.164100665226954,36.308760973514616,15.629226719928722
on,82.0,35.15321984139788,36.311592397914254,15.800256143080183
on,83.0,35.172952906699685,36.312798935401105,15.049665620265282
on,84.0,35.15576923178665,36.30879778350707,15.37423668369027
on,85.0,35.15486867319119,36.29991004100245,14.855048365392424
on,86.0,35.160162307956696,36.29721677037907,14.713716653978715
on,87.0,35.135239717336724,36.3058944555797,15.172642353180393
on,88.0,35.135814831699335,36.30668702860263,15.263276007067924
on,89.0,35.16949786011543,36.29706688593809,15.162791403574737
on,90.0,35.17098162057811,36.30712112663848,15.024994031711806
on,91.0,35.14076480395283,36.31024080347547,15.491730975803225
on,92.0,35.116582206597194,36.317273831125775,15.649959372573967
on,93.0,35.13310758253075,36.31476706651805,14.978260675118747
on,94.0,35.13478624925216,36.31637670206606,16.122967612669942
on,95.0,35.13442070921951,36.308615389617806,15.858252066868257
on,96.0,35.12438087479263,36.30801302903855,15.657189594584661
on,97.0,35.10683407678443,36.3147625713648,14.94394339179485
on,98.0,35.09462557965749,36.31235912932761,14.761937908332492
on,99.0,35.101184739048726,36.318558469216214,15.202424161392914
on,100.0,35.115642102950986,36.31344588538099,14.584722474592931
on,101.0,35.114385538620326,36.31307855551536,14.32259094386821
on,102.0,35.09378478002865,36.31288346974587,14.910716476785264
on,103.0,35.08323528447424,36.31190271331919,15.19233000607531
on,104.0,35.1119428583889,36.31494100569708,14.612548956957426
on,105.0,35.11738672780497,36.31669319865696,15.109525903174589
on,106.0,35.12914014863761,36.32463853104786,14.70646026836081
on,107.0,35.13259128584135,36.32176889155014,15.001256488514088
on,108.0,35.11811961544605,36.32553950586342,14.706081829671442
on,109.0,35.11492866848364,36.323187648242275,14.558942603903539
on,110.0,35.10800928830456,36.31592292293549,15.190980822933199
on,111.0,35.128252047487365,36.31765249100485,14.955231013690248
on,112.0,35.146321784509674,36.31471102735158,14.909638798172052
on,113.0,35.150390926804086,36.31298095974059,14.502249040131423
on,114.0,35.12593823023421,36.30559674979922,15.763190925065993
on,115.0,35.117354138326775,36.29807259204916,15.120203191943489
on,116.0,35.09776670899947,36.294304695641394,15.18834580616694
on,117.0,35.10724857164613,36.29188044041491,15.599356032138108
on,118.0,35.104205389819576,36.29264884242113,16.21974224964685
on,119.0,35.1158543644935,36.29340922675202,15.805786352484212
on,120.0,35.118725500884416,36.295575762058526,14.656523694026566
on,121.0,35.125169773105426,36.28097571669605,14.720255606005066
on,122.0,35.0906698698002,36.27541194641192,16.203135733078966
on,123.0,35.07801962905064,36.288018515539434,15.369502522903055
on,124.0,35.06646598531244,36.29014662722985,14.910562357408843
on,125.0,35.069377137018144,36.284877569023166,15.635757197563454
on,126.0,35.08238538240625,36.27675276456106,15.553479967067204
on,127.0,35.09513228895069,36.28729102988433,15.623238378329342
on,128.0,35.09670885767938,36.289829001661346,15.85258811569993
on,129.0,35.10062405379762,36.285616379275496,16.28884204311896
on,130.0,35.098685725445286,36.291875491425046,15.68617193407621
on,131.0,35.09889970174949,36.28362990237754,15.310431925993718
on,132.0,35.10012018595852,36.27908059738387,15.416574879535194
on,133.0,35.113662648144995,36.271036699793726,15.446834191281873
on,134.0,35.13621931625665,36.26760991083494,14.446687377149324
on,135.0,35.1301708399644,36.26330620735345,14.541829655119052
on,136.0,35.12134809625198,36.26271983342305,14.797609776628256
on,137.0,35.09607057657917,36.26791763111717,14.58863027759245
on,138.0,35.06542927458978,36.27710893363729,14.89021120992173
on,139.0,35.050793225091454,36.28594154470515,15.396103185306163
on,140.0,35.07306892990735,36.29379267308043,16.216692093821486
on,141.0,35.09134971978979,36.30047039279546,15.774412047693612
on,142.0,35.10434574964621,36.289616646890934,15.146175218767223
on,143.0,35.107250237134494,36.28717785672147,15.747738898423934
on,144.0,35.11178368459083,36.28324627764731,15.968617869393189
on,145.0,35.10231552385424,36.287320505959315,15.791579930745435
on,146.0,35.13000473331702,36.287623440281415,16.41927082953447
on,147.0,35.14366950757361,36.28457555976072,15.349093321808276
on,148.0,35.156747174048974,36.28073901097804,15.473459491988196
on,149.0,35.15044676791903,36.27786540778911,14.255675845096306
on,150.0,35.127269313781056,36.28283463485783,15.95456554156678
on,151.0,35.1108393794866,36.27781483159853,14.320872224216142
on,152.0,35.1089245631435,36.27971392206091,15.094912752040798
on,153.0,35.107159071319145,36.28297341450385,15.568662977971982
on,154.0,35.11912184506874,36.27401681682194,15.259414531313446
on,155.0,35.104518384828964,36.28006632029456,15.308210572793291
on,156.0,35.12632979906381,36.2711283822812,15.545383377309417
on,157.0,35.14667609366476,36.256545161543414,15.338164270294211
on,158.0,35.139330453760586,36.25971178520273,14.693662936289588
on,159.0,35.1416012010078,36.2648762092791,15.597958934190956
on,160.0,35.11203991963856,36.25313105363244,14.724240571289165
on,161.0,35.10802656171834,36.253343203937646,15.514495298677062
on,162.0,35.10104074279301,36.24728173211453,15.98984169815727
on,163.0,35.08257899548192,36.248738747976184,16.157323422842346
on,164.0,35.10129765049825,36.24729311289984,15.49875867742108
on,165.0,35.093205629678266,36.251937178127825,15.26774440323701
on,166.0,35.082928117309415,36.26674368187602,15.130765190186533
on,167.0,35.082991154864125,36.27576452797979,14.813337847556049
on,168.0,35.08011751536176,36.2814626424449,14.35563468176175
on,169.0,35.06943574658625,36.2778791363106,14.09278436097999
on,170.0,35.072961699555066,36.26344351558598,14.23436596581022
on,171.0,35.05560732229085,36.26439158908342,13.766724708524016
on,172.0,35.04732279197598,36.27143358680266,13.823655383730346
on,173.0,35.04252808263065,36.268869461967085,14.175770455492493
on,174.0,35.05108769529725,36.25660904313943,14.048231896888385
on,175.0,35.03937200032429,36.25367201967815,14.786670627901255
on,176.0,35.0496973347899,36.25611475311649,14.756983116045141
on,177.0,35.0546825779,36.259433348674214,14.977589711038725
on,178.0,35.074040507256846,36.26278907862314,13.805369728420052
on,179.0,35.051392794447615,36.256442198269916,14.142316374908855
on,180.0,35.05331388278873,36.254746828202876,13.814450712257607
on,181.0,35.0640702378054,36.24730033817139,13.521140149273474
on,182.0,35.07843691345301,36.245283099947336,13.843480036569826
on,183.0,35.10294192833782,36.25285630431331,14.373872531379625
on,184.0,35.09996448139752,36.252927874909744,13.219839396467458
on,185.0,35.086382935476436,36.24505572685801,13.496629921351225
on,186.0,35.0921731268114,36.2501602926733,13.7226249381643
on,187.0,35.106200022373244,36.248009198951515,13.41110048047075
on,188.0,35.09240236781648,36.25339171392699,13.11845903369075
on,189.0,35.0858798157768,36.25376788020116,13.687555106003341
on,190.0,35.08136335485613,36.26256104673109,13.245857372769233
on,191.0,35.07491830256194,36.275044268959356,13.774638195985572
on,192.0,35.07431591621925,36.276097762198,14.939576582016606
on,193.0,35.08266383830483,36.28131591577061,15.412359902126394
on,194.0,35.09802073900986,36.28781864462051,15.670274216677406
on,195.0,35.12022512786269,36.280311928816545,15.4494530617269
on,196.0,35.122248097073594,36.2723315491521,15.866130149027594
on,197.0,35.150988051389795,36.269178865267676,15.638269900734915
on,198.0,35.16783266805603,36.275412994184165,15.878813318026639
on,199.0,35.151979526928145,36.28442494955073,14.35179989039044
on,200.0,35.132687747604066,36.28720500312143,13.933195419770183
on,201.0,35.1122601962971,36.29321644084621,14.31977761717663
on,202.0,35.09718835823632,36.28836747295756,14.667240875088584
on,203.0,35.130669919824214,36.274381416761315,14.425381956382731
on,204.0,35.12534925992729,36.26305218163865,14.73426898186066
on,205.0,35.144828493865276,36.26332014953051,14.397950947120457
on,206.0,35.12443845924097,36.2715307510801,13.861126257849932
on,207.0,35.105288035859395,36.27170007551906,13.827167801030672
on,208.0,35.082835081087666,36.26998275535975,14.417098497424876
on,209.0,35.08162270966685,36.26325388756682,14.466338322080226
on,210.0,35.07562787743855,36.26319323273658,13.463219739845055
on,211.0,35.06407289911101,36.26453742060649,14.564735185161254
on,212.0,35.06684360015013,36.26358315249253,14.725287059356875
on,213.0,35.06262746653011,36.27790126336479,14.558257813521589
on,214.0,35.07937505630285,36.277028991491946,14.193263506795788
on,215.0,35.07790037573646,36.27750566418787,14.471852686105674
on,216.0,35.073979953903105,36.27632499505714,13.640829753062661
on,217.0,35.08522649683372,36.27581702352864,13.88557220410555
on,218.0,35.09326692063808,36.28217665844719,13.584630289854601
on,219.0,35.1182927593806,36.27796068413762,14.190885582290365
on,220.0,35.10832965048503,36.28112995391691,13.827705807665058
on,221.0,35.104322585471984,36.28606936769836,13.489226721365487
on,222.0,35.091866143127945,36.29614256928015,13.72992831628936
on,223.0,35.08581629228399,36.30087079398881,14.227167290874213
on,224.0,35.06891172392956,36.30844817520015,15.39581839755877
on,225.0,35.08004464190212,36.31052810312855,15.438918967620378
on,226.0,35.11132540130769,36.305730708061695,15.21023469983955
on,227.0,35.112969780131024,36.30208511271111,14.747516933174495
on,228.0,35.11973707640687,36.30179690303145,14.68998488341931
on,229.0,35.13466419256241,36.28766413041204,14.78446205442621
on,230.0,35.14938624715911,36.286140150528134,13.915350145627027
on,231.0,35.143168933221524,36.27699788207749,14.341286746764911
on,232.0,35.141134900715,36.26808845929146,13.478817441957917
on,233.0,35.12189896615854,36.27588475983267,14.157749212630687
on,234.0,35.14629768213838,36.27546207271437,14.26018724899724
on,235.0,35.13791993809755,36.27364715780934,13.990141030364036
on,236.0,35.12298225773602,36.26880712784122,15.404730189954186
on,237.0,35.118089902956775,36.26932157210157,14.689289313659641
on,238.0,35.118329377611786,36.26173301811099,15.255982240423146
on,239.0,35.10650356587568,36.272198677800695,15.328532147085987
on,240.0,35.09859654494761,36.286675224288054,15.37178056060926
on,241.0,35.13782486496558,36.27145639633622,15.309052490385522
on,242.0,35.15002930039357,36.263461437618524,14.697472721365118
on,243.0,35.13868459999903,36.25582593990648,14.923798257711471
on,244.0,35.12626000593874,36.24698518424733,15.877670243127849
on,245.0,35.133437910552644,36.245801033047876,16.13719927667363
on,246.0,35.13040939772108,36.24589677966076,15.44564307193486
on,247.0,35.14192892082987,36.249882004979625,15.624364484118308
on,248.0,35.14020490159614,36.24389825960888,15.359737600611265
on,249.0,35.14919534322774,36.241372773764596,15.248202937410415
on,250.0,35.128799191236034,36.25283281687394,14.668098075087741
on,251.0,35.13309703515148,36.25823968019189,14.87886530928216
on,252.0,35.13721381237401,36.247505371514926,14.856819342174559
on,253.0,35.14236526595122,36.25366613530998,14.231269593609948
on,254.0,35.110560207257464,36.253540269726926,14.546007826344796
on,255.0,35.099007839571634,36.258547663635625,16.299098704683516
on,256.0,35.09136457944167,36.253390769734985,15.409361608241701
on,257.0,35.08893088179921,36.2565096838737,15.035128780989856
on,258.0,35.09878001331397,36.262035121660155,15.03160745988559
on,259.0,35.09263299663706,36.267691455809675,15.61172224032588
on,260.0,35.09181683758489,36.26796203723176,15.098243401273308
on,261.0,35.08867787638322,36.27210843876294,14.826189216372587
on,262.0,35.06659978584017,36.26664690794444,15.014320172588313
on,263.0,35.05830008744406,36.27752220234367,14.98901908362151
on,264.0,35.071655651166374,36.277278365834746,15.508415231691092
on,265.0,35.080830194277524,36.27203499108474,15.428111133002735
on,266.0,35.091087381291864,36.26193934554059,15.128616173043323
on,267.0,35.10449946811813,36.25632377676713,14.644308388211279
on,268.0,35.12452344802271,36.25369613687068,14.82535955794348
on,269.0,35.140060657698456,36.259744700872076,15.026701170550982
on,270.0,35.14906760054634,36.262201258086186,14.610420245811394
on,271.0,35.15837337990058,36.25816225891401,15.07488911866792
on,272.0,35.14183274893228,36.256095103889905,13.908987231701666
on,273.0,35.111545482492055,36.26329090537831,14.70529571308565
on,274.0,35.09043341167968,36.265928118914054,14.786051408377356
on,275.0,35.101617688725206,36.26686944783669,14.996070403221026
on,276.0,35.113129695224,36.271002097330886,14.343457741099236
on,277.0,35.1148148372406,36.27355780295906,15.188802827762043
on,278.0,35.11886768932001,36.27737249365819,14.521095665424479
on,279.0,35.10927946902037,36.285111800591245,14.837721366335971
on,280.0,35.11256216320696,36.27802075514557,15.406822928611623
on,281.0,35.12302499625224,36.273527106987274,15.938984936074569
on,282.0,35.14751297004125,36.25384636443798,15.266006341103907
on,283.0,35.13461851003221,36.25303410631832,16.53715927520526
on,284.0,35.13004829944786,36.25949212080289,17.314631345864036
on,285.0,35.14129223388773,36.258921567271074,15.842208423908172
on,286.0,35.13232230106445,36.2495135931029,15.832673316037798
on,287.0,35.1332060979713,36.2428429856852,16.222847996494433
on,288.0,35.131162391906,36.23654418341075,15.352578685981133
on,289.0,35.11791092009024,36.23321107205518,15.724621386558585
on,290.0,35.114264970965856,36.2510391869204,15.31699242377762
on,291.0,35.09906868198526,36.25868240993458,15.656066576899025
on,292.0,35.09191740192268,36.26494072888388,15.279298578405186
on,293.0,35.07586627266604,36.26227300936395,15.091903247864412
on,294.0,35.079387467889255,36.25176454942486,14.500378019644703
on,295.0,35.076351558608444,36.24535578621469,14.493178544537477
on,296.0,35.07668983601373,36.25085037577253,14.722987917345154
on,297.0,35.086026652517724,36.25614461207669,15.201024119703803
on,298.0,35.11304241740963,36.25966456220504,14.762063712398323
on,299.0,35.089449465704575,36.261622363923905,14.15595237348289
on,300.0,35.08994636637424,36.26862866541242,14.788573579910915
on,301.0,35.092274109484066,36.270906928578974,14.896008935475907
on,302.0,35.09571259934993,36.25993920336023,13.875326001944511
on,303.0,35.09293682239617,36.255341476266985,14.439985421919044
on,304.0,35.08811845963887,36.265545053040825,14.666191038346916
on,305.0,35.07294570792744,36.27303865954957,14.904903742267177
on,306.0,35.06264040038791,36.26908990051503,15.298339763490024
on,307.0,35.05679130559741,36.27318833163854,15.506904386649905
on,308.0,35.08265699855287,36.275242563079104,15.573014454448803
on,309.0,35.09043290446477,36.272290601875426,15.589000445128613
on,310.0,35.09527734108051,36.265131319088276,15.18987330187617
on,311.0,35.10342752480945,36.26849376361879,16.1505064318649
on,312.0,35.12339983274093,36.26939881623977,16.18695760652097
on,313.0,35.14890087297589,36.27530998826673,14.966574837499863
on,314.0,35.14623790313141,36.274062953249135,15.614198402604233
on,315.0,35.1260879807131,36.26734280759682,16.045318755378243
on,316.0,35.10985394626358,36.25807962950213,16.010384108346326
on,317.0,35.10387920557672,36.258733064325725,16.018314650994
on,318.0,35.1114406280996,36.25803880272581,16.188035948406764
on,319.0,35.12399325141716,36.2521014758069,15.782737275316453
on,320.0,35.14701748620769,36.24803301861529,15.208034621420335
on,321.0,35.167514864053885,36.25407968342686,14.88052681950494
on,322.0,35.161481565961274,36.2596692393609,14.148703729522406
on,323.0,35.144770317399825,36.267466468952016,13.643978997285869
on,324.0,35.130189536551896,36.26733819360619,15.209895059651942
on,325.0,35.10964632395824,36.25758730140784,15.596790885278338
on,326.0,35.09324121146642,36.256893521256075,14.68841427634553
on,327.0,35.102979829238414,36.25777431886793,15.057733520188226
on,328.0,35.11352646349276,36.26881090731664,14.823490252914446
on,329.0,35.11854435126192,36.274305817040975,14.912454269877323
on,330.0,35.10758459813311,36.27755694806223,15.622417643319714
on,331.0,35.11444655043308,36.278820319756264,14.613852692540533
on,332.0,35.09559389597009,36.2804211875066,15.746528925452033
on,333.0,35.07991619162474,36.28256206552804,15.819380397925713
on,334.0,35.124457388360796,36.283285119520386,15.868467809966392
on,335.0,35.12121187226059,36.28842816675136,14.955593609530542
on,336.0,35.11072702808385,36.28831906857515,14.384829034552478
on,337.0,35.08849220453426,36.27869587224324,14.808361456094827
on,338.0,35.07268201218234,36.27102428115933,15.36046468244238
on,339.0,35.1029966376334,36.258721138763384,15.449261671962423
on,340.0,35.09183321813198,36.25509742411941,15.325446667233019
on,341.0,35.10004453581503,36.256156485141545,14.828843298389394
on,342.0,35.11239756258143,36.263097481024374,15.265297865497487
on,343.0,35.10502856899834,36.26357783351847,15.073386998734039
on,344.0,35.0936918281315,36.26848237889872,15.190458684544264
on,345.0,35.094536359179806,36.27095468967481,15.152881448033739
on,346.0,35.11008627865419,36.26531179572308,14.890128783951418
on,347.0,35.1150164444603,36.26299819561101,14.683501672522834
on,348.0,35.10287105316354,36.26314559712729,13.884899083426596
on,349.0,35.09803548236929,36.258199456433026,14.040910046148255
on,350.0,35.08657198529734,36.25640336312607,13.922875923512557
on,351.0,35.06537015082882,36.25186750337121,14.418314960151903
on,352.0,35.048490590064034,36.25548733653366,14.179243674212454
on,353.0,35.06030466113649,36.261731191842195,14.759365571305116
on,354.0,35.05945873615735,36.26621687126296,15.044813547867136
on,355.0,35.06683711914802,36.27930187522451,14.999932687206359
on,356.0,35.06677393727835,36.27730388755575,14.994015045616457
on,357.0,35.06584616255112,36.278015125023465,14.455218513218618
on,358.0,35.08215137760645,36.27424653370899,15.383053698267684
on,359.0,35.102330829696704,36.25912331414945,15.090946801716033
on,360.0,35.089388174973884,36.23782114804386,14.057268464758925
on,361.0,35.094062103603555,36.24598766160976,14.889640977187133
on,362.0,35.0846153406627,36.25431499580721,14.533007782962049
on,363.0,35.10174674242291,36.24559693358482,15.539778194368136
on,364.0,35.14786806402823,36.2405907341878,14.782498265360921
on,365.0,35.14328320509314,36.23778376610193,14.716749072998686
on,366.0,35.11764847594019,36.24715930366577,14.792919157162553
on,367.0,35.106025291421425,36.250312111070464,14.65131468988156
on,368.0,35.10341927041039,36.24946778432998,16.129373042991517
on,369.0,35.108326532066066,36.25400669179783,15.12035464105382
on,370.0,35.1068346097492,36.24858278487647,15.430955750885186
on,371.0,35.114103766860055,36.25221230769697,16.10475903597781
on,372.0,35.123747042676264,36.26341223222652,15.802532695497941
on,373.0,35.11439969387233,36.27356004476805,15.74510759384965
on,374.0,35.12184992015453,36.27528060899167,15.023564478311561
on,375.0,35.11059550915501,36.27232583195666,15.612358368766955
on,376.0,35.11428247538391,36.273043201704255,15.463747539499575
on,377.0,35.11847791575523,36.27658893853633,15.699760136077057
on,378.0,35.138885399272695,36.272180564779156,15.15417291992763
on,379.0,35.13829564182301,36.26904255014017,14.009470708626678
on,380.0,35.10491831057335,36.27138637278445,15.536483122878131
on,381.0,35.08759973482019,36.27150221977429,16.119224259949046
on,382.0,35.08998179726132,36.2797846789816,15.587577013299725
on,383.0,35.091127159760894,36.273950174200266,15.154033977434139
on,384.0,35.0850927268924,36.26619991517441,15.143693174060271
on,385.0,35.08719362299546,36.25495116064976,15.515748226693692
on,386.0,35.08152084908754,36.255432222727606,15.216077886048039
on,387.0,35.08687931078318,36.26197972766951,14.921625906671666
on,388.0,35.08193902717225,36.27481884000191,15.16785079147369
on,389.0,35.10689914530018,36.27082636742474,15.675160776151419
on,390.0,35.10293986118385,36.27178291231963,15.017664264147054
on,391.0,35.085394151659806,36.26798228461084,15.377068838465883
on,392.0,35.0712730915788,36.27509819913198,16.468051581806446
on,393.0,35.08038371554346,36.28446868764476,15.120118409409358
on,394.0,35.07866045749497,36.27819339617095,15.519376320726877
on,395.0,35.10157402723353,36.28021663671293,16.0106251157745
on,396.0,35.114923716195946,36.28014514034935,15.125752753647795
on,397.0,35.12141568354576,36.27751867477105,15.388581965158671
on,398.0,35.138966419410316,36.26705878283483,14.300050423743183
on,399.0,35.10840487255514,36.26525455675985,14.710781920705271
on,400.0,35.0982291032267,36.259767282596314,14.689569771914286
on,401.0,35.09937004220982,36.251613414321106,14.297266241055443
on,402.0,35.10225477455109,36.24114279298739,14.832652695112941
on,403.0,35.1031827046781,36.248387238647055,14.573252008985765
on,404.0,35.10028341552871,36.2581942151559,14.379995410622742
on,405.0,35.11630483522438,36.25216740936416,14.491683469919519
on,406.0,35.120353566229255,36.246244570080414,14.284982154084645
on,407.0,35.12122726466698,36.255526001374584,14.048055330569822
on,408.0,35.0916846900459,36.26523428006822,13.62613055447896
on,409.0,35.05664085614087,36.2536683112324,14.584273387143245
on,410.0,35.07521267407983,36.24961578125084,14.686557208330328
on,411.0,35.06989104078677,36.24488866728484,14.350382189412947
on,412.0,35.05779249161927,36.2506240047944,14.248329192981373
on,413.0,35.047491354395156,36.26625536531886,14.212759570506506
on,414.0,35.04504369086607,36.26420273115458,14.477544679563682
on,415.0,35.05163785870085,36.26217611791004,14.732826553434343
on,416.0,35.07357444035099,36.2624891467199,14.259263625258406
on,417.0,35.105226696497105,36.26098470358277,14.42935487599498
on,418.0,35.11613446841775,36.256564200643474,14.179010562699395
on,419.0,35.110817833924806,36.27277618099924,13.74798106973368
on,420.0,35.10534771997702,36.28405582456332,14.234075298859318
on,421.0,35.10362672271261,36.2927421847611,13.929611903847173
on,422.0,35.10430189685167,36.29345729341913,14.579851172339758
on,423.0,35.112376727959244,36.28218551484163,14.349267874161097
on,424.0,35.1057685187021,36.28421685982434,14.29844794227315
on,425.0,35.101059714658675,36.28162290670942,14.365802067400347
on,426.0,35.097152327734314,36.281872018266334,14.531937571251031
on,427.0,35.101555304566766,36.2772619700285,14.588762121139599
on,428.0,35.090276260184496,36.27755714899052,14.393417940449519
on,429.0,35.08560925866927,36.275541797144456,14.516572927890403
on,430.0,35.07924674002665,36.27633620816505,13.981210180493953
on,431.0,35.07847090626264,36.27410283254912,14.018156629129443
on,432.0,35.08221332285243,36.26039306529703,14.515595173388078
on,433.0,35.08940082623778,36.25011018414879,14.010772781013141
on,434.0,35.09301501535034,36.25370342318549,13.29672525369859
on,435.0,35.10072670808551,36.261248390650735,13.556338004565042
on,436.0,35.08930383637548,36.263460480321825,13.751089400925842
on,437.0,35.06874410893603,36.252308393980336,13.594603121052362
on,438.0,35.06308505096935,36.245482200757145,14.429660954468897
on,439.0,35.082311263498546,36.23132177648254,14.506520409739629
on,440.0,35.103602887702095,36.233115279106464,14.226954725304644
on,441.0,35.11389894843389,36.242008704689354,14.318585521079882
on,442.0,35.11005651291925,36.238945313691396,14.554671138251521
on,443.0,35.10240842149004,36.2360999813308,14.795193500131429
on,444.0,35.11603364711623,36.240659300039304,15.067518440120377
on,445.0,35.12679890091929,36.24486583772035,14.37730093762128
on,446.0,35.11894791429154,36.25739447689686,14.311859192247152
on,447.0,35.11834572257499,36.256407528451916,14.251172605730584
on,448.0,35.11167116665138,36.25761633037219,14.358869502779939
on,449.0,35.12623714540151,36.25168760986364,13.473977070727578
on,450.0,35.10735417836242,36.246801079325344,14.402728467383808
on,451.0,35.082196481646534,36.236109777725666,13.971697763908418
on,452.0,35.08411657790452,36.24978862706459,14.6356710917001
on,453.0,35.05788972267854,36.25810019554258,15.525804804970212
on,454.0,35.061973175849474,36.260314303801785,15.278977311951941
on,455.0,35.09470585168005,36.256309207077585,15.002702370561135
on,456.0,35.09548574262545,36.26387283420313,14.45447303117857
on,457.0,35.085250905821745,36.27572316812293,14.20073714139389
on,458.0,35.08085192030426,36.27943402886102,14.435201580047698
on,459.0,35.08947989301429,36.27260394603348,14.281535582086203
on,460.0,35.08802715695124,36.26936302902786,13.776613555470057
on,461.0,35.09285067658926,36.26544035637407,14.038631112819363
on,462.0,35.07865952135833,36.26519666419393,14.822514696552085
on,463.0,35.077920972953386,36.27325195445611,15.385856409844369
on,464.0,35.06395016027373,36.27508083973989,14.4878985544309
on,465.0,35.06005131648861,36.28605641634974,14.754368933519677
on,466.0,35.06264602732014,36.28324770348316,14.77336154465737
on,467.0,35.05754782942865,36.28660584667087,15.316741786399259
on,468.0,35.085026508973534,36.28474668939581,15.26069613103655
on,469.0,35.11561233802135,36.27388371785252,14.708599383920614
on,470.0,35.13946007104847,36.26600529215531,13.820342633922051
on,471.0,35.1313135603768,36.26703695449997,14.552589420957652
on,472.0,35.121567037567196,36.27965258821586,13.252887066286803
on,473.0,35.10626078122107,36.26851381495327,13.607844012712313
on,474.0,35.088196237458824,36.270034419500924,13.930732114477566
on,475.0,35.09934166597525,36.275711843368825,14.216470401337563
on,476.0,35.10331787448249,36.270035655935594,14.72766564395969
on,477.0,35.099460369744484,36.27530098368811,15.98542865174494
on,478.0,35.098246232085586,36.27606104526847,14.821280989138884
on,479.0,35.07952687912827,36.27440594930492,14.578460870806165
on,480.0,35.092607638989314,36.27123229650902,15.08661885152804
on,481.0,35.07011223457784,36.27227029081785,13.581694055131162
on,482.0,35.04152906215913,36.271658768496394,14.16735057795005
on,483.0,35.0450112291301,36.2705698741585,14.719145965894864
on,484.0,35.06220925674259,36.26609015121395,15.019565535930653
on,485.0,35.07260056114275,36.264385780855754,15.147299290497397
on,486.0,35.09878574715394,36.263866124696605,14.477597348217568
on,487.0,35.088032662380314,36.261232187875805,15.095814123925223
on,488.0,35.09663896409322,36.26273729714239,15.38073415910325
on,489.0,35.122511984609424,36.260642627192496,14.249495781575824
on,490.0,35.1049927447725,36.26467296579303,14.21951723072857
on,491.0,35.110014725665934,36.27812747003384,14.231862260006984
on,492.0,35.10099670746519,36.276337207421555,14.377829278218005
on,493.0,35.10198889659747,36.28083963881018,14.53554975818778
on,494.0,35.11167723742376,36.272419918591076,13.77820878614217
on,495.0,35.113711562919114,36.26866943950903,13.582668686074289
on,496.0,35.119531421651395,36.26542820539969,13.460916746651302
on,497.0,35.09884771746909,36.2623437867949,13.373944947552054
on,498.0,35.09461639202345,36.262074487542186,13.554256715497871
on,499.0,35.085680947707594,36.259905842370706,13.459567284490426
on,500.0,35.06680386609127,36.273953042544214,13.038501482008368
on,501.0,35.072223135676225,36.28922793021378,15.183635961154339
on,502.0,35.086103554576574,36.29544569020775,13.978653169199323
on,503.0,35.07567570649765,36.29152142630724,14.4152402020997
on,504.0,35.06768469792137,36.28071392303655,14.653148071141413
on,505.0,35.07283228559833,36.27420855117523,15.075773257202727
on,506.0,35.09191582366943,36.26494978222457,16.47560374818595
on,507.0,35.12011209107102,36.253539657105264,16.029896286550116
on,508.0,35.14552329529833,36.24871272837874,15.838892846330035
on,509.0,35.12841866635707,36.26022578867136,15.79938575661919
on,510.0,35.12494093743139,36.26828178945333,16.2772736310246
on,511.0,35.13919057007573,36.27038202672729,15.85218670931104
on,512.0,35.13217072154488,36.277343893645735,15.8314518753212
on,513.0,35.12509228474077,36.279682914574416,16.806158034543287
on,514.0,35.11353005230311,36.2785460775789,15.641012380582005
on,515.0,35.11327582187584,36.28421363701687,16.744551392517508
on,516.0,35.12921422213066,36.29075167730477,15.300309083211499
on,517.0,35.13000621971523,36.28788210419903,15.84053994499246
on,518.0,35.123341388553015,36.295642914747845,15.072224198031378
on,519.0,35.11525498212462,36.29402848886997,14.597242479776334
on,520.0,35.097297093136305,36.277000967801534,15.444321217646209
on,521.0,35.09173133035047,36.26998729039204,15.220841682213969
on,522.0,35.10394622948026,36.270571828181524,15.133099591679684
on,523.0,35.094790811281555,36.27260662879094,15.641642983814055
on,524.0,35.08294282650642,36.26498490310783,15.636863179980626
on,525.0,35.06641656201984,36.26504006769323,15.473141362979295
on,526.0,35.083279312396606,36.266198068359664,15.726419468813884
on,527.0,35.111361882022166,36.262417236807686,14.887172702178798
on,528.0,35.10337255239061,36.25609413072762,15.50163317228168
on,529.0,35.09345193639335,36.26421682080948,15.763102694351556
on,530.0,35.09579005080558,36.27258301965174,15.686202117879716
on,531.0,35.08825343404463,36.27002118071177,15.306744834743629
on,532.0,35.088114023180836,36.27312333194328,16.00651196160345
on,533.0,35.10047038363815,36.27878475841582,16.500595763528754
on,534.0,35.11429496142579,36.282964340412335,16.595107100633907
on,535.0,35.12637396752427,36.288275809658714,16.3497771235404
on,536.0,35.13015281757849,36.28830593186415,16.304208326993926
on,537.0,35.127338625301675,36.286634046589576,16.656825023250878
on,538.0,35.12622654919584,36.288082364012794,17.182785713805874
on,539.0,35.156790135326695,36.280332944092336,15.935452578414395
on,540.0,35.15481478816893,36.292321320942875,15.660290403251022
on,541.0,35.154024802169225,36.30243088212568,14.843480178323873
on,542.0,35.15539220721337,36.288726628487765,16.50184039017904
on,543.0,35.14795606858099,36.286082997753674,16.488808849030836
on,544.0,35.135334424032486,36.27521612988391,16.056557171160932
on,545.0,35.139896538630715,36.26648479093574,15.487887499069114
on,546.0,35.14089849205849,36.26106437270873,15.052909957999201
on,547.0,35.16252937457501,36.26073644505295,15.809204349981009
on,548.0,35.18232103801121,36.26914803502916,15.159471142274853
on,549.0,35.154008884095106,36.27769095133509,15.684322765225051
on,550.0,35.115381716738675,36.29218159044738,17.099952656560312
on,551.0,35.07171861914332,36.29069322451121,18.03375301777163
on,552.0,35.051764546852766,36.2844654701782,17.809468875850516
on,553.0,35.05030621279612,36.28234179707511,17.25391793549223
on,554.0,35.06050061891793,36.27979020616637,16.398737513623765
on,555.0,35.058997064677456,36.26506585952987,15.91166163193277
on,556.0,35.065815783144366,36.257891249212186,15.773944655670615
on,557.0,35.10538133157225,36.24767305038813,15.635478616533877
on,558.0,35.13520136586635,36.23647408931824,14.661003409493734
on,559.0,35.11108425315394,36.24386901958928,14.814901518639125
on,560.0,35.09237511676879,36.247097907941594,14.900184480869939
on,561.0,35.06961233317728,36.264199983354416,15.942622728401645
on,562.0,35.068794514687106,36.274878966224456,15.673356533599609
on,563.0,35.07925299341378,36.27791998934785,14.85689450767509
on,564.0,35.081366363287444,36.26963830374171,16.054202080278632
on,565.0,35.103437277862504,36.26460775522295,14.997087548133454
on,566.0,35.12792231675843,36.270724495076315,15.466494846107665
on,567.0,35.120592700395186,36.27773180513983,16.338877972060985
on,568.0,35.086639339727014,36.28411258366814,17.665872532108917
on,569.0,35.074567709532936,36.29624568380522,17.893660020485136
on,570.0,35.09756781435074,36.2969845777964,16.810104409435965
on,571.0,35.120779378042904,36.28494832016352,16.406329314432913
on,572.0,35.131130057466784,36.27803611023317,15.368284863392311
on,573.0,35.13174904211037,36.280023323439025,15.198682500914583
on,574.0,35.122890742704975,36.284661322406805,15.084192622795264
on,575.0,35.12287236375495,36.29007580704175,14.585999205029186
on,576.0,35.111260685941765,36.27877430405487,14.0187606351659
on,577.0,35.11821441994635,36.2680362764658,14.455203377539885
on,578.0,35.12162838622622,36.258973434411025,14.393737118171547
on,579.0,35.09667833081238,36.257454911509214,14.400578055666257
on,580.0,35.07550045654612,36.25774675656778,14.9967568399044
on,581.0,35.06674501256502,36.25261841465109,15.268377738705137
on,582.0,35.08836034556117,36.25790870440141,15.23130311715429
on,583.0,35.091887605258414,36.26175471491105,15.348244298684774
on,584.0,35.084347534414576,36.255158622831914,15.30481755322118
on,585.0,35.09897824613959,36.25954531767631,15.229471065576734
on,586.0,35.10479388690244,36.2575564933244,15.136411137828153
on,587.0,35.0981948585011,36.24846556193527,14.366417813060249
on,588.0,35.10058208019256,36.25818332529574,15.116665740577767
on,589.0,35.12876166151256,36.26369130139388,14.672274186798775
on,590.0,35.1246922761235,36.26259589046681,13.871672773060546
on,591.0,35.09951357671589,36.261178385297775,14.936724234844132
on,592.0,35.09928732940823,36.26247848281447,13.799928955643207
on,593.0,35.08558405082509,36.25765872392276,14.14645455886788
on,594.0,35.07122557257407,36.255911869366955,13.97032490451787
on,595.0,35.071190482087864,36.267985335495915,15.587680321884367
on,596.0,35.086225707137444,36.2747483829828,15.237935788456225
on,597.0,35.097599978599014,36.268469626839284,15.14877759329968
on,598.0,35.09897093556311,36.273131410050205,15.794276685090821
on,599.0,35.091012059664465,36.263788076687966,15.8639795391617
on,600.0,35.10870485013656,36.24746554041921,15.365555190633886
on,601.0,35.09441180521388,36.25089096495455,15.08216790081699
on,602.0,35.10050674978712,36.24694354110127,14.90445059912945
on,603.0,35.09086635519729,36.242688727303495,14.954465632695673
on,604.0,35.09279547990372,36.24096217548656,14.86434286428598
on,605.0,35.0922573269821,36.237707813438206,14.757902626238291
on,606.0,35.081125592704126,36.238650020996516,14.022092025146168
on,607.0,35.074483489807,36.234014265758965,13.418731629208157
on,608.0,35.05349314408682,36.2267315352157,13.441075319993118
on,609.0,35.02458699082918,36.23674892033744,13.607636923123648
on,610.0,35.00990571399423,36.236909532362795,14.102071147075105
on,611.0,35.027213695892314,36.23916929462543,13.941054583266881
on,612.0,35.04795401145966,36.247211396865104,13.833645706341741
on,613.0,35.080033873974905,36.237953541813624,13.959223384554717
on,614.0,35.08641362853643,36.22300575997899,13.876236407690222
on,615.0,35.07818103011463,36.22693984286649,13.880102939135888
on,616.0,35.06668007463913,36.226155743487766,13.354319929582003
on,617.0,35.03594836320498,36.23955950420206,13.728676190228075
on,618.0,35.02915096952777,36.24924364871192,14.033543668946727
on,619.0,35.03539617520506,36.24739447060441,14.135890256341359
on,620.0,35.04479952672183,36.24425091372219,14.412777376834152
on,621.0,35.06194245706744,36.248223026974934,13.957190952182241
on,622.0,35.05939232841147,36.249604193010136,14.311876241883493
on,623.0,35.061949000414174,36.24890973217611,13.389501417082037
on,624.0,35.06819795190368,36.255419230565344,13.744050202173511
on,625.0,35.061910740970475,36.26670080682735,13.569208354752785
on,626.0,35.072627236017496,36.26025299888877,13.038770843827042
on,627.0,35.094007008651666,36.2528334824742,13.151351335498566
on,628.0,35.086655473216915,36.2503778014228,13.014135125057795
on,629.0,35.058111020220174,36.25972192683556,13.464421162265543
on,630.0,35.03192274269776,36.27189920172529,14.078637139500415
on,631.0,35.03406667278784,36.26944184451223,14.411609508490653
on,632.0,35.04479272752304,36.26151796465517,14.40058717987926
on,633.0,35.05825843522239,36.253807817135204,14.402752841060348
on,634.0,35.05638831362949,36.25512638260593,15.223270365875413
on,635.0,35.07179531639401,36.25919111920504,15.49494128967965
on,636.0,35.08199834208586,36.25737201393925,15.134952187795522
on,637.0,35.09487407264509,36.251418870406475,14.692169249418136
on,638.0,35.08942142213869,36.251177092633135,14.44606230842647
on,639.0,35.09155796651163,36.254815801341714,13.592707410017232
on,640.0,35.10252604929022,36.25124130852793,13.793558774258589
on,641.0,35.102104282548034,36.25701893288446,12.957852497659971
on,642.0,35.10741216906783,36.2659343823523,13.200235241946334
on,643.0,35.105164311831814,36.28159438238823,13.652098395154724
on,644.0,35.08005727009479,36.273858644825836,13.427843275226042
on,645.0,35.07829421698669,36.27089634149261,13.832397183709332
on,646.0,35.091134486820444,36.270284939269665,15.168707977092348
on,647.0,35.0863175552086,36.262495583083826,13.78672559096154
on,648.0,35.06902186192862,36.268092798253484,13.89219812192748
on,649.0,35.062752515615585,36.26695039517791,14.03559937565957
on,650.0,35.07559886257314,36.26705843558461,14.121704036816087
on,651.0,35.096965628168036,36.27280465344396,14.229795483697046
on,652.0,35.07803417660293,36.27072693071561,13.904775703170296
on,653.0,35.072113939950256,36.2686407808888,13.489265228811627
on,654.0,35.0443099120861,36.26953609019016,13.867499583989737
on,655.0,35.04406090771042,36.26764373424269,14.046769492767652
on,656.0,35.065082118077534,36.255141416795595,14.39668361846726
on,657.0,35.07178720475974,36.25402851304632,12.93089880233034
on,658.0,35.05623545388211,36.26827887526509,12.9097945080014
on,659.0,35.05927554709017,36.27114414363193,14.613956617802561
on,660.0,35.041090484460845,36.274576417366085,14.531980357480702
on,661.0,35.07036768669835,36.26109480070125,13.794592309363505
on,662.0,35.092829840418474,36.247846853389724,13.645029287648548
on,663.0,35.059527062827954,36.257763240253105,13.791916019793424
on,664.0,35.06208736117069,36.26358212308054,14.673414320704701
on,665.0,35.064756120091765,36.275151249140485,14.801356441820605
on,666.0,35.067536757831206,36.27215971765476,14.733820069735902
on,667.0,35.058260508385686,36.27458212650612,14.939909886130854
on,668.0,35.052306325749974,36.288381545271136,15.375448939625647
on,669.0,35.06098471533608,36.27842749532196,15.815141589832878
on,670.0,35.07339983115652,36.27378590530937,14.749683803835353
on,671.0,35.078182034841866,36.26897190566125,14.694562976978665
on,672.0,35.06943479913855,36.26507952088439,14.334305398757229
on,673.0,35.084063287104804,36.252786767655984,14.116090674063091
on,674.0,35.07958846796806,36.26126533597514,14.315472193601032
on,675.0,35.07194373890898,36.273689054325324,14.964939893801938
on,676.0,35.08070350828289,36.2893000358489,14.994958121150258
on,677.0,35.0893290796665,36.29493556802755,14.542020724149719
on,678.0,35.103436392352805,36.293229840561146,14.451499966325223
on,679.0,35.104205983318685,36.29228977284931,14.224240806483387
on,680.0,35.117602174253534,36.283276086488925,15.74428544409787
on,681.0,35.12528011175032,36.281447589730426,15.85904694673525
on,682.0,35.13838506160486,36.27397553649008,15.319561499362049
on,683.0,35.154434855501215,36.263078165024446,14.738555283959432
on,684.0,35.144789833949524,36.26557033466591,13.906923682130726
on,685.0,35.13519583616627,36.272281913553165,15.006631919115486
on,686.0,35.11739207347826,36.28344910069445,14.343969077435732
on,687.0,35.09725861325044,36.28151015422097,15.48357661767977
on,688.0,35.082569481877854,36.28125129994055,14.329532689535544
on,689.0,35.063431388952104,36.282592864801835,15.017228325469734
on,690.0,35.06488929970939,36.281850456599805,15.095378718551768
on,691.0,35.071622358372224,36.27663720368814,15.146765365610989
on,692.0,35.09349504752592,36.27656865506847,15.592870195707956
on,693.0,35.103038119774304,36.277854291325106,15.9762370281152
on,694.0,35.1310824245916,36.27317748102199,15.092432597146766
on,695.0,35.15885228713312,36.272207090888166,15.941456628914551
on,696.0,35.162296870474975,36.26607895625846,14.573409333694016
on,697.0,35.14958554526655,36.257582417044304,14.131624664958611
on,698.0,35.13243252462331,36.25697825387145,14.886794888696969
on,699.0,35.1148210327904,36.258749087266054,14.423293211178294
on,700.0,35.09108815497212,36.25629852829544,14.228238563168285
on,701.0,35.098364998310075,36.256749224929216,14.575253661066853
on,702.0,35.11138105146415,36.25686079286275,14.687885859258554
on,703.0,35.07920800510282,36.252053284169406,14.65253630756313
on,704.0,35.055108959807725,36.255781992603325,15.560073401475417
on,705.0,35.06990769129531,36.25496411294473,15.120754195590816
on,706.0,35.064990786621074,36.26078683765787,15.81498227240205
on,707.0,35.050914061646,36.268045786246006,15.821470643507467
on,708.0,35.043439742319876,36.2683267605316,15.433881189045866
on,709.0,35.036677880126035,36.26905589197511,15.567518079720585
on,710.0,35.05320639275842,36.2697817346068,15.767761649545193
on,711.0,35.07019109896176,36.268431930159544,15.817228887016732
on,712.0,35.090370319638424,36.26243398845753,15.075169185621167
on,713.0,35.0888008993026,36.25923890151176,15.192888019597495
on,714.0,35.09794233216603,36.266097811240115,15.28645532654873
on,715.0,35.11737259039881,36.25876762396042,14.887129214384828
on,716.0,35.10423337843013,36.26005475927925,14.763007748965158
on,717.0,35.09299052997016,36.258754189214656,15.229417165738184
on,718.0,35.08545210581994,36.25840661920691,15.471758161846541
on,719.0,35.090871762881726,36.2646956834839,15.289381424446795
on,720.0,35.114668636418315,36.26283729331808,14.710974764567652
on,721.0,35.1346564442336,36.25952302370269,14.175159977215657
on,722.0,35.1296456063211,36.271787007864084,15.277566365109525
on,723.0,35.144375864549865,36.28684621440771,14.580659941566582
on,724.0,35.13882907773896,36.292544343892935,14.774907781359953
on,725.0,35.1271865724547,36.28915549123309,14.92270521225062
on,726.0,35.14310598696224,36.283430944885126,15.180541384088526
on,727.0,35.15691669762708,36.26390950103455,14.580568433232019
on,728.0,35.150756426109695,36.25972635847483,16.4987306783064
on,729.0,35.1289777418019,36.26818346301535,16.021827791302456
on,730.0,35.127444303381395,36.27297522206963,15.693523729735155
on,731.0,35.140801368934916,36.269127114029246,15.339681106689074
on,732.0,35.13735017376298,36.26831745358698,14.759393086468993
on,733.0,35.11735952229842,36.259000266883916,14.67658126187768
on,734.0,35.09370512077569,36.24932346769172,14.664034760267153
on,735.0,35.08034203743864,36.25420229929742,14.735446461159452
on,736.0,35.080934277806065,36.24859499774773,14.87369752248717
on,737.0,35.05927864670975,36.24452096680161,14.84621408246798
on,738.0,35.09064612797134,36.24575114335154,15.46726624952193
on,739.0,35.0764061634025,36.25260796270662,14.637607406136683
on,740.0,35.065815536319725,36.25176985001742,14.676557026109684
on,741.0,35.05148690724976,36.25510375703009,14.871447237518986
on,742.0,35.04356456601674,36.26017011206318,15.34889971983105
on,743.0,35.06558132402414,36.257925696999635,15.104524557339102
on,744.0,35.07865085823297,36.25494312838476,15.514680070305664
on,745.0,35.09123664747078,36.251267951630936,14.744144179082667
on,746.0,35.07980468686109,36.246400240011255,15.487740554719569
on,747.0,35.08198465923123,36.24850725331031,14.83795389189627
on,748.0,35.09406171005859,36.25174887291984,15.4810746448152
on,749.0,35.11553896494393,36.25589208274371,15.464764201718772
on,750.0,35.12633090678923,36.261077439853594,15.118170300008757
on,751.0,35.12477040605244,36.26384794109831,14.112889711468153
on,752.0,35.108525947922715,36.25453545946903,13.44729653211078
on,753.0,35.07681610917603,36.24810058371096,14.759269608082343
on,754.0,35.06889244501442,36.25776381873622,14.713349212748604
on,755.0,35.066139244462825,36.25811767364804,14.516138032342996
on,756.0,35.05427288832667,36.254257712085284,14.452183692122183
on,757.0,35.06721288640045,36.24281977939652,13.957213020453539
on,758.0,35.037602093446864,36.24307714546604,14.511683665992791
on,759.0,35.042358297896016,36.24731912491248,14.421336373856299
on,760.0,35.04246567811411,36.25237010204111,14.612719774252525
on,761.0,35.06347929097059,36.25919604274789,14.689035213496336
on,762.0,35.05453805593832,36.26950465251769,15.40805650984337
on,763.0,35.067873315823924,36.27955076983777,14.247048418302548
on,764.0,35.08277632834432,36.2775537542712,14.365760320818502
on,765.0,35.06787294416752,36.28258531926744,13.64883956632276
on,766.0,35.06051530049423,36.29309599961649,14.390206524955927
on,767.0,35.038775190968636,36.291422668114556,14.187052271909854
on,768.0,35.03723539580776,36.29859241965072,14.50111899651327
on,769.0,35.04446731324253,36.29712729191906,14.541367900978274
on,770.0,35.02922900172081,36.29686474676817,14.090802671160375
on,771.0,35.020511051737984,36.299162249687,14.934218259602323
on,772.0,35.029344657681776,36.300702634386845,14.884719358122103
on,773.0,35.06157771909157,36.30110899980075,15.191402264788127
on,774.0,35.06664763213524,36.29255808950797,15.306163446141532
on,775.0,35.07763428486131,36.29507474770164,14.40656845926132
on,776.0,35.11239479688142,36.284828721596526,14.664670481088443
on,777.0,35.114163294780724,36.28859100172751,13.982682893965315
on,778.0,35.08527133256837,36.29605337607733,14.24974451302739
on,779.0,35.088314894717996,36.29390074813262,14.876722351715662
on,780.0,35.10547183252266,36.289119202615105,13.540616397543033
on,781.0,35.098473979300024,36.29411448714876,13.935867734131577
on,782.0,35.0938811772881,36.300771073224475,14.970966699444544
on,783.0,35.12043679583289,36.28677204485482,14.529088904688768
on,784.0,35.154138262355616,36.27707685835265,14.620881991963646
on,785.0,35.137866626940564,36.27890138612773,14.012987356158305
on,786.0,35.12843287647141,36.28271614789467,14.10157732830318
on,787.0,35.12737633486285,36.28283358143699,14.719423134956344
on,788.0,35.10867459415049,36.27693921354238,14.440668060997783
on,789.0,35.089976416676684,36.26835906481522,15.280773960399653
on,790.0,35.09567516127368,36.26828369106705,15.145176808656082
on,791.0,35.09618638081991,36.26608467289161,15.430555118717589
on,792.0,35.07653563128734,36.26057781915664,15.829979321412914
on,793.0,35.069027802310416,36.262115316692686,15.635835509720089
on,794.0,35.05765899710394,36.26038992385538,14.846438651447784
on,795.0,35.086316569625836,36.25737430448367,15.116710457816403
on,796.0,35.07157730694428,36.26261699510515,15.603306402302122
on,797.0,35.07881510847268,36.271855953248426,14.380405602332427
on,798.0,35.059946697590824,36.27648675535263,14.196833685430828
on,799.0,35.04866352536806,36.274816946292475,14.430427758292096
on,800.0,35.06930785388828,36.269812436458764,14.39872576706617
on,801.0,35.06601680690859,36.2554719206177,14.430720317489136
on,802.0,35.07803010751906,36.247369658153815,13.77951934314897
on,803.0,35.09668310030689,36.23023741558005,14.208236196330791
on,804.0,35.09442496364194,36.229076553631415,13.146152840018292
on,805.0,35.08845647114608,36.239333291986945,12.947333875068772
on,806.0,35.06826361589424,36.246005936970825,12.589914661126379
on,807.0,35.030433003343205,36.253472054176385,13.642301527857315
on,808.0,35.01458941253152,36.26310810877334,13.640247250618925
on,809.0,34.999461741945424,36.273448467797294,13.575552437369659
on,810.0,34.99753647388028,36.286074521356944,14.155632736775829
on,811.0,34.99780005487814,36.286796952169254,14.569190596929438
on,812.0,35.01206412287205,36.2807545797954,14.50263844200849
on,813.0,35.0228433312303,36.27986534547918,13.452194396458905
on,814.0,35.03005925047528,36.281177492833955,13.357315614969165
on,815.0,35.02692910117426,36.27724512969417,13.679411445189462
on,816.0,35.024467395638254,36.278045100852324,13.849526448502548
on,817.0,35.0346971441276,36.2702893568953,14.283093528356483
on,818.0,35.03989039953276,36.278084938832954,15.108434222444133
on,819.0,35.06691568332472,36.28491407833361,15.009934898982749
on,820.0,35.07538939099424,36.285591979506904,14.654732018903177
on,821.0,35.09146928640577,36.28679455604881,14.631615357764534
on,822.0,35.09801616057408,36.281880552584695,14.65637602443751
on,823.0,35.10556696259152,36.26863428886986,14.146676401462567
on,824.0,35.12688846866169,36.27162592983385,14.45154915352856
on,825.0,35.11617047522154,36.27475133204146,14.331998636936142
on,826.0,35.1126572451888,36.28243616654198,14.952773474991847
on,827.0,35.13596756780911,36.282223819971854,15.502374838098726
on,828.0,35.12293087046657,36.285066027380495,14.527640539176168
on,829.0,35.138219791349584,36.276111632777585,14.50714491217954
on,830.0,35.143390225623186,36.2661207928223,13.553557841686228
on,831.0,35.09768102569655,36.262036070276075,14.442135807167901
on,832.0,35.08615062906136,36.264955686292346,15.34882399193351
on,833.0,35.079062926061255,36.28211994418511,15.290215778378492
on,834.0,35.05730664850828,36.28903733988173,16.005774236006282
on,835.0,35.092397057691784,36.275907637301636,15.524308380609494
on,836.0,35.11334787392397,36.27430624250146,15.664183300983192
on,837.0,35.12955055443153,36.279535789063864,14.934544765747239
on,838.0,35.12452078246408,36.29226762471921,14.25466438631016
on,839.0,35.11030208298498,36.29987285720046,14.38337777314273
on,840.0,35.104356297762756,36.30016950278261,13.850102987684922
on,841.0,35.09675911176515,36.30294596958058,15.21008879935088
on,842.0,35.108297106986,36.30391081443127,16.15596282564528
on,843.0,35.11862496669977,36.310931489517955,14.197919585660182
on,844.0,35.10610717138786,36.317480249494054,15.267520516410055
on,845.0,35.09227366037781,36.30846335818232,15.370300048256862
on,846.0,35.09959197521249,36.30698871092905,14.977795031778992
on,847.0,35.10656545560024,36.29139497175324,14.376415682305835
on,848.0,35.10264815467164,36.299942935214915,14.937731314201539
on,849.0,35.08859093925632,36.30163164882331,14.158641656839707
on,850.0,35.08806937615776,36.29964177160022,14.036044626971094
on,851.0,35.08429708870048,36.30209161055845,14.198440928860647
on,852.0,35.06758596896033,36.312315794640334,14.965040623418407
on,853.0,35.07494194582411,36.31293610400746,14.670220717170565
on,854.0,35.06247691780784,36.30921385985788,14.797863291151874
on,855.0,35.05566502858047,36.311802654064266,15.155704866292153
on,856.0,35.051947811017754,36.306934485834745,15.311840439730036
on,857.0,35.04577487289103,36.305505413717725,14.401558207378297
on,858.0,35.03018245526011,36.2981665557026,14.962084160166974
on,859.0,35.043606878782604,36.29615820146064,14.272001844475295
on,860.0,35.039796737934374,36.29499870140603,14.287633672298936
on,861.0,35.019939330042796,36.29986136986608,14.574389619912505
on,862.0,35.01522729826162,36.30540433630673,14.620467712585414
on,863.0,35.04809052162928,36.3058027772321,13.901577886294387
on,864.0,35.05598122106006,36.30942112521011,13.845101761165845
on,865.0,35.11008018623408,36.301120561076885,13.62953864796851
on,866.0,35.09922055791238,36.293536302816385,13.193691278697933
on,867.0,35.078901842964534,36.2943507634336,14.249923117394907
on,868.0,35.10512596090457,36.28712931739909,13.021286571129306
on,869.0,35.09811759898411,36.2762544790622,13.839553181868354
on,870.0,35.09957678267563,36.26998668480141,13.30574050776378
on,871.0,35.073760832999504,36.27338090328684,12.553053728692262
on,872.0,35.07279829669854,36.27196271966852,13.294253521631642
on,873.0,35.05539092023339,36.27071575723857,12.900775514380522
on,874.0,35.0669369276131,36.263571308870745,13.210669037646552
on,875.0,35.04888596863041,36.25815256435339,13.734774140603399
on,876.0,35.051300087628285,36.263724944227576,14.632374359852609
on,877.0,35.07077595771184,36.27272629973528,15.141022938418509
on,878.0,35.116552460426945,36.28861737817202,15.322220131406626
on,879.0,35.10347735669512,36.287776347956566,14.381130049882165
on,880.0,35.12975851153298,36.284220895390085,14.18006815495707
on,881.0,35.10722804349334,36.288954162960216,13.374490156425702
on,882.0,35.09217317450504,36.29327443131308,13.863362158664424
on,883.0,35.082813452401545,36.29442896388614,14.144808905421264
on,884.0,35.09574281757755,36.295121372586244,14.163095286422474
on,885.0,35.087073231543265,36.29733834021385,14.1540042128177
on,886.0,35.08525036693489,36.300553124163294,13.867460866112406
on,887.0,35.075042134271854,36.3045995301747,15.452180075631066
on,888.0,35.08882178162465,36.30586516903693,15.642238098169472
on,889.0,35.12044821857509,36.320198683584216,15.189921124521568
on,890.0,35.12368129037734,36.327291701359584,14.505782295883872
on,891.0,35.1164906336123,36.3240203159311,14.778224392479391
on,892.0,35.114104013446656,36.32201622809426,14.276109815004943
on,893.0,35.103865068483806,36.32116915401042,14.387538910046857
on,894.0,35.095104582362964,36.30575847443871,15.958976981903891
on,895.0,35.10443298514208,36.29483985896953,15.39186886706202
on,896.0,35.113435759411885,36.29284290014782,15.062478669243283
on,897.0,35.11042765419228,36.29137156381651,14.896233825260289
on,898.0,35.107835546228145,36.286549082543054,13.795662901152863
on,899.0,35.07132473016062,36.28985914504533,14.660382625932908
on,900.0,35.065425683212275,36.30038916368147,13.773185628899348
on,901.0,35.05234633673116,36.304182167619,14.319960736570739
on,902.0,35.05990891433146,36.30990943005368,14.623104012724244
on,903.0,35.05775157190095,36.297592771757316,14.311582457342974
on,904.0,35.089868955465754,36.29422600220443,13.978059207637735
on,905.0,35.10667107945577,36.2870368972237,14.050707580279564
on,906.0,35.109766635269075,36.29035124937339,14.398169304634843
on,907.0,35.10282080657357,36.28524852105762,14.805345448570781
on,908.0,35.10772629325133,36.285592752492825,14.408480798735058
on,909.0,35.12689781581722,36.294173006478594,14.142227365555748
on,910.0,35.125964079831746,36.29655823267819,14.540653199721255
on,911.0,35.11465357883143,36.294159482122794,14.000106812652799
on,912.0,35.08631677806472,36.29387256181866,14.586333747995745
on,913.0,35.064211552239435,36.295565177600345,13.906697420002109
on,914.0,35.0602726807966,36.293585010848055,15.505337573018224
on,915.0,35.052440268728915,36.29516556690685,15.165289881247208
on,916.0,35.072046953245774,36.298272083592146,15.583954513346336
on,917.0,35.08484730940997,36.2933876752953,15.173883338545831
on,918.0,35.097336979916626,36.30034047014413,14.676172649349873
on,919.0,35.08715905910881,36.311508966486926,15.496319132050893
on,920.0,35.1175961109081,36.31018380917523,15.424186851818256
on,921.0,35.12051209605793,36.30783169134666,14.268117897904222
on,922.0,35.1163752830926,36.30588458409353,14.049295211207767
on,923.0,35.09579699207174,36.316295889106556,14.496551665823539
on,924.0,35.09833707975897,36.311498893466414,14.665721798467409
on,925.0,35.110121397773135,36.30369751857898,13.938635862310804
on,926.0,35.128589107688185,36.301476645724534,13.26311715193016
on,927.0,35.121791913011435,36.29707746016978,14.336684022808864
on,928.0,35.12611906023972,36.29401119363396,14.188394949197512
on,929.0,35.119011749438684,36.2889519569928,14.453905189288097
on,930.0,35.11216181027946,36.29940824691706,13.791919419299099
on,931.0,35.097349394854355,36.305870509127836,14.273048268126534
on,932.0,35.1102099220662,36.30390952557097,14.7546760782159
on,933.0,35.10934078577094,36.29396945410603,15.962107827372183
on,934.0,35.118132523998234,36.29939111809383,15.183373412396572
on,935.0,35.12300530175609,36.30499101552992,14.987948494156118
on,936.0,35.13403974583714,36.29948566806491,15.193348501565614
on,937.0,35.14153470418889,36.29356554341538,14.956748846084087
on,938.0,35.157560078598195,36.291615737701555,14.476221945603182
on,939.0,35.13934852621571,36.29976210209639,15.276736606216517
on,940.0,35.13094261081149,36.30073155201358,14.80781404335388
on,941.0,35.117408233885094,36.29400993170421,14.289503564418698
on,942.0,35.1200177590509,36.2979123625464,14.57818629301448
on,943.0,35.11578489437896,36.29878715801729,14.317834242977755
on,944.0,35.11491175189949,36.293459783645766,14.033943093914157
on,945.0,35.089369317990545,36.279594770690444,13.320465369995315
on,946.0,35.063324727049086,36.26844468677918,14.691883717215983
on,947.0,35.05406203752256,36.26704561076343,15.053136831189112
on,948.0,35.0500190238137,36.26924927495952,14.429335850923621
on,949.0,35.08564054361442,36.26130165966391,14.740853103544179
on,950.0,35.092155845637336,36.244925820338445,14.851214540981058
on,951.0,35.11294939109102,36.24288835015238,14.539423494813889
on,952.0,35.11304084117044,36.253713908411164,14.771350701642358
on,953.0,35.10038993204459,36.27169283486645,14.235220589421864
on,954.0,35.109137482966524,36.271797326781105,14.040427778391084
on,955.0,35.093875421654474,36.265257100294804,14.157064158712423
on,956.0,35.103592545567274,36.27745321261377,13.900920967280921
on,957.0,35.100646045697516,36.28303767438623,14.490968459426517
on,958.0,35.114810324088275,36.29101816374713,14.12378805767653
on,959.0,35.099300529127355,36.29781289779278,13.684246657122898
on,960.0,35.09970387424934,36.30198773696363,14.316704307714065
on,961.0,35.08825209077589,36.30030179302398,14.475602608230801
on,962.0,35.074783702231336,36.300398778460504,14.345394603032979
on,963.0,35.092168826063535,36.30283972209924,14.523916862031312
on,964.0,35.08979829597641,36.307928023421184,15.088477673529063
on,965.0,35.07565375437466,36.3121079899651,15.375276854444273
on,966.0,35.075865789513884,36.31076626440837,15.113597402599595
on,967.0,35.06890350969438,36.31696594733559,14.87283051696507
on,968.0,35.0556938372705,36.31551654834414,14.39079032484986
on,969.0,35.051917098457466,36.3151523293568,14.282022236538293
on,970.0,35.050539389677255,36.31370926248118,14.488083459909696
on,971.0,35.03013481902642,36.3137632004428,14.619597686736764
on,972.0,35.06321915083465,36.303573578141126,14.249938674249798
on,973.0,35.06925097019189,36.296516291361336,13.815372904902226
on,974.0,35.058204596049265,36.297523023186905,12.878968493811694
on,975.0,35.049183448140646,36.29500460194845,13.53318160913269
on,976.0,35.057831506914326,36.29911021833565,14.03839724369659
on,977.0,35.084802496247725,36.2953913354487,13.750427536571923
on,978.0,35.08694389985884,36.2898841430595,14.112196390030036
on,979.0,35.12028249376267,36.271282579621335,14.2208034092038
on,980.0,35.13586522642685,36.26511457111257,13.098205670736867
on,981.0,35.13187351327653,36.27793363150208,13.955627541789413
on,982.0,35.130250564202996,36.2858671413992,13.885142777957375
on,983.0,35.13207718379287,36.29346562888892,13.773556765785042
on,984.0,35.116833354936794,36.301263466382196,15.374433397843816
on,985.0,35.111078891603725,36.299052362755205,15.063537819629941
on,986.0,35.10428443274476,36.305856808541726,15.40323244965938
on,987.0,35.10996656901907,36.30656180744924,15.745743015483166
on,988.0,35.130603962604575,36.30153038495962,15.83838828674679
on,989.0,35.13091135089166,36.29411651551032,14.777661738098523
on,990.0,35.1238521390622,36.30045644970413,14.650943442636379
on,991.0,35.11063133146929,36.30516471335408,15.23151027150093
on,992.0,35.12267712676275,36.301530097723166,14.579033820506208
on,993.0,35.12254788747465,36.289930344696614,14.578238340051856
on,994.0,35.115352268915885,36.28686937961952,14.456345337952849
on,995.0,35.11844933499962,36.28733091385677,15.38954439502804
on,996.0,35.105005814551845,36.292862280796804,15.279177015132193
on,997.0,35.09563628477843,36.30282851774861,14.969878582379199
on,998.0,35.10805728982507,36.29733810859805,15.52923562827116
on,999.0,35.126542788800926,36.283142571257216,15.607720720001232
on,1000.0,35.127504832349054,36.280665071435536,14.739108325714067
on,1001.0,35.12576029426496,36.27946837519726,13.630010120428071
on,1002.0,35.10868962818355,36.26851585510159,13.909962812190892
on,1003.0,35.10089628431942,36.27673168291452,13.997861332414269
on,1004.0,35.08253136969516,36.27508903388051,13.627319405322636
on,1005.0,35.06848564726022,36.26951707939585,13.864559808058596
on,1006.0,35.08770291066095,36.273799500583564,13.299203961497536
on,1007.0,35.07341094399621,36.282321431553555,13.002554408775005
on,1008.0,35.048939562591954,36.280909536844185,14.117503467185195
on,1009.0,35.03437544957939,36.27783190840622,14.385721042684725
on,1010.0,35.049763223338815,36.27375617261559,13.576731282455363
on,1011.0,35.05853311332207,36.26761101412555,14.225487788045651
on,1012.0,35.08632758179144,36.27183186378654,14.174749892867336
on,1013.0,35.09796857986924,36.266737627924705,13.743272775944579
on,1014.0,35.12131474360664,36.26861326824974,13.17010510403136
on,1015.0,35.10791251124863,36.27814379859243,13.207511158525538
on,1016.0,35.10564108924112,36.281793500420484,12.634499082826135
on,1017.0,35.11206913778546,36.28047574841871,12.732422686675005
on,1018.0,35.087083766484305,36.276773357250384,12.981963451364813
on,1019.0,35.07652364651714,36.27337885090357,13.301970125163916
on,1020.0,35.0787095249284,36.27131854510713,13.67515158719593
on,1021.0,35.100073484431185,36.26935718893256,13.664297866984988
on,1022.0,35.08893205535808,36.2729119677858,14.469169188405427
on,1023.0,35.0628023693483,36.284054401146726,14.18815561450155
on,1024.0,35.06970232080356,36.28359150228414,14.06542785588288
on,1025.0,35.085789876656925,36.280509713929504,14.108366735706543
on,1026.0,35.0895963691232,36.28644549632307,13.151489619454772
on,1027.0,35.10836891565402,36.281044096253474,13.710283931453626
on,1028.0,35.104947825937174,36.27438634723931,13.03952442063482
on,1029.0,35.09090267925383,36.27992656456686,13.236615956094937
on,1030.0,35.08583651684122,36.278284226655394,13.444139934301923
on,1031.0,35.07889423670815,36.275537633013705,13.494424876535183
on,1032.0,35.08958432264439,36.27443235465873,13.911385458469585
on,1033.0,35.083185897413834,36.27590579683777,13.647193879968874
on,1034.0,35.10217986364935,36.275492440023484,13.981741494443352
on,1035.0,35.09215369485528,36.27991605970161,13.724568570782822
on,1036.0,35.081219173391204,36.283803000907504,13.64647593477882
on,1037.0,35.07309076196977,36.29174114506231,14.5323252951995
on,1038.0,35.07731241111883,36.296027956885894,15.238047896617966
on,1039.0,35.09721415214753,36.295363945451044,15.083826147313289
on,1040.0,35.15231403247822,36.29007170099274,14.385624818034437
on,1041.0,35.145897888564626,36.28766972154748,14.513649706561079
on,1042.0,35.13519292526338,36.28787490519835,13.876132535062673
on,1043.0,35.10546532596644,36.294747782330504,14.00484700378137
on,1044.0,35.09243436287006,36.30229219862342,14.300224823109758
on,1045.0,35.08070015143397,36.30137345295999,14.308158399643471
on,1046.0,35.08205762412448,36.30629136282014,14.44007918100596
on,1047.0,35.084871607118465,36.30843709111683,13.706528358034152
on,1048.0,35.08018615890542,36.30721634510042,14.919606727696827
on,1049.0,35.1109748465623,36.30161513062368,14.634476736918423
on,1050.0,35.09718319520121,36.29775853280306,15.55673431161394
on,1051.0,35.11013600983844,36.30488898646259,14.875901089061985
on,1052.0,35.107775588452014,36.302476198755556,14.772891726445968
on,1053.0,35.107039656380636,36.30740741305458,15.339783813463123
on,1054.0,35.11421165938085,36.31290483086983,14.888853015999613
on,1055.0,35.123735539590825,36.31336818819531,14.402245904401482
on,1056.0,35.11887584468069,36.3129421258142,14.536217510982812
on,1057.0,35.149836356199366,36.308757869104205,14.765793580946102
on,1058.0,35.1683972769461,36.302772455524085,13.722120446549447
on,1059.0,35.16344752270424,36.297312837495504,14.372125937943055
on,1060.0,35.13173544771881,36.29670271088312,14.421168861245466
on,1061.0,35.13489483630229,36.28951244400925,15.280007292669309
on,1062.0,35.130622903663145,36.29331650941636,14.167158230380853
on,1063.0,35.122471379727784,36.295557272350955,14.44149395268938
on,1064.0,35.12031252313027,36.28838687199251,15.178336859069779
on,1065.0,35.10367265509055,36.292019039886505,14.453483502080003
on,1066.0,35.112300451457884,36.28494386829651,14.953266960416663
on,1067.0,35.127160639024986,36.28289865015852,14.195606437828046
on,1068.0,35.118382389519745,36.28711983853509,14.579241824866997
on,1069.0,35.10175498942524,36.28903836508974,14.452962112530813
on,1070.0,35.09615343526757,36.284122282300494,14.714420809616307
on,1071.0,35.08075193723097,36.291770203189415,14.830916691597412
on,1072.0,35.06981221823025,36.297228906779864,15.198280842243499
on,1073.0,35.085897613934364,36.28933758111891,15.27518736251126
on,1074.0,35.1078418704917,36.28174506917135,15.066053260284942
on,1075.0,35.12241216077872,36.2772356021679,14.37921201334349
on,1076.0,35.108907473721644,36.28458866446573,14.680547443698071
on,1077.0,35.104929979401916,36.281944559656765,14.528970146656425
on,1078.0,35.106699429231824,36.28200046534753,15.324408411404981
on,1079.0,35.10426224082965,36.29107210791098,15.589214779508712
on,1080.0,35.12765178850035,36.29391713797784,14.927160680615945
on,1081.0,35.13487015061332,36.2942005614927,15.05176721947756
on,1082.0,35.12476537718678,36.29335993301004,15.766068891348148
on,1083.0,35.140274258831575,36.289111881839794,15.779306855021455
on,1084.0,35.15095524662221,36.28297431528929,14.954492358839406
on,1085.0,35.160848138504605,36.287601237573874,15.55760241181914
on,1086.0,35.14981778180381,36.29426031137133,15.557101203607099
on,1087.0,35.14377871063593,36.28957633198223,17.433405679155342
on,1088.0,35.15871914239366,36.2894543812201,17.290760584883813
on,1089.0,35.18799214278853,36.27964929817125,16.214221224482444
on,1090.0,35.18027329651376,36.28185041419455,15.609248104044918
on,1091.0,35.16100330961602,36.292740639423364,16.468685851189093
on,1092.0,35.1535690011282,36.30118247073965,15.617261230259103
on,1093.0,35.13892562872121,36.29466748336013,16.131803272057805
on,1094.0,35.13767758421994,36.286999478790804,16.0411019178152
on,1095.0,35.123890395373465,36.30097763453882,16.540902180837854
on,1096.0,35.14135817787176,36.28826805693563,15.80710575212252
on,1097.0,35.14658078936759,36.2748560922297,14.95584275627336
on,1098.0,35.14317085531634,36.27686937345565,14.56968558227015
on,1099.0,35.15236875355304,36.27560725376263,14.544377326318628
on,1100.0,35.149592747187235,36.27628091968636,14.404409795867883
on,1101.0,35.13284001013218,36.26728831958944,13.818067343081331
on,1102.0,35.12559711366119,36.25993033101942,14.260386479728925
on,1103.0,35.10986610709808,36.2611186502897,14.660308481647544
on,1104.0,35.10813905885549,36.25055529202912,14.198489469550786
on,1105.0,35.09759091001457,36.24747028053653,14.41210841754147
on,1106.0,35.0999256891812,36.25301976075176,14.12894968445222
on,1107.0,35.1111038695593,36.26064711558895,14.328170478169673
on,1108.0,35.083159705668294,36.27618484641759,14.830448164556506
on,1109.0,35.07747989501982,36.270670055057074,15.228406061792143
on,1110.0,35.08047080859035,36.263577298939055,15.219653489411886
on,1111.0,35.11296863532946,36.26606440725618,15.410573859528222
on,1112.0,35.10337725770567,36.281556674315475,15.014006487065338
on,1113.0,35.139038233360935,36.27682066203187,15.527604657594356
on,1114.0,35.13507153964756,36.26757132475223,15.026603638035898
on,1115.0,35.13282232197148,36.259983053051656,14.688663586650025
on,1116.0,35.15063416660045,36.266557832917044,14.443097688982693
on,1117.0,35.16388581349453,36.27776055656439,13.842281658567957
on,1118.0,35.144856039511104,36.27190246702448,14.226084447271132
on,1119.0,35.11710081982929,36.27778392887833,15.984182572255058
on,1120.0,35.123398629426376,36.27701192284552,16.36890284358109
on,1121.0,35.11760913025679,36.28116796079935,15.485036250799556
on,1122.0,35.12053286389424,36.275742084836146,15.487858683345355
on,1123.0,35.125109023757304,36.27925505034638,15.251949074471359
on,1124.0,35.15868578317857,36.276111888418264,15.109332159477441
on,1125.0,35.16273902872011,36.27720545721052,14.191099553165845
on,1126.0,35.149761796630465,36.277788936692865,14.30939219304282
on,1127.0,35.15093244852373,36.283182539642546,15.109111220129101
on,1128.0,35.170375868866394,36.28509078014676,14.303641661644276
on,1129.0,35.17904282157628,36.287503440353916,13.9807236512237
on,1130.0,35.16013328671284,36.287981072316605,13.49834595711329
on,1131.0,35.16561578349177,36.29140160949411,14.740383694436645
on,1132.0,35.17642004992565,36.28742086313497,14.676961234483684
on,1133.0,35.19610093674152,36.286691674017675,14.86779735493154
on,1134.0,35.190800393385636,36.29500880808824,14.131042849851987
on,1135.0,35.16414283618057,36.29320886389807,15.906303324848686
on,1136.0,35.15839877525324,36.276921544345186,17.224851259023247
on,1137.0,35.1477557172173,36.27401024290348,17.740077624717983
on,1138.0,35.157309573569215,36.26579541570632,17.372773857320702
on,1139.0,35.1479599282391,36.27182629923556,16.220143576456564
on,1140.0,35.1353237701703,36.284034218915444,15.955161518134158
on,1141.0,35.120324418588666,36.28582045575329,16.476235811474663
on,1142.0,35.13366331093966,36.29043039430916,16.231867172988153
on,1143.0,35.129507416633665,36.28610282995235,16.640593448546976
on,1144.0,35.139797895769895,36.286329375109936,15.552751452654974
on,1145.0,35.13728075549457,36.29843270214487,16.047348408007274
on,1146.0,35.13419091232382,36.29944348183178,16.851900602953492
on,1147.0,35.140990912130725,36.29513627041819,15.774509765343009
on,1148.0,35.12865175101073,36.29384225806631,17.01619727236306
on,1149.0,35.152444003177195,36.29171457935591,16.23367678934436
on,1150.0,35.15234475858695,36.2863132702415,16.336269391497027
on,1151.0,35.14696172443275,36.28488212139097,15.624249706556679
on,1152.0,35.12883298977366,36.27955413409332,15.800547110169255
on,1153.0,35.12396358914107,36.27883296903396,15.71819057906269
on,1154.0,35.1281259967429,36.274383405716456,14.842920399671609
on,1155.0,35.113951762750936,36.27299668332266,15.151970531762117
on,1156.0,35.13343118670356,36.26981105698023,15.448225392600001
on,1157.0,35.144843610701855,36.26985113194714,14.887903003688733
on,1158.0,35.16538322430203,36.273893544652594,15.405137929071001
on,1159.0,35.153806600102484,36.27060602922696,14.645592600225017
on,1160.0,35.13831855885461,36.277915368634275,14.694702365331452
on,1161.0,35.15465977104847,36.27313798907814,14.039066990834264
on,1162.0,35.14759431331305,36.26237166879367,14.693146178232913
on,1163.0,35.127310339591986,36.26425791003008,14.81189688099856
on,1164.0,35.0877561677858,36.26616893032573,15.033425429201221
on,1165.0,35.07133266944944,36.278785803940345,14.90154022493095
on,1166.0,35.06809031038687,36.28553767637078,15.145602139813452
on,1167.0,35.07975235659547,36.27282262572211,15.034224101015017
on,1168.0,35.087985910595584,36.26678650454093,14.819677155295498
on,1169.0,35.086717231117056,36.27637161409018,15.497453252732088
on,1170.0,35.10286847301576,36.26486903019208,15.670069590288099
on,1171.0,35.12242904455166,36.24966267303061,15.0210402431342
on,1172.0,35.13236868024108,36.26273561998869,14.431645269224727
on,1173.0,35.11734297023088,36.28716216209201,14.619597635056417
on,1174.0,35.11093805004235,36.290420884535386,14.845639794970207
on,1175.0,35.09460262936659,36.294333471103464,14.80784861573419
on,1176.0,35.08943383353766,36.297364365820904,15.441486561219769
on,1177.0,35.11070164178212,36.29005315730306,15.767159310432891
on,1178.0,35.11615299534722,36.27456427552797,15.72032354523757
on,1179.0,35.13278927336641,36.2613866986851,15.738384069609591
on,1180.0,35.13270397218176,36.2630874794307,15.930480440798641
on,1181.0,35.139937179465115,36.25965121735334,16.287700691339126
on,1182.0,35.15482162363474,36.25432582483692,15.922774486725228
on,1183.0,35.16633536220126,36.2500622636216,15.581393343479624
on,1184.0,35.15568805824789,36.243612355901035,15.032375476717341
on,1185.0,35.155542835646166,36.23585839168159,15.972008405681084
on,1186.0,35.150441907826256,36.23971033313626,15.069874047233206
on,1187.0,35.13622478208846,36.24560121547097,14.749423391268339
on,1188.0,35.12475674916149,36.25554609017202,14.589390172877827
on,1189.0,35.09637334442495,36.27350349078325,15.254149626645791
on,1190.0,35.09563535901747,36.273754734699665,15.58699552889648
on,1191.0,35.09900890046446,36.268771110512866,15.420590283146817
on,1192.0,35.098802920849714,36.26283910071078,16.1858223599109
on,1193.0,35.10871141054971,36.2691857147743,15.02405685011697
on,1194.0,35.08530147125056,36.27262282211239,16.953408349111108
on,1195.0,35.10308316430231,36.27316395358581,16.138083734931826
on,1196.0,35.11117558020511,36.26320424715241,15.423074611433153
on,1197.0,35.10446085226838,36.25157892512556,15.772307302620208
on,1198.0,35.11877435763914,36.258037380362545,15.914290730240602
on,1199.0,35.12836367756425,36.26159529517597,15.495140823797502
on,1200.0,35.13859121242556,36.265571592866245,15.104750085955585
on,1201.0,35.154092402158,36.26337860413324,14.636992863075978
on,1202.0,35.17790154199384,36.26072135580791,14.367922155789485
on,1203.0,35.16892457849347,36.25854354922621,14.785914183684277
on,1204.0,35.162733533775295,36.257959418178295,15.166633808796746
on,1205.0,35.14910024879614,36.252574557478084,15.330681092978603
on,1206.0,35.14668317474687,36.253842649146414,15.643216014539178
on,1207.0,35.14616544546473,36.249445583559,15.784923051641929
on,1208.0,35.15605669319613,36.26389869455127,15.401269166305273
on,1209.0,35.15941434451075,36.25991658882308,14.94490176080971
on,1210.0,35.14079277545582,36.260591048747344,15.631683238436688
on,1211.0,35.13036404041215,36.26505884080184,15.82128271862124
on,1212.0,35.12147393842657,36.26421154621038,15.858976789284991
on,1213.0,35.11126760492182,36.25963958128843,16.12974189289278
on,1214.0,35.09540324322035,36.258380943002805,16.15784297042717
on,1215.0,35.10385299114491,36.257723021699185,16.21607771889306
on,1216.0,35.119469039613826,36.252917540495055,15.318360189477222
on,1217.0,35.11393638742575,36.24611471868142,15.768322020298065
on,1218.0,35.100973119127794,36.24928982407306,15.897155885125674
on,1219.0,35.076131222863225,36.24993560375585,15.558911346873462
on,1220.0,35.05928418333077,36.24610040107924,16.661121680085124
on,1221.0,35.066072898462224,36.25245581200756,15.913447965627231
on,1222.0,35.070688891573965,36.25107855413752,15.675017483663524
on,1223.0,35.09036183409858,36.24483166927233,14.545494208610883
on,1224.0,35.09702609692705,36.24214875719216,14.611880924845902
on,1225.0,35.09501266566042,36.24672751711417,14.771937789850675
on,1226.0,35.09071574384929,36.24359413184115,14.702488434370018
on,1227.0,35.09778022285234,36.23678674803042,13.593700948850735
on,1228.0,35.08721666770519,36.24019858446901,13.890070948795362
on,1229.0,35.094734317508774,36.23541856804162,14.315294363349132
on,1230.0,35.100983713404126,36.23071658380445,13.466335276254323
on,1231.0,35.08966326913298,36.23861339021901,14.687683634143283
on,1232.0,35.09229048035561,36.25001809926701,14.575192470112857
on,1233.0,35.08092419920899,36.26160247958549,14.922126209561927
on,1234.0,35.12400011240711,36.2662001938306,14.373064522480263
on,1235.0,35.118542519421936,36.27006942822182,14.495565501078048
on,1236.0,35.134514153046815,36.268668108559844,14.435383408257819
on,1237.0,35.10332137355727,36.28650227699811,13.89851895387713
on,1238.0,35.091587241795615,36.291749551969225,15.202322353005897
on,1239.0,35.07687148950144,36.28471221139459,15.267419080329724
on,1240.0,35.08131805388184,36.27294749171694,14.858404590473706
on,1241.0,35.10395072081785,36.272469005361245,15.125812210499355
on,1242.0,35.120253766197244,36.273511516942804,14.753681302812655
on,1243.0,35.10369084807343,36.27816024444866,14.583281504429394
on,1244.0,35.09214307128745,36.26769151687642,15.172645713793102
on,1245.0,35.094635498135,36.27309275317338,15.312652269283252
on,1246.0,35.117370110052505,36.250874096845976,14.658655861637587
on,1247.0,35.110569062881844,36.248290648418276,14.447319921923182
on,1248.0,35.10434987507926,36.245577774919326,14.072827180653466
on,1249.0,35.09789058962476,36.24558889717119,14.167716350941149
on,1250.0,35.09045550833022,36.25115842584652,14.319042480638853
on,1251.0,35.10213139179994,36.265367886799616,13.186999642867772
on,1252.0,35.12152762975714,36.266693005441255,14.461605965807511
on,1253.0,35.114374718850776,36.27411365571318,14.217678798875301
on,1254.0,35.10297600472179,36.27838740084557,14.053162558570392
on,1255.0,35.08790476899246,36.29635110589889,13.54999614351726
on,1256.0,35.081413772213416,36.30466436455272,14.44176031470884
on,1257.0,35.08258258277028,36.30700082047787,14.806857895366033
on,1258.0,35.07063782615654,36.31037744451469,14.282331052263322
on,1259.0,35.06112652591203,36.30723131592236,14.5098459890151
on,1260.0,35.05947445904468,36.31091691634595,14.374811324979104
on,1261.0,35.04268777744746,36.30956260421656,15.006913216791162
on,1262.0,35.04266044091675,36.309662904471914,15.47512618298213
on,1263.0,35.06263403292494,36.30414940409417,14.545632115590955
on,1264.0,35.075579659664,36.292366354650646,14.96105647571018
on,1265.0,35.071405517570966,36.29025643262637,14.967174104334116
on,1266.0,35.07414565014681,36.28984937866016,15.556152696863588
on,1267.0,35.103033920538664,36.28401799296174,14.750754353157417
on,1268.0,35.12805372500645,36.2727550382256,14.426638546280056
on,1269.0,35.134137238649856,36.26773340544681,13.54755192727993
on,1270.0,35.11023814237502,36.261407055998376,13.503547899987671
on,1271.0,35.07648311452477,36.253778606390824,13.642527922170451
on,1272.0,35.06032968094191,36.26104924752117,14.190460206646382
on,1273.0,35.07264811347332,36.267280152835774,14.125104133977981
on,1274.0,35.08061394978868,36.2771671319249,14.325684529703778
on,1275.0,35.07352462556928,36.27773720571515,14.739450715187878
on,1276.0,35.08854587079801,36.28012980783542,14.872862463467872
on,1277.0,35.07775466425783,36.28849169447369,14.697934855893468
on,1278.0,35.06156801740041,36.288109066413945,14.500011340461299
on,1279.0,35.086380769628185,36.27917512910356,14.488761738709869
on,1280.0,35.077364672173516,36.27458771353967,14.012052799326046
on,1281.0,35.0753486150512,36.278382548809056,14.501120629419926
on,1282.0,35.083497202241176,36.29097667808753,14.111969224907554
on,1283.0,35.09489442834965,36.28961632282345,14.037855881668843
on,1284.0,35.09123608630077,36.29551707411375,13.890187142313547
on,1285.0,35.09376767117955,36.308899998688204,14.552006791115152
on,1286.0,35.08613708091741,36.30313655116875,14.484479578374643
on,1287.0,35.08883149292736,36.29957436317033,14.376081658599759
on,1288.0,35.077960864083146,36.29402688387201,15.258988577394515
on,1289.0,35.088322797864386,36.29445213193097,14.918376097880003
on,1290.0,35.09754137964725,36.2941366581991,15.549691440900965
on,1291.0,35.12441459927657,36.28093232853381,14.426583283172484
on,1292.0,35.11580435972294,36.27108546246982,15.079317017845437
on,1293.0,35.10334992375262,36.27164363104002,15.119392750430974
on,1294.0,35.118951436276376,36.27653913634651,14.46249383626872
on,1295.0,35.12146232019686,36.271489391963804,13.744520801177774
on,1296.0,35.094507076188414,36.275108129279,13.645216164586255
on,1297.0,35.087542974118655,36.2775475922889,14.143351708699775
on,1298.0,35.08941149808494,36.27848542867079,14.719453786283662
on,1299.0,35.08665941764469,36.27296065864713,13.562922927698116
on,1300.0,35.05807337165088,36.28759888610467,13.969353882003727
on,1301.0,35.059038254148724,36.295465325216426,14.530727258285768
on,1302.0,35.07157270393495,36.28957231528672,13.806703307381287
on,1303.0,35.07174257289792,36.28806860005558,13.81560514976515
on,1304.0,35.0600686306241,36.274703563212896,13.892356045646915
on,1305.0,35.066308721884155,36.27463434211861,14.921727777510235
on,1306.0,35.059930605341386,36.27532891128624,14.602903815488887
on,1307.0,35.06166696733071,36.28268355823246,15.268922343081925
on,1308.0,35.06954302865768,36.28511678935347,15.020177298491557
on,1309.0,35.089569169145285,36.2897029119942,14.500018334191399
on,1310.0,35.08446116651742,36.298412275123624,14.70379902652373
on,1311.0,35.07537680633495,36.29973140604552,14.324943641762292
on,1312.0,35.08019146318286,36.30113640951216,14.791540717740993
on,1313.0,35.083274403833386,36.296016691387145,14.287511939459769
on,1314.0,35.07522242618425,36.29939012854103,14.412548169255103
on,1315.0,35.07691200850985,36.29498508826703,14.567457272480084
on,1316.0,35.073307312323635,36.293166532800015,14.908373559462362
on,1317.0,35.06028382921854,36.30146522963515,15.05950413476135
on,1318.0,35.054031251267425,36.30238553534876,14.499653024621121
on,1319.0,35.037994095044745,36.3030692741072,14.365041743905856
on,1320.0,35.03272852550314,36.30198742818838,15.030548396384539
on,1321.0,35.05651902024758,36.29013506383714,14.56244233186833
on,1322.0,35.070476612922896,36.28202786672612,13.982841698308237
on,1323.0,35.07575767737553,36.27706045429949,14.308921481292337
on,1324.0,35.06074243643133,36.28219496745958,15.059331517716839
on,1325.0,35.078429551491524,36.278720382578044,15.409182829647111
on,1326.0,35.106507845934324,36.28855696954415,14.572397923266013
on,1327.0,35.1175993175816,36.282404592058036,13.951280816945491
on,1328.0,35.13629832572526,36.271011431678815,13.617949237494603
on,1329.0,35.11814040274419,36.26445255226153,13.792345885719836
on,1330.0,35.10347575284023,36.273521517002195,13.867660157516328
on,1331.0,35.107492904617,36.27308449327011,14.027857262396157
on,1332.0,35.11142769512858,36.27198394887589,13.627249391920653
on,1333.0,35.09735918946372,36.26608800855702,14.028765249939035
on,1334.0,35.142754743341555,36.25470580413096,14.207046762924453
on,1335.0,35.166662787426354,36.24476741904371,13.256723425950277
on,1336.0,35.116477812719644,36.25282860443356,14.196171450378541
on,1337.0,35.079035529894895,36.26710001099353,14.681996056246021
on,1338.0,35.05591444009646,36.27122711327772,13.762501666402077
on,1339.0,35.0379423282462,36.25769190420879,14.167574342458389
on,1340.0,35.02245907334658,36.25929724419477,14.41741972624623
on,1341.0,35.03133330134232,36.26032990066688,15.370057485923812
on,1342.0,35.03708733945284,36.27098349410033,14.540850947951366
on,1343.0,35.03859596741444,36.27394760015369,15.01572363579031
on,1344.0,35.02763902845091,36.273827920214885,15.370730430184986
on,1345.0,35.02956831790717,36.2778425220348,15.04485882078005
on,1346.0,35.04193954863442,36.275101858150606,14.204132700674723
on,1347.0,35.049209722956604,36.27533306116757,14.89417936310353
on,1348.0,35.064397867841414,36.27418548532652,14.315047308971193
on,1349.0,35.07997536557922,36.265059818466625,13.915392971328618
on,1350.0,35.07680850738407,36.27803201607476,13.779459227845045
on,1351.0,35.05604658272944,36.28712421586689,13.830685701468441
on,1352.0,35.053204620060576,36.29099242968966,14.412964455626518
on,1353.0,35.056687812735404,36.28785375659655,14.039368109520996
on,1354.0,35.05699814484196,36.29105517539289,14.1101683076715
on,1355.0,35.06262355198983,36.287765616146196,14.554807133655935
on,1356.0,35.10981889969762,36.28559814821881,14.323465491425573
on,1357.0,35.10823832160551,36.28772662465446,14.290666008335922
on,1358.0,35.105676672852816,36.291913141335066,14.554395089233484
on,1359.0,35.10208824877837,36.297271248181914,14.085572875042768
on,1360.0,35.1349879461313,36.28282605325552,14.81996938055833
on,1361.0,35.146578815178735,36.2708466006774,14.16772262084893
on,1362.0,35.14566746552647,36.274417051454996,14.02782770882332
on,1363.0,35.11454830372417,36.26993660778807,14.536562178615494
on,1364.0,35.12675924885354,36.26330068128075,15.22700622822643
on,1365.0,35.114795897661885,36.26714995079351,14.749291839046812
on,1366.0,35.09902162848576,36.268504927840446,14.711335860311008
on,1367.0,35.083930146583036,36.26674605877977,15.017613668741578
on,1368.0,35.08552236044826,36.276027648002696,15.405359276542082
on,1369.0,35.0795462973191,36.27565780935704,15.721897481110892
on,1370.0,35.086110124255846,36.27778540129964,15.527957681509879
on,1371.0,35.07411586305338,36.27309950635154,16.484586353894862
on,1372.0,35.068892062857174,36.27680795381145,16.137326218438922
on,1373.0,35.0814267132325,36.26860961708066,14.970038924392272
on,1374.0,35.10049980110901,36.260998672255724,15.52296648815948
on,1375.0,35.11012386209394,36.251727728302754,15.528965882275978
on,1376.0,35.099712558999556,36.25047982630659,14.773097109145422
on,1377.0,35.10047428283996,36.25347455932097,14.65135180628377
on,1378.0,35.11432517922645,36.25697011706692,14.466838359776048
on,1379.0,35.10296110591733,36.25610507501693,14.181065565080539
on,1380.0,35.10013083311484,36.254642706837366,14.800783945311505
on,1381.0,35.088968029213504,36.24985871231477,14.714338765861811
on,1382.0,35.114925680237214,36.25177290176451,14.557423990791081
on,1383.0,35.12385871180368,36.25013439990072,14.42285354963509
on,1384.0,35.12032738624934,36.252011115883796,14.942851741487393
on,1385.0,35.13199298233707,36.253102094420676,14.789986215749336
on,1386.0,35.15384399039216,36.246486767653785,14.612894195879235
on,1387.0,35.17085324933904,36.24052076218275,13.556465028613115
on,1388.0,35.15548011212255,36.23850733949669,13.51585179231721
on,1389.0,35.13209539385693,36.24203257019912,14.223674047022737
on,1390.0,35.10753892934139,36.23839335016162,14.47900848623934
on,1391.0,35.09319535229494,36.24052304203499,14.495428767132502
on,1392.0,35.06597327471464,36.25017981989463,14.784270523201148
on,1393.0,35.08395402193674,36.2472455693833,15.131740134496807
on,1394.0,35.083057618603114,36.24623944895742,14.363346891462779
on,1395.0,35.07601025880851,36.23736241442021,14.973399457392624
on,1396.0,35.07078976281319,36.246031334279735,14.824671319951353
on,1397.0,35.05535936364646,36.24829400654884,15.037852493706474
on,1398.0,35.045378525746514,36.25540763692746,14.452180542523507
on,1399.0,35.0543073323662,36.26978990729025,14.438068180924777
on,1400.0,35.08752171629416,36.264292218076264,13.846790027865708
on,1401.0,35.08836735422442,36.2579334614986,13.18501432617603
on,1402.0,35.055447276698395,36.26197891611318,13.42917754049439
on,1403.0,35.05050449529564,36.26779978667726,12.93136172178328
on,1404.0,35.05123774662915,36.26106432434499,12.61398870132041
on,1405.0,35.037274841498,36.271002517701945,12.297959220073302
on,1406.0,35.0326574187571,36.27393720133265,12.807120311800315
on,1407.0,35.027907500023844,36.271099698107925,12.334506447808542
on,1408.0,34.99444199292728,36.27458126718045,12.852771792472765
on,1409.0,34.97916769742029,36.28059947720613,13.585286079577997
on,1410.0,34.99175542180753,36.28429016084,13.295775892435358
on,1411.0,35.03262245075556,36.27693720828045,13.868309192909223
on,1412.0,35.03177128930297,36.26490398962962,13.04539427476563
on,1413.0,35.05035427689144,36.272973591991295,13.707595667147675
on,1414.0,35.064057024594256,36.28201841126339,12.280680388382553
on,1415.0,35.05549838594704,36.29365983093739,12.12495847453426
on,1416.0,35.04677473178758,36.29305593390005,12.27472158103945
on,1417.0,35.0566912294969,36.29463099582065,12.189853830462855
on,1418.0,35.05678854648111,36.296239083194536,13.298246186366185
on,1419.0,35.05843972182047,36.29723391805272,12.777507441217946
on,1420.0,35.08605067334051,36.28552057029618,13.001957077509939
on,1421.0,35.10024914731086,36.2849567161929,13.533425170356168
on,1422.0,35.1055112772504,36.29368042761892,14.477861625059246
on,1423.0,35.11678370127346,36.30132941130197,13.641498232237518
on,1424.0,35.12241806954873,36.3008167782037,14.134155817738037
on,1425.0,35.113822069135736,36.300532246841605,14.204916703819059
on,1426.0,35.08993607082037,36.30212038520719,13.784724516099253
on,1427.0,35.076646946715556,36.29866991720701,14.57634379851822
on,1428.0,35.102409392028164,36.286869790399464,14.361162662888301
on,1429.0,35.14675324452925,36.277207162917094,13.989378618169148
on,1430.0,35.13934973453636,36.2762503348199,13.085059149011212
on,1431.0,35.12823191123429,36.262796894105136,13.147403570789407
on,1432.0,35.12117029623861,36.26352370408665,12.61156191652789
on,1433.0,35.122036993845676,36.26450620365801,13.433057207674679
on,1434.0,35.09869688966839,36.26031629006561,13.867515272654963
on,1435.0,35.0871647214507,36.25822412833478,13.840045432222517
on,1436.0,35.08474377990473,36.25202508853671,14.167995391302235
on,1437.0,35.12117622639572,36.25056120887232,14.486728823108043
on,1438.0,35.12903353193487,36.25627310550875,13.237714412299127
on,1439.0,35.131880783138,36.257418718094065,13.52613824232115
on,1440.0,35.13611319818826,36.25857903769888,13.572543662064351
on,1441.0,35.11899542538052,36.26450382358133,13.537452442692
on,1442.0,35.0962480270311,36.268953721513576,14.010897045971147
on,1443.0,35.0732140030114,36.26972335188707,14.645731553552963
on,1444.0,35.06570163320213,36.26777427649697,14.620120452014426
on,1445.0,35.07820499311537,36.274139455156394,14.88656979201523
on,1446.0,35.10040934130574,36.28325956414373,15.353884739855136
on,1447.0,35.12604298754683,36.28146954443023,14.6721516706439
on,1448.0,35.11907437596211,36.27820487736085,14.24935080029832
on,1449.0,35.147444360343435,36.27340726939729,13.755142027911658
on,1450.0,35.14410640199379,36.26485947012813,13.393885553118213
on,1451.0,35.13085024722151,36.26553475871328,12.706887793286658
on,1452.0,35.10948864691829,36.2708680626635,13.63449353184831
on,1453.0,35.08311654879105,36.27419676048137,13.295160121601644
on,1454.0,35.07044412293496,36.272972532336965,14.596347925699682
on,1455.0,35.09488080073687,36.260999068932065,13.810090030144686
on,1456.0,35.092408603913825,36.25761435931907,14.937810584183339
on,1457.0,35.092557393829296,36.267715952772456,14.847557402177983
on,1458.0,35.096668193139244,36.287867427750264,14.146275305405041
on,1459.0,35.11152417579234,36.29057101176787,14.535593758789776
on,1460.0,35.11649419599347,36.28615050169248,14.743748374562015
on,1461.0,35.123049008233714,36.277979295592374,14.990706140475549
on,1462.0,35.15034298145333,36.27735928189884,15.315175139022877
on,1463.0,35.14848977723037,36.278169606679405,14.961378043867521
on,1464.0,35.130937068475035,36.27712934866756,14.86497238564601
on,1465.0,35.116585060321015,36.27720126552219,14.880893271906615
on,1466.0,35.100129192673016,36.28155445664961,16.28736745465725
on,1467.0,35.09825911819936,36.28771957887757,15.987493879863134
on,1468.0,35.11094708687626,36.286041069027576,15.166037619116228
on,1469.0,35.12153972390201,36.276552769383166,16.26912544931183
on,1470.0,35.13140982854002,36.27750820197922,16.986833501797015
on,1471.0,35.12446649245116,36.27829707258291,16.010382032303312
on,1472.0,35.13404726370964,36.272912610368266,17.171142396944575
on,1473.0,35.150146260324846,36.272806250704626,16.346163447647413
on,1474.0,35.153538365921975,36.27213916525666,15.677312293350376
on,1475.0,35.16907232962737,36.26370367082645,15.954081929806446
on,1476.0,35.16040594054983,36.265254470056696,15.092149205756787
on,1477.0,35.15041485231678,36.267750505604546,14.897572692030675
on,1478.0,35.13413717608278,36.272510531895065,14.418544039479805
on,1479.0,35.11395545469511,36.2713532803453,14.865610326693735
on,1480.0,35.12357443781275,36.27272535220343,15.139163255707334
on,1481.0,35.13625685612731,36.27290320642281,15.19951097228602
on,1482.0,35.15552957475615,36.26611312769458,14.126877301520734
on,1483.0,35.164893054703185,36.26284255522264,14.678231445631127
on,1484.0,35.14308419685473,36.25999761134893,15.794262593877859
on,1485.0,35.133317608176625,36.26637472512138,15.850150521395815
on,1486.0,35.12562854704552,36.262541692303124,15.887099304484915
on,1487.0,35.12076715550674,36.27635252959401,15.180673126056902
on,1488.0,35.11115685520314,36.28744143112171,14.65863737388414
on,1489.0,35.11665918936038,36.29514598563992,14.981765454879906
on,1490.0,35.109639831335514,36.299727261840985,15.15248617964047
on,1491.0,35.11705417713775,36.295035650244515,14.772525360213626
on,1492.0,35.145810706505266,36.2972686869637,15.536724610298506
on,1493.0,35.13591499238531,36.28984245764989,15.490727344535712
on,1494.0,35.126882208520435,36.28966872287527,15.27167048510125
on,1495.0,35.111766268224045,36.287467164501216,16.028976480249995
on,1496.0,35.12017413060743,36.29533315821983,15.647660762642221
on,1497.0,35.1350404067484,36.293853330924954,14.629596699568562
on,1498.0,35.12923782612433,36.28821534212083,15.597379286650238
on,1499.0,35.15301340878595,36.29061919856443,15.302234951339276
on,1500.0,35.15210577309485,36.28750735345143,14.941752607626896
on,1501.0,35.14405218685638,36.287010821724685,15.88628076988341
on,1502.0,35.14730885916109,36.279723078690154,14.888261571164175
on,1503.0,35.16144013497204,36.28376960335116,14.460182424537468
on,1504.0,35.15133783004683,36.293461145422214,14.391821068193746
on,1505.0,35.15011741742875,36.28981418524733,13.842460145374403
on,1506.0,35.13755361774985,36.30178993078967,14.250748482839494
on,1507.0,35.114492362570125,36.309397129689295,14.506105196485928
on,1508.0,35.10121784846661,36.312242562528745,15.081288467882235
on,1509.0,35.09890274623897,36.304801188062896,15.297651730406262
on,1510.0,35.1031148308079,36.29794303385459,14.935077022309093
on,1511.0,35.0964304130513,36.29239922271194,16.447545455538446
on,1512.0,35.10951160313986,36.27906039847624,16.650306539320244
on,1513.0,35.12634745764514,36.27378894479638,14.863619888037261
on,1514.0,35.13533454842006,36.272750389165374,14.86303146267265
on,1515.0,35.13637947915229,36.264780882920284,14.469860357350697
on,1516.0,35.130219509222094,36.259754442063574,15.001845252510822
on,1517.0,35.13981089165688,36.255024968667016,14.122445254994798
on,1518.0,35.13055710641275,36.26399410477844,13.788761418147502
on,1519.0,35.11715334853931,36.26505301721465,14.924052657717356
on,1520.0,35.12007776849376,36.26130874359583,15.31770438582032
on,1521.0,35.1223503740408,36.262254924392316,15.564827631188113
on,1522.0,35.10881745183361,36.26262609417845,14.286687718856232
on,1523.0,35.100694072725396,36.26106815419326,15.0551499558313
on,1524.0,35.1020257271609,36.25982189375589,15.463269566849533
on,1525.0,35.08834575235,36.27599205461128,15.628931472090919
on,1526.0,35.077150005247645,36.280299660275766,14.530259066854002
on,1527.0,35.082067518463425,36.28298184468652,14.58066680297908
on,1528.0,35.07117475918847,36.27425675142387,14.595619958951382
on,1529.0,35.05665744429849,36.27785036336714,14.569417859183087
on,1530.0,35.063934697671314,36.28247019067184,14.680568653548274
on,1531.0,35.0812935631891,36.281783943379075,14.288456980353558
on,1532.0,35.08577467604546,36.272263866409425,14.356077144627292
on,1533.0,35.08764724300725,36.280226986073465,14.685162146318033
on,1534.0,35.104544334619796,36.281949682762935,15.193750531442992
on,1535.0,35.11424189116257,36.28440342381703,15.137506579771753
on,1536.0,35.12423271368469,36.2841746848868,14.932776257658555
on,1537.0,35.138567966668184,36.27217759754817,15.024796772486955
on,1538.0,35.129647450851984,36.26597384907063,14.795341520653027
on,1539.0,35.12678311247394,36.26472869080448,14.966261716475266
on,1540.0,35.128241400437574,36.266695149841375,14.963532716319232
on,1541.0,35.130755049629535,36.266785512751945,15.498684691158866
on,1542.0,35.121080312180624,36.281552468468895,14.990911305872617
on,1543.0,35.11496270928048,36.2832367165171,15.768561915370626
on,1544.0,35.12004405920491,36.28962269526273,16.127770910208056
on,1545.0,35.115794380316395,36.29621948435273,16.010975441296665
on,1546.0,35.10943050678817,36.29723713056953,15.180968514524508
on,1547.0,35.11740938874062,36.29588643277167,17.043721736404564
on,1548.0,35.108336862971,36.29791546759285,16.780845379650614
on,1549.0,35.113344288371444,36.28983293593044,16.26603520579742
on,1550.0,35.102366954864166,36.28863442225343,15.74455710390492
on,1551.0,35.10136476313435,36.29249156965155,15.440391535843732
on,1552.0,35.10630192718241,36.295338002386664,15.619998363580706
on,1553.0,35.1071071723205,36.29618280571282,15.446653645574173
on,1554.0,35.11628768296276,36.28954833833093,14.411654086387436
on,1555.0,35.13399555599412,36.27266774699443,14.984230796863347
on,1556.0,35.14251056756442,36.27886451228207,14.780992090363572
on,1557.0,35.14003235007135,36.28356593725167,14.803570522174013
on,1558.0,35.118271594431064,36.270745777160734,16.054733523377234
on,1559.0,35.12793451429909,36.274127165822385,17.236649956502998
on,1560.0,35.15795070931013,36.26797845323559,15.316495378838955
on,1561.0,35.15066298435535,36.25474531108268,14.444586923827803
on,1562.0,35.141347579367576,36.25255989709996,14.815261692909345
on,1563.0,35.1281649636049,36.26262634035065,15.63450715156953
on,1564.0,35.115006115218925,36.27233460925265,16.351001125663956
on,1565.0,35.11306674485504,36.2758909063147,15.410481843223423
on,1566.0,35.1188162573556,36.277608403840645,15.75422849978174
on,1567.0,35.11889493197619,36.28487317202819,15.432827651752714
on,1568.0,35.12576909073882,36.28249448733659,15.242192979863946
on,1569.0,35.14084108160629,36.28114724808442,15.046429421225849
on,1570.0,35.132818020813694,36.28371478823015,14.403859136606982
on,1571.0,35.12746235857536,36.28247775433866,14.413089003030187
on,1572.0,35.11659500265832,36.28801651305295,14.08392593919428
on,1573.0,35.10925843451895,36.28265145798843,13.993169585304992
on,1574.0,35.082389792520246,36.275558178413306,14.909289409800369
on,1575.0,35.06048133739999,36.281672437286176,14.814343745720004
on,1576.0,35.081310595226796,36.278727179146145,14.705338192290906
on,1577.0,35.085487418364586,36.27488175774575,14.958686716597914
on,1578.0,35.09937620855225,36.275442769451665,14.689987311214793
on,1579.0,35.10471843261294,36.27572819858584,15.282028917847487
on,1580.0,35.11910599285704,36.26565732849561,15.761501113252027
on,1581.0,35.12459226194641,36.271528952829726,14.705008350733216
on,1582.0,35.15059054670325,36.26345416827889,15.139476051521626
on,1583.0,35.14311664303748,36.26861125112591,15.178857864957251
on,1584.0,35.15388672224417,36.264780682938714,14.934103799427511
on,1585.0,35.15139559428913,36.27338089197118,14.772225853530113
on,1586.0,35.1249117048321,36.275817770210814,14.013070470591304
on,1587.0,35.13015481518748,36.276291969653855,14.636194366722417
on,1588.0,35.12479037707242,36.27293015696867,14.588148194862402
on,1589.0,35.124106286526654,36.27463335840029,14.552754447570221
on,1590.0,35.129715087785584,36.27440733186941,14.367341824676046
on,1591.0,35.131801351161755,36.27406606421506,13.822745092234115
on,1592.0,35.11768429039417,36.281004595160255,13.59978256398451
on,1593.0,35.1026733168745,36.284221083655794,13.899396846354652
on,1594.0,35.09726953268321,36.28413077731173,14.712040079545545
on,1595.0,35.09952657622753,36.28124664550418,13.836830819181968
on,1596.0,35.09086742261208,36.2790243842815,13.580419513989913
on,1597.0,35.09870633426783,36.280289225598295,13.55353413152211
on,1598.0,35.06601083146465,36.27739566794566,14.120728425872972
on,1599.0,35.06855863819567,36.287420399616934,14.581378497415628
on,1600.0,35.05162624052773,36.287951453403075,14.966795945395795
on,1601.0,35.065206701354654,36.28717114731334,14.295624762934434
on,1602.0,35.06453628062846,36.29432510998708,14.268869746055085
on,1603.0,35.06445294560569,36.2992611692942,14.68977539100636
on,1604.0,35.07032294910739,36.297500883694354,13.92728252840573
on,1605.0,35.083249847876374,36.294977408059594,13.92737226791544
on,1606.0,35.09351659880784,36.28691395905237,13.864886843970915
on,1607.0,35.112676026018455,36.28682595648545,13.407217603505373
on,1608.0,35.09129782711456,36.29373310516266,13.349281948699929
on,1609.0,35.1056429480189,36.29011610933696,13.636411763136522
on,1610.0,35.10880561736958,36.288153412480035,13.892219352978994
on,1611.0,35.079353017165204,36.30308071550505,13.20780851203041
on,1612.0,35.06802791979097,36.30044718123262,13.652509219544799
on,1613.0,35.04758651679295,36.30029696900666,14.033924730394947
on,1614.0,35.04457992805646,36.295476062752456,14.81515130491767
on,1615.0,35.05156163481672,36.289400179128386,15.02114353527821
on,1616.0,35.06287359776505,36.29258796613656,14.868895587151194
on,1617.0,35.06898510311036,36.29397108204771,14.586510442509603
on,1618.0,35.08639858098561,36.2845611889786,15.252763393880109
on,1619.0,35.08908562079775,36.28370656317375,14.411519001685015
on,1620.0,35.11363939418677,36.28022316831985,12.99842916932178
on,1621.0,35.10405253716646,36.27625830171651,13.19934090966687
on,1622.0,35.089159432202614,36.26725202558642,13.066960996189803
on,1623.0,35.055877464863585,36.26171054385914,12.3703398985133
on,1624.0,35.034921502123375,36.25925958877137,12.775133359194232
on,1625.0,35.05205305412027,36.25778715316526,13.104389900118512
on,1626.0,35.06051500879498,36.24296648144694,13.46065692320302
on,1627.0,35.04439476581608,36.24946458702623,13.19172621843007
on,1628.0,35.04770079994996,36.2611450037284,12.906677490179469
on,1629.0,35.02986701041514,36.2648788334663,13.45429537520849
on,1630.0,35.012425641132616,36.26127226792541,13.230455219664782
on,1631.0,35.004638737864994,36.26240322952694,13.311163218763616
on,1632.0,35.01742166454972,36.27313594493659,13.45321043477899
on,1633.0,35.03224413969792,36.2724505567146,14.12295753540531
on,1634.0,35.04849102854157,36.26996258747919,14.17002008315228
on,1635.0,35.06594526025808,36.26414472393081,13.548185491983077
on,1636.0,35.08730280568767,36.26556242727289,13.726872260271204
on,1637.0,35.09648161150073,36.25727711456051,12.794131627532916
on,1638.0,35.09170593510854,36.24632889647665,13.641605351087982
on,1639.0,35.08371848036984,36.24420540314282,14.034270537144451
on,1640.0,35.10410533661167,36.23799838174562,13.488854811885997
on,1641.0,35.08947453332267,36.23905158473371,12.550187781872312
on,1642.0,35.07948414291577,36.244816065416465,12.396364524885984
on,1643.0,35.10073603772886,36.247505714815624,13.054591339433536
on,1644.0,35.098725554384416,36.25798995416076,12.952645125753087
on,1645.0,35.10251293636177,36.26050301768477,12.786507797445845
on,1646.0,35.080525113469335,36.25260059088649,13.062560846188862
on,1647.0,35.09060143212969,36.252866845266546,13.909875170942904
on,1648.0,35.090529910597,36.25908464974077,13.456326721746649
on,1649.0,35.06844115898177,36.26538365423053,13.793472594014569
on,1650.0,35.09430417276516,36.270698542758886,14.106656826655115
on,1651.0,35.08558509648683,36.2775594496023,14.006588433560253
on,1652.0,35.10490895389275,36.26725093326912,13.717813061224687
on,1653.0,35.08477495227882,36.26093712668428,13.673541965287233
on,1654.0,35.0765501544313,36.267564726009134,13.330279856734188
on,1655.0,35.07793312851308,36.2659958922787,13.185945873929835
on,1656.0,35.06415408983926,36.268780314823495,12.948579242820841
on,1657.0,35.05164767315419,36.26540594915631,13.217886851578378
on,1658.0,35.07361519276206,36.256714903076926,13.446918214422322
on,1659.0,35.06067229306632,36.25537098426059,12.820103683616063
on,1660.0,35.079937862104615,36.25277405969467,12.526828616649617
on,1661.0,35.0692376630746,36.252882370156115,13.52023065803861
on,1662.0,35.0693843897576,36.261346605945356,12.85897314987395
on,1663.0,35.068028282801166,36.25685473943748,12.28930977918471
on,1664.0,35.0618995022783,36.26456484604803,12.850362228025608
on,1665.0,35.04416900608311,36.27079449590966,13.098156012515602
on,1666.0,35.04805385625149,36.279580210502694,13.603257305487446
on,1667.0,35.04610580072602,36.288956258933545,13.78295357378656
on,1668.0,35.0460194958338,36.29053050512027,14.055586630815514
on,1669.0,35.06320251086435,36.27960971867019,13.458290275323684
on,1670.0,35.080906682404226,36.27572673119645,13.81425889827957
on,1671.0,35.082336797477275,36.27113081542873,13.394172422313995
on,1672.0,35.084113875276635,36.262370323618136,13.728448910047824
on,1673.0,35.08179427849821,36.268567738727924,12.772951324422907
on,1674.0,35.100890142713276,36.277784086899715,13.630391883492553
on,1675.0,35.108534304559605,36.27959506053683,14.187245940575302
on,1676.0,35.1249710343974,36.28968381856605,13.205417473097192
on,1677.0,35.13726339851269,36.292241242871405,13.416306640378757
on,1678.0,35.14609406625604,36.28812838998148,14.114077084484116
on,1679.0,35.13621181681272,36.287562392161824,13.961739114781771
on,1680.0,35.121734512707036,36.2925153256031,14.565636011742196
on,1681.0,35.156447385222435,36.28519765008107,14.411506752219468
on,1682.0,35.14663439492689,36.28966698047282,14.188895322956089
on,1683.0,35.13832773995746,36.30433734048614,14.210189951728022
on,1684.0,35.13712085766194,36.318684025240344,14.300360884181071
on,1685.0,35.13626639794449,36.31026590983435,14.331703832960464
on,1686.0,35.11858347347728,36.30422739038528,14.023695210998174
on,1687.0,35.12229949692594,36.30081531963242,14.471776022360249
on,1688.0,35.126346236921435,36.30651514384499,14.104152079001224
on,1689.0,35.10939107384825,36.311254375965376,13.988927002012307
on,1690.0,35.08508809421779,36.308212959161644,13.893321009503808
on,1691.0,35.09521438328314,36.30389012384618,13.816762182229992
on,1692.0,35.105714023648574,36.2966863075656,13.868756701840224
on,1693.0,35.10560814251623,36.29572571409773,13.832768608830257
on,1694.0,35.09976509742594,36.29617164342437,14.220398761693914
on,1695.0,35.09600701732848,36.30097859881659,13.468474022521633
on,1696.0,35.086771177652516,36.28898127123486,13.63396285761424
on,1697.0,35.08396980811686,36.2796681833249,13.594585275582467
on,1698.0,35.07425121208052,36.27176979957106,14.163782639126897
on,1699.0,35.075539353676014,36.27797349744983,14.570735526801531
on,1700.0,35.0731211672766,36.284392034520074,14.011833980806998
on,1701.0,35.07765005098775,36.294337388923665,14.419041715014785
on,1702.0,35.094193035704976,36.28507686099438,14.270489352743134
on,1703.0,35.09622641134398,36.29572551633894,14.857839676623607
on,1704.0,35.11193060376988,36.29100090433933,14.268940566750013
on,1705.0,35.11406311953307,36.28402026814493,15.401607423276078
on,1706.0,35.128976940088876,36.276123133790314,15.088232232671597
on,1707.0,35.14015263822914,36.28741003417507,14.629387025282796
on,1708.0,35.13408634728528,36.29526596771321,14.417051734334837
on,1709.0,35.13358439953666,36.29534814028204,14.204817544986224
on,1710.0,35.13955198663906,36.28469768157175,13.643469769720632
on,1711.0,35.146329824390854,36.2789596300301,14.915080701768257
on,1712.0,35.1483530026244,36.261985778215326,14.664358716298334
on,1713.0,35.131922123832894,36.25848800998873,14.58271756676247
on,1714.0,35.108853871027264,36.25751417449767,14.297915052320608
on,1715.0,35.12630251751566,36.25941530823891,14.20818826173966
on,1716.0,35.145487504007946,36.26312857460382,14.663098224155931
on,1717.0,35.13264389055976,36.28056601857741,14.452311103834857
on,1718.0,35.135695935450585,36.280589294010895,14.197903491788752
on,1719.0,35.12388855714484,36.278586094775726,15.807126736764655
on,1720.0,35.107778980335105,36.27273684480784,18.328070873463762
on,1721.0,35.1180736377288,36.271030420145635,17.869370400186707
on,1722.0,35.122606434506,36.26321329886963,17.76060736406426
on,1723.0,35.14189225614522,36.268996873963566,16.215852238006182
on,1724.0,35.151086052261526,36.27326036891741,16.48128125499119
on,1725.0,35.164008236678654,36.28276580663025,16.214762186465403
on,1726.0,35.151989871475784,36.269808519088144,15.85113297837788
on,1727.0,35.152508536987156,36.26377312917155,16.176675497207892
on,1728.0,35.16928654840579,36.261801847540994,14.549787278039013
on,1729.0,35.14378046663363,36.27054431651366,15.04385682667419
on,1730.0,35.123271883042676,36.269256126182185,16.411452860238942
on,1731.0,35.11334044543428,36.269549428550185,16.449424979944336
on,1732.0,35.09173896596646,36.27575686295408,16.66405147168209
on,1733.0,35.068870864150696,36.280312429550875,17.793137749853283
on,1734.0,35.069307355342495,36.27680169231464,18.376319729160336
on,1735.0,35.063807571996946,36.27683736915447,16.8247840885018
on,1736.0,35.070503882285074,36.27626446834757,16.788048341042998
on,1737.0,35.09115509044907,36.27149428074375,15.554363080144181
on,1738.0,35.09064736405962,36.27444491315749,16.122076072237107
on,1739.0,35.11092229601266,36.26779389741287,15.622705040530452
on,1740.0,35.10669482159758,36.25973266980922,15.859753914641978
on,1741.0,35.12490432581105,36.253011955676115,15.074931416300952
on,1742.0,35.157667665575545,36.24696358374894,15.63102711728001
on,1743.0,35.152444447070714,36.25805998943916,14.392956691638034
on,1744.0,35.12993860881781,36.270244407357374,16.211786151993422
on,1745.0,35.11955087019716,36.26335823090583,14.502512048326913
on,1746.0,35.12365523530138,36.26647325790714,15.18404381661232
on,1747.0,35.12876450383869,36.273714130780554,14.370307084852358
on,1748.0,35.140018316814796,36.26970091395795,16.59898502124139
on,1749.0,35.157776999004426,36.27686677653099,16.031829239863594
on,1750.0,35.15938145962987,36.27744912142162,15.859719151942429
on,1751.0,35.15765788321832,36.27463980379037,15.180219758289201
on,1752.0,35.14526881371842,36.26995785610509,16.797064510378462
on,1753.0,35.123246942876925,36.27684333190883,16.82603399190835
on,1754.0,35.12506082759023,36.276236062299716,15.566297985681022
on,1755.0,35.132548351094364,36.27574511414379,14.833626453779079
on,1756.0,35.106431617512236,36.270977914979966,14.381570206606884
on,1757.0,35.097542268039824,36.27480506965994,14.426603685509942
on,1758.0,35.101848967443026,36.27808979599759,14.253515566483436
on,1759.0,35.07565795988942,36.27238287005014,14.70812368798501
on,1760.0,35.052319880431426,36.27411574584923,14.917640306687904
on,1761.0,35.053740063281104,36.268110438470025,15.170859059809517
on,1762.0,35.06943715976904,36.27140769299608,15.261721909590559
on,1763.0,35.08155471777332,36.27792006359315,15.727612352010317
on,1764.0,35.07287112369937,36.27282573969919,15.575844437883884
on,1765.0,35.08064051009879,36.278038463253885,15.154224369589192
on,1766.0,35.09682044222237,36.274664844372715,14.738237583418284
on,1767.0,35.11842888873673,36.27702691178363,14.929943293650751
on,1768.0,35.12674922951818,36.27082521899308,14.655742003311051
on,1769.0,35.14564447758781,36.26644948745277,15.109033705026363
on,1770.0,35.13899224850953,36.25911604612273,14.623956891567698
on,1771.0,35.11316805333302,36.25677711208129,14.094811157974512
on,1772.0,35.10149785257023,36.26363185178201,14.817626249480067
on,1773.0,35.09276704129509,36.26177310598145,14.553330494766655
on,1774.0,35.080630124324216,36.268186051580656,14.563292178479141
on,1775.0,35.11024598815667,36.27263786954325,14.482507032406161
on,1776.0,35.09004409983544,36.28058938823349,14.80507904801772
on,1777.0,35.0810918825267,36.27927899472851,15.052248327828764
on,1778.0,35.10689260344961,36.273911747066194,14.83743490326304
on,1779.0,35.11149613355852,36.270342602277815,13.85528798259771
on,1780.0,35.095087139457625,36.276677394865665,14.002282587605714
on,1781.0,35.09618656196773,36.28150688274683,13.597207249464574
on,1782.0,35.09516557422785,36.272625739632474,14.978680656069063
on,1783.0,35.09066896392297,36.27531343654681,14.26055777354629
on,1784.0,35.10181589957228,36.275492735707886,13.649190596424825
on,1785.0,35.07328492654286,36.27642682104474,14.492726724939612
on,1786.0,35.082312626721006,36.27014705455669,14.674883877659777
on,1787.0,35.06914538706816,36.26089842659563,14.859274338670204
on,1788.0,35.071994196933844,36.25707047413022,14.786566330500422
on,1789.0,35.07024043522604,36.24880167986139,14.793324127951543
on,1790.0,35.0729076027128,36.253612144463716,15.237870492328176
on,1791.0,35.09792473441519,36.25400074538839,14.86714904068609
on,1792.0,35.09776062849374,36.24702995105065,14.449277015617822
on,1793.0,35.098540048532406,36.24839654051379,14.667328261851976
on,1794.0,35.08093295546193,36.24930575249113,15.533842632535123
on,1795.0,35.07747647858395,36.251230949194444,15.961765261583828
on,1796.0,35.09926974297219,36.24980326901844,15.264218954550152
on,1797.0,35.10169289567379,36.240994497456,14.306700615228774
on,1798.0,35.10991083271813,36.23752505712702,15.743977557439152
on,1799.0,35.09520628574085,36.233117008279265,16.33950568934071
on,1800.0,35.11277166076691,36.22828931828851,15.285901734735786
on,1801.0,35.12349649458162,36.23332665525021,14.94150139492725
on,1802.0,35.13112017072372,36.23537293045581,15.460577492426971
on,1803.0,35.12420257207768,36.23984360920901,14.85029706399812
on,1804.0,35.13844414205051,36.23096139022183,14.916576907265393
on,1805.0,35.11986334587476,36.229570629568975,14.833006748002038
on,1806.0,35.114125284835445,36.22958197606061,14.617421813265757
on,1807.0,35.091672334495186,36.23024284898958,14.798733758250272
on,1808.0,35.086612937312324,36.22722362847826,14.734438118131383
on,1809.0,35.10984118120323,36.2194572817067,14.520123305586962
on,1810.0,35.10470059470419,36.22340874548508,14.662972019150963
on,1811.0,35.1028845291897,36.237219623325466,14.580834461720608
on,1812.0,35.095073160156474,36.250368870483314,14.371593128791357
on,1813.0,35.07867404389239,36.257560461874334,14.579845813091442
on,1814.0,35.08792325424015,36.262693867026286,13.976617068758612
on,1815.0,35.07563830709599,36.27033147814673,13.343570251496676
on,1816.0,35.047238024394694,36.270926426202706,13.787343785680788
on,1817.0,35.04813897813288,36.26671404710809,14.179911690157924
on,1818.0,35.05331283374592,36.250858732823254,14.654577616303836
on,1819.0,35.03102784557604,36.251936489293044,14.425378795138524
on,1820.0,35.056114106696505,36.24676833756332,14.443490585064335
on,1821.0,35.054972569472106,36.249611220700345,13.823706597913752
on,1822.0,35.05243906394094,36.256331547796485,14.02527808546732
on,1823.0,35.05939724334216,36.26688332949026,13.519082392632836
on,1824.0,35.05786120222225,36.27801730301291,13.93246327707153
on,1825.0,35.04559378703093,36.28107755158496,13.539303002043805
on,1826.0,35.02112883899098,36.27795423454512,13.404346476816219
on,1827.0,35.03693950402872,36.27461694746512,13.758244014837672
on,1828.0,35.03922921152469,36.270153003975096,13.61154621634521
on,1829.0,35.056900583374535,36.26471735372082,13.879403347379728
on,1830.0,35.06954171296723,36.28104964966828,13.716503303991082
on,1831.0,35.07431027985591,36.28361012639849,13.625933672097641
on,1832.0,35.09689848574629,36.28111103351616,13.451911217802465
on,1833.0,35.087500622686264,36.274199649772214,12.992908610248179
on,1834.0,35.11309780831185,36.26357322855646,13.154884659552074
on,1835.0,35.08861862391931,36.262367385779775,12.75468490168071
on,1836.0,35.088034269146775,36.259253338700574,13.104392684206257
on,1837.0,35.0731558037947,36.256943384620314,12.672790970318797
on,1838.0,35.06610700669197,36.257784890674984,13.237326003737206
on,1839.0,35.09688217359495,36.25231653925582,13.40051825141817
on,1840.0,35.088000125597915,36.25662761140955,13.641199968650241
on,1841.0,35.07388467252488,36.26271595895369,13.980074380019003
on,1842.0,35.0740927175487,36.2704939128691,14.665687818513032
on,1843.0,35.081589017254906,36.27875790420158,14.935784929090346
on,1844.0,35.09928991106968,36.27647829360847,14.612431231223514
on,1845.0,35.106350957996675,36.27631332941494,15.223867895880765
on,1846.0,35.09397107976852,36.27493024017574,15.167577831618729
on,1847.0,35.09338378815357,36.268946988549466,15.247350571569541
on,1848.0,35.10020136994526,36.26930270610063,15.367549128956757
on,1849.0,35.1081597760609,36.2707388543361,15.873161403132647
on,1850.0,35.119158016761475,36.26899552089479,15.141808646870839
on,1851.0,35.124695212447435,36.25720750402213,15.22177963408593
on,1852.0,35.12704584328503,36.26176573457287,14.76729938653103
on,1853.0,35.11495852242054,36.2718025113193,14.99492305775296
on,1854.0,35.12520307036615,36.27806396954775,15.180894697839426
on,1855.0,35.12710240787928,36.27415957118966,14.908598812197358
on,1856.0,35.105965729534134,36.27056079606399,14.316746582694773
on,1857.0,35.10194605885053,36.26731233571721,14.424998840047255
on,1858.0,35.09006591774225,36.27175298215108,14.83345905257351
on,1859.0,35.09002556773408,36.278242214118166,14.376097724168428
on,1860.0,35.07428446516603,36.27463175929934,14.315154795292855
on,1861.0,35.07058258338673,36.264234726427865,15.115095882337826
on,1862.0,35.05853436021902,36.26876525046313,15.658629377633202
on,1863.0,35.066247692430565,36.27281616551099,15.674371868724881
on,1864.0,35.0981121848112,36.28711980118136,14.827598975166818
on,1865.0,35.09285586210156,36.288100080066016,14.561902766563623
on,1866.0,35.08800706858304,36.27891444402313,14.741240487768309
on,1867.0,35.09936530578707,36.26847326685532,14.233638527109228
on,1868.0,35.10297824489639,36.2758865087579,13.91627876463573
on,1869.0,35.10070881486737,36.2751219125649,13.612693683574497
on,1870.0,35.09740881709986,36.275364316654766,14.037516183466181
on,1871.0,35.110356991119005,36.27029080913198,14.23098232659672
on,1872.0,35.111192675077874,36.27920949798596,13.398114866845361
on,1873.0,35.117401547338204,36.26827491426161,13.392617956414638
on,1874.0,35.10345685872442,36.268123675939776,13.7439354378108
on,1875.0,35.06972182380714,36.26858018896957,13.33426223762827
on,1876.0,35.05219451343388,36.272217902248244,13.028415667600134
on,1877.0,35.04770039304457,36.2666599696651,13.562136143775998
on,1878.0,35.055371003067236,36.26858852866159,13.345291831493773
on,1879.0,35.06647392879217,36.26426328710333,14.090003459871884
on,1880.0,35.06192640183858,36.260990525819906,14.019580901929661
on,1881.0,35.061757850100115,36.266390860644584,13.762530589192544
on,1882.0,35.06693993031017,36.2642878450202,14.013951743205364
on,1883.0,35.042866240568934,36.27084441721417,13.936825383468847
on,1884.0,35.05746909405659,36.27578428647246,13.556329042307102
on,1885.0,35.05871663451588,36.276557070519836,14.1362620948461
on,1886.0,35.06814373960951,36.28805945872848,14.622058705703754
on,1887.0,35.06886050459222,36.286912914850355,14.399591912190743
on,1888.0,35.08175810698711,36.2744948208597,14.02188230464018
on,1889.0,35.06899075887439,36.268894147734,14.202549569897439
on,1890.0,35.05136984863848,36.28084492689411,14.65705616276923
on,1891.0,35.0440872283321,36.28767622758756,14.58036948897929
on,1892.0,35.076277162077936,36.286367752000906,14.101139523300859
on,1893.0,35.07269422816631,36.280542258244296,13.981304847120402
on,1894.0,35.07479668838832,36.27975947016483,13.074699383122645
on,1895.0,35.06508936037128,36.2722932195687,14.030837649521821
on,1896.0,35.04762215359638,36.275754046844945,14.052464469825829
on,1897.0,35.03908473048041,36.27649586206639,14.895782135489313
on,1898.0,35.05339843252363,36.27036328957474,14.551899113117685
on,1899.0,35.08191154692161,36.266562152572014,14.515826458657191
on,1900.0,35.102435293689446,36.26108394407801,14.812225867511877
on,1901.0,35.12244434779413,36.271367217935044,14.513038078678498
on,1902.0,35.1333752599007,36.264700614496306,14.26552653190722
on,1903.0,35.10610117639952,36.272583619204966,14.00799937323736
on,1904.0,35.114342778240655,36.271017497374494,14.514498831474405
on,1905.0,35.10788208232892,36.276075231816016,14.229466061246317
on,1906.0,35.110334569278,36.277508216607416,14.069648787410818
on,1907.0,35.13331685962156,36.267031385720905,14.330215573111069
on,1908.0,35.13228211695175,36.26127992306217,14.748407458056835
on,1909.0,35.13683058607104,36.25665160872417,14.387812818514593
on,1910.0,35.14387855466852,36.26356834841253,14.096099832367504
on,1911.0,35.13969980198414,36.25757111893403,14.362802323157748
on,1912.0,35.122274144091286,36.26348094885184,13.874477360219151
on,1913.0,35.11393964187121,36.26676273144082,14.066021461260952
on,1914.0,35.1079941381726,36.265956753478875,14.530129003480091
on,1915.0,35.10945098793033,36.26657796409406,13.668511472361384
on,1916.0,35.11215300536044,36.26242788473636,13.490101054692534
on,1917.0,35.08906629758884,36.26209318795799,14.320021612397486
on,1918.0,35.04385684107283,36.27483647988877,14.616318529090693
on,1919.0,35.061918697142474,36.27262971046965,14.28092256034186
on,1920.0,35.07771659644783,36.26055195907582,14.391456608345411
on,1921.0,35.073260402187906,36.254643517618554,13.935060702979511
on,1922.0,35.07810209100698,36.2527923440282,13.758762841829036
on,1923.0,35.076036823697045,36.256309597933644,12.929131525796521
on,1924.0,35.04668426332392,36.26113797673495,13.363234804533072
on,1925.0,35.03677867372781,36.26100568565241,14.181874375108134
on,1926.0,35.030727806295495,36.26391498338908,13.502901022696122
on,1927.0,35.042252491756315,36.27215233799853,14.350166681902625
on,1928.0,35.069234004343535,36.265705086173476,13.94198633009001
on,1929.0,35.07354866968345,36.264052621095985,13.146823768911599
on,1930.0,35.05340498268167,36.26205523867743,13.26471412250913
on,1931.0,35.065549967821966,36.26518111592187,13.779382406604872
on,1932.0,35.072231566623515,36.271733101155526,14.79602269297876
on,1933.0,35.06248686237963,36.271207280021905,14.71778669936544
on,1934.0,35.084499271440876,36.27699782867653,14.34489028868144
on,1935.0,35.08554787427097,36.288659694818584,14.725181310696353
on,1936.0,35.09271799375641,36.28726244445748,14.48532540046222
on,1937.0,35.079930528056636,36.275216407451275,14.183653295537017
on,1938.0,35.090844808054975,36.274162612776934,14.099616704378839
on,1939.0,35.10626904727986,36.27078706110586,13.956874046733741
on,1940.0,35.08989069616548,36.27415051866884,14.24905443381779
on,1941.0,35.11004031719173,36.27397700733091,13.733400120733965
on,1942.0,35.11722429084772,36.2777804502359,15.137013725441186
on,1943.0,35.133406182061094,36.2700386678355,14.322153058352903
on,1944.0,35.121979293575215,36.27330806123725,14.373150516091036
on,1945.0,35.12644615329529,36.27197820625137,14.532244732075632
on,1946.0,35.11521292259436,36.27246572579132,15.005016537798507
on,1947.0,35.138021867979624,36.26867613104963,15.117469818312326
on,1948.0,35.14234056862678,36.265529731992366,14.342065998658487
on,1949.0,35.143752663172805,36.27396151050043,14.272070732114821
on,1950.0,35.129007758682484,36.26866005111948,14.314675366471032
on,1951.0,35.11322652814313,36.272280713967476,14.260640193495778
on,1952.0,35.095934497616206,36.262910513114264,13.259944451146332
on,1953.0,35.06322931858097,36.267734763321215,13.342169273027366
on,1954.0,35.050663260805024,36.270974955344045,14.114843054949795
on,1955.0,35.056963451731555,36.276415736090335,13.481577448045506
on,1956.0,35.06039583805916,36.28089895389979,14.249476717906708
on,1957.0,35.06122737740485,36.28779797036559,14.46073701195837
on,1958.0,35.06995889165366,36.28686586914103,13.980618424640689
on,1959.0,35.11766677319657,36.28283060893435,12.974623437853822
on,1960.0,35.11192052729849,36.272686898374,13.3696922570421
on,1961.0,35.09658486319685,36.27653044744468,14.265953456071646
on,1962.0,35.07184079328524,36.27478699773131,14.332037224059578
on,1963.0,35.07722844249673,36.273159198319156,14.547173565925263
on,1964.0,35.09720954548402,36.2749302099451,14.47184997262181
on,1965.0,35.09323413207391,36.28100936925379,15.265125416431207
on,1966.0,35.11499941649201,36.275931616945925,15.18642680911384
on,1967.0,35.10745436085528,36.27348391933865,15.392147999080716
on,1968.0,35.110137923447496,36.27834937190505,14.966980105017269
on,1969.0,35.10990303164783,36.2861552851835,14.704952653015495
on,1970.0,35.11222291186468,36.2851429919991,14.415783849419
on,1971.0,35.11614041246007,36.28655167607743,14.82505761352087
on,1972.0,35.123694752706605,36.288393277502,14.911872861004
on,1973.0,35.11507745176183,36.2849537101957,14.567486327823154
on,1974.0,35.12570757434396,36.28625612780588,13.99347701401097
on,1975.0,35.14866607042342,36.27998181737936,14.113676782786989
on,1976.0,35.1324943236572,36.266715491100015,13.876197314312025
on,1977.0,35.11181283647012,36.27331703026574,15.05601577624788
on,1978.0,35.121322611903125,36.27161205171965,14.433935382074488
on,1979.0,35.11610801797451,36.26431492524394,14.286330814800984
on,1980.0,35.107858522737565,36.260831519812655,14.261871830657007
on,1981.0,35.092732161850336,36.26289072157717,14.58406245509502
on,1982.0,35.11255506760116,36.266755085738,14.33760936513067
on,1983.0,35.126053356538534,36.26865244503343,13.881117256147952
on,1984.0,35.148250577911554,36.26457754188792,13.369085463977132
on,1985.0,35.12811296399799,36.264827871221,13.45177221320175
on,1986.0,35.08945057302567,36.27274238128097,13.372078335521307
on,1987.0,35.105032460766765,36.27316526436466,13.47661782160512
on,1988.0,35.08117413349539,36.2766741985251,13.449364187789243
on,1989.0,35.058978175070635,36.27263080259493,12.947975462203326
on,1990.0,35.042942741410315,36.27153806665097,14.118883641681212
on,1991.0,35.05023931983954,36.2789973403257,14.824918259982462
on,1992.0,35.08127954293758,36.27797392248271,14.797887138923448
on,1993.0,35.068217662160244,36.27937827876705,14.616948302485424
on,1994.0,35.06364897611777,36.277409635629716,14.75357704274105
on,1995.0,35.08283632951738,36.273976135007054,14.599915335948651
on,1996.0,35.096111882105824,36.27353677697617,14.235309172266936
on,1997.0,35.10651398770471,36.27677415124509,14.018223803807835
on,1998.0,35.0856689315471,36.286037034567826,14.79943632989708
on,1999.0,35.08093713085946,36.28253326025543,14.592808917966643
on,2000.0,35.09613329779471,36.269989613921325,14.138060714190058
off,1.0,33.55820267080922,36.58719599667686,1.165826448576077
off,2.0,33.5576922935615,36.57603456466647,2.1368788146297084
off,3.0,33.57208886090597,36.57693745522064,1.9897388395896445
off,4.0,33.57249348159145,36.582971183118,1.8175161601680077
off,5.0,33.58523015682528,36.58475080301305,0.9044713785594737
off,6.0,33.577381539689455,36.58858246586434,1.2935104347914268
off,7.0,33.563779084367056,36.607790046035184,1.4223668484781489
off,8.0,33.55139469094549,36.607039151958624,1.5287296498461176
off,9.0,33.55295636622452,36.59937236196315,1.4429485293376412
off,10.0,33.54659303146752,36.60219688254846,1.355300887775872
off,11.0,33.52186844937475,36.60085858063544,1.7608539111186112
off,12.0,33.52098399273299,36.59744561005763,1.6098302825523962
off,13.0,33.539658623275244,36.59305143184072,0.8809698903450978
off,14.0,33.55487037103189,36.58792456432296,1.5044413346696222
off,15.0,33.560834833631226,36.58425377242137,0.9154723751273482
off,16.0,33.57651485788989,36.587785400163476,0.7358599011432123
off,17.0,33.57662630213061,36.58936114874767,1.0737325771613482
off,18.0,33.572543839328596,36.602999534726116,1.1804749608792002
off,19.0,33.557858684870766,36.605714589726304,1.0448656177329412
off,20.0,33.55978341272068,36.596620893002864,1.37130075924189
off,21.0,33.566982487498194,36.5877640481372,0.7969090990540149
off,22.0,33.56023328032727,36.578256436969944,1.9804019153710117
off,23.0,33.561740280759615,36.57541393455758,1.3671329044103555
off,24.0,33.56380359561578,36.58311398466963,1.3634723042964263
off,25.0,33.55399636270263,36.571479183413636,1.5565976377211377
off,26.0,33.55441218141754,36.57443441887972,1.2685667582876576
off,27.0,33.54021953216937,36.58466922713939,1.677491786458539
off,28.0,33.53199119641605,36.59322981617155,1.1040674218473192
off,29.0,33.5148578507756,36.59204399970652,1.358281371276987
off,30.0,33.51730359369251,36.59012666570891,0.9772858906814545
off,31.0,33.51852679655414,36.59194994019487,1.6073692935056616
off,32.0,33.51736911200647,36.595476865358634,0.7836521423931372
off,33.0,33.51540733596575,36.599183898580456,0.6002218955577684
off,34.0,33.496911974020094,36.60402887819054,1.1172933719854647
off,35.0,33.47905748670958,36.605585738925846,1.5907229859631895
off,36.0,33.472558840478094,36.60132978765056,0.993133207879531
off,37.0,33.485788776174616,36.60868177365139,0.8890318691201244
off,38.0,33.48656272400336,36.60628757688537,1.258451029070709
off,39.0,33.4965981702695,36.59850887339871,0.7305388890474258
off,40.0,33.49860851366046,36.58126443772789,0.393956203519357
off,41.0,33.487682939248295,36.57584492300018,0.9052720700244774
off,42.0,33.482245156704344,36.573861155523716,0.7638200143737623
off,43.0,33.479109363911974,36.565424862954266,1.0654292905118479
off,44.0,33.4745074853132,36.55600042414943,1.6373352991064531
off,45.0,33.46517209737884,36.558765250167056,1.8288457762678925
off,46.0,33.470580734937194,36.568635133685135,1.5757438722152246
off,47.0,33.480306304090895,36.56681206239792,1.5065920902041787
off,48.0,33.492247915166054,36.563858409035504,0.7943161760275583
off,49.0,33.493607497832144,36.56389472514345,0.9617092510500624
off,50.0,33.48407799487513,36.566511837924395,1.3091118285884757
off,51.0,33.48910553922545,36.569919240819544,0.6542355469598217
off,52.0,33.482559493540826,36.57839106920988,1.260015140594903
off,53.0,33.4817979519564,36.574370097938186,0.9845576844759071
off,54.0,33.468925002490344,36.57519015697059,1.7188040047235758
off,55.0,33.45337629173481,36.58678713737454,1.6953056866948508
off,56.0,33.45475382647771,36.57808855363581,1.6097300280896079
off,57.0,33.45749774932275,36.57381950787935,1.3970203169383355
off,58.0,33.45859816084504,36.57501648251988,0.8267850249737043
off,59.0,33.44901916295523,36.583990516173216,1.0288944089465037
off,60.0,33.452157808090256,36.601359325033506,0.5909917294992685
off,61.0,33.447630772245574,36.5932289750214,0.7499692138693363
off,62.0,33.462011952728,36.58678707916322,0.43566937230039926
off,63.0,33.46592286545173,36.58494064684585,0.4904730290354518
off,64.0,33.46104449063582,36.570195621652886,1.0020705810034978
off,65.0,33.46550638377446,36.56249045124898,1.7084949905579179
off,66.0,33.46305021137212,36.56203381223976,1.247857629147549
off,67.0,33.468252294731336,36.567187477917464,1.115299505424057
off,68.0,33.47119726473441,36.580525124210126,1.0049140624551156
off,69.0,33.479654695569494,36.58184774989259,0.7878107625379478
off,70.0,33.49906055648864,36.571935868332,1.2297182636068502
off,71.0,33.5132737044176,36.562461449715656,1.0057713800157762
off,72.0,33.51287644999642,36.56089155075608,0.8749674920509767
off,73.0,33.50862745088296,36.57750291815554,1.254645621323371
off,74.0,33.49227142662659,36.58878716164903,1.7294870645672455
off,75.0,33.48408980751405,36.58592305870326,1.3804407627032536
off,76.0,33.474126435043146,36.57287839014005,1.3809182371902464
off,77.0,33.479567827890655,36.57996197391397,1.1802800628677121
off,78.0,33.47275619636517,36.58245348289626,0.31914352305727717
off,79.0,33.45676617942668,36.577187872193235,0.9298452092392677
off,80.0,33.459401964907016,36.56652162096336,1.055674263190829
off,81.0,33.46945424840346,36.564762251526076,0.7614604092396322
off,82.0,33.47217558130026,36.567314308510376,0.25351703534613335
off,83.0,33.470952377166824,36.57320132854505,0.6093849515448382
off,84.0,33.47949688158993,36.583991036811774,1.4605267073284733
off,85.0,33.48373604803479,36.58891354569548,1.0568996948525
off,86.0,33.46807630029411,36.599643877049736,1.2047054131665884
off,87.0,33.450340783978355,36.60116542064999,1.4105237986794874
off,88.0,33.45717924880922,36.60977272041923,0.7490011172839839
off,89.0,33.448995988725734,36.61022443223332,1.752338030435659
off,90.0,33.43364576857752,36.60559003065349,1.2940063859832598
off,91.0,33.436188873778335,36.59685919085004,1.4774452510481992
off,92.0,33.43438345943713,36.58452159945805,1.089146427661376
off,93.0,33.44072583672692,36.58274014661163,1.4786007310887461
off,94.0,33.47375856647241,36.58084938688304,0.4255498052714585
off,95.0,33.486277700744814,36.57963322743162,0.9063281261399114
off,96.0,33.494932961190244,36.588950419932544,0.7983274048022357
off,97.0,33.494571446070175,36.588343537893934,0.9703613727174746
off,98.0,33.49769839583497,36.58945691764297,0.24317464550493556
off,99.0,33.502029925617656,36.58371296112177,1.6742227780280743
off,100.0,33.50912343636012,36.57348580430764,0.21246307117506394
off,101.0,33.52571039802427,36.580558608005475,1.3043994115551278
off,102.0,33.54318599226749,36.58793902273292,0.8520115656995384
off,103.0,33.54569496247356,36.59358859001416,0.7098717450888681
off,104.0,33.535886890735114,36.59675974730826,1.0394517322393382
off,105.0,33.519856462147054,36.59456451442291,1.5186627502700856
off,106.0,33.50838491636486,36.597059491054445,1.3618982830569721
off,107.0,33.5086304916515,36.59099093799077,1.1551745956747372
off,108.0,33.50188748768573,36.57260523892887,1.4592925659727372
off,109.0,33.50275676269248,36.58027034526424,1.0585292885096818
off,110.0,33.50133651312609,36.57421798038809,0.7781243970329856
off,111.0,33.49288868679698,36.58308277709862,1.280357530923137
off,112.0,33.480356961032285,36.5951906359713,1.0980689059655457
off,113.0,33.46113492434423,36.61636174636316,1.4454471938413715
off,114.0,33.45423540066099,36.6199345880277,1.4307251461279544
off,115.0,33.46794346951702,36.61191600607369,1.2954724128478725
off,116.0,33.4781121797835,36.59762193811773,1.3727237968741766
off,117.0,33.47861024834036,36.598803835455165,1.3140482820234727
off,118.0,33.48098674993312,36.59291894402221,0.9508420183139059
off,119.0,33.4839951917538,36.594562090487656,1.299708508420601
off,120.0,33.48876828744429,36.603872506460554,1.3501047404291748
off,121.0,33.492493229617864,36.600478016765344,0.7489728746254563
off,122.0,33.48876806549065,36.599849260823326,1.2851101004533907
off,123.0,33.507632171514636,36.603193858891984,1.1283935872128876
off,124.0,33.50825877619254,36.602209546359965,0.7115886629998665
off,125.0,33.51965873141819,36.592735199768775,1.258991079614811
off,126.0,33.52441691493064,36.59252219015608,0.5549817231287439
off,127.0,33.50913609376385,36.59530388427377,0.995804775823173
off,128.0,33.48889854347229,36.60702144227295,1.2682401998211736
off,129.0,33.47728562924826,36.61045043524291,1.5238832286584882
off,130.0,33.46837545364668,36.60388167180607,1.1976956201564848
off,131.0,33.46262619944467,36.606934503281444,1.0474865213695748
off,132.0,33.45511757481837,36.59869121590472,1.915214469950603
off,133.0,33.46450626201935,36.58965067081029,1.8179112769776236
off,134.0,33.48105926715919,36.59087215196227,1.9204438216470547
off,135.0,33.481414441193465,36.58320111449209,1.6543972373374691
off,136.0,33.49360420828838,36.57316179995117,2.15275526465462
off,137.0,33.4905246228607,36.56609574093714,2.318609261402891
off,138.0,33.49588385173962,36.55595959313521,2.0591857384284
off,139.0,33.50176680900748,36.570453075130004,1.5642517235691171
off,140.0,33.50499183194556,36.585271250131306,1.6533844593985454
off,141.0,33.512374630351516,36.593067862073404,1.3415259158167026
off,142.0,33.52650835567711,36.58206629651416,1.631524721554045
off,143.0,33.54793446874174,36.57441539580885,1.4126333004026574
off,144.0,33.53536367365169,36.57185832917276,1.9416343895789647
off,145.0,33.52998143327438,36.569290673442666,1.8681494697595056
off,146.0,33.5403062333116,36.57888108532264,1.558816157087488
off,147.0,33.55504210424301,36.579791139694976,1.6964729509050407
off,148.0,33.576017865853025,36.57038144346817,1.4043402091303339
off,149.0,33.58506194177861,36.56759358004833,1.168481239218765
off,150.0,33.59133719837979,36.55847233941835,1.5067060966304455
off,151.0,33.60811861122965,36.56442121572068,1.1455842553521591
off,152.0,33.59285242324894,36.574512787062666,1.2694906577364788
off,153.0,33.56830080858289,36.58409231259295,1.9074121219905373
off,154.0,33.55444815505158,36.59368483608017,1.6272910178894073
off,155.0,33.56085360068944,36.58509629780769,1.6443811496512688
off,156.0,33.55648511859309,36.588910174234094,1.176874031471853
off,157.0,33.547607735773376,36.584866640134315,1.4930025832733247
off,158.0,33.56556641936595,36.57242437865672,1.2842225970352614
off,159.0,33.56287971941717,36.57663264135535,1.1497040133160636
off,160.0,33.55734904291215,36.57757819373236,1.0273880573148833
off,161.0,33.577096584626936,36.572547159835686,0.6052504323309819
off,162.0,33.56565701515704,36.575880473979566,0.9303745559576909
off,163.0,33.561847187170855,36.575590159250666,1.420605437359498
off,164.0,33.54284734006118,36.58310468168821,1.1876711795121548
off,165.0,33.536196566292574,36.576251411878545,0.9021280039211894
off,166.0,33.5329307591625,36.581676490766455,0.7570323921765589
off,167.0,33.50825968834453,36.587551151148716,0.6652734441437677
off,168.0,33.49293411769141,36.60331088317641,1.1216570276808553
off,169.0,33.488587149270536,36.60321235411432,0.9153318089489932
off,170.0,33.48739039027709,36.59022466764773,1.6970964062762832
off,171.0,33.484470753371156,36.58766978485356,1.2775389549445197
off,172.0,33.481462262017786,36.586477052089805,1.6877738477856172
off,173.0,33.484646582233474,36.57650789618388,1.1807367987291588
off,174.0,33.49041361835533,36.56907916524573,0.4354619423996185
off,175.0,33.50101382286157,36.56794791612341,1.9211452363865407
off,176.0,33.500618789985936,36.57183468342751,1.1946124725067033
off,177.0,33.53435499872459,36.57365131059864,1.4994667491490823
off,178.0,33.54293878528529,36.569242599680514,1.318261985591493
off,179.0,33.55579483098039,36.56876804395707,1.1643972820118647
off,180.0,33.54928914908278,36.571036214524845,1.6230256559061624
off,181.0,33.54314831334086,36.586996605609194,1.134182106190352
off,182.0,33.53319746987264,36.58900949637884,1.2900252247191275
off,183.0,33.53217839795831,36.59137574203903,0.8638632101679451
off,184.0,33.52424482824371,36.598612434137706,0.9132806964138966
off,185.0,33.52788414834386,36.602598114138544,1.6787091340388272
off,186.0,33.54268025001857,36.587522557247965,0.6841728630229318
off,187.0,33.556598813932624,36.55851072841526,1.2766920832813564
off,188.0,33.55823720355816,36.55106619948119,1.500175932848065
off,189.0,33.55051245587094,36.56249502977697,1.215071152410054
off,190.0,33.55840880469654,36.55921819901625,0.6409215308260094
off,191.0,33.54826691659152,36.55349405298827,1.2069510678697835
off,192.0,33.5495324623953,36.551825898006236,1.4780572354282908
off,193.0,33.5568028887304,36.55709784161715,1.2721032542336097
off,194.0,33.553100902981754,36.556027506741145,1.044798867486695
off,195.0,33.565516995180346,36.5651149026272,0.9958502546216613
off,196.0,33.57672763154585,36.56691005080419,0.8683119452752226
off,197.0,33.60389736597004,36.56805658554304,0.6683569633883453
off,198.0,33.606515045126436,36.55597411150496,1.2641007106766016
off,199.0,33.63237281843705,36.54800981581166,1.753891322360464
off,200.0,33.632961446009716,36.55268174387896,1.20001701383711
off,201.0,33.628092463440574,36.56376256721606,0.9983108295459182
off,202.0,33.613732954006764,36.56964051595503,1.0346115014585184
off,203.0,33.60005789660059,36.575660007024844,1.8706204740042407
off,204.0,33.59390238967376,36.576376448666686,1.6275012896742271
off,205.0,33.57914067516465,36.573550310829596,2.032047729427834
off,206.0,33.59674086129818,36.5683107451849,1.6915246842434708
off,207.0,33.59504556839556,36.56671498898057,1.7163252024532598
off,208.0,33.60118220289392,36.574394805175295,0.8554984203895375
off,209.0,33.5831660830286,36.582181852277586,1.4766040975893961
off,210.0,33.58401335498277,36.57890063954564,1.534117622976255
off,211.0,33.57352898773903,36.58854131929071,1.7526502721744048
off,212.0,33.55412018438329,36.59274231943813,1.8084759422584127
off,213.0,33.55249101504151,36.59241051927974,1.5000193560494028
off,214.0,33.55960629663029,36.59640860865557,0.6715409508705596
off,215.0,33.57257620503537,36.603518075875726,0.9042019719656862
off,216.0,33.581214318446605,36.60444397120053,1.754779362503565
off,217.0,33.56979202402588,36.6060363070982,1.4418033749589991
off,218.0,33.589483898211654,36.600091934301545,0.9703314661545537
off,219.0,33.58869673984807,36.585269046230216,1.1787990572361176
off,220.0,33.58740182045489,36.58700511162239,0.6290922533927252
off,221.0,33.560986808145955,36.6017176956268,1.0483230598439377
off,222.0,33.539945310793584,36.61922826925324,0.8491754617855773
off,223.0,33.54023704648913,36.620808471360455,0.7154045313280418
off,224.0,33.53258914894372,36.6260045890114,0.5173030137863035
off,225.0,33.52178471394449,36.61181680344938,0.5000274250503961
off,226.0,33.512439992230064,36.596695344659864,0.6787910291482007
off,227.0,33.52271342786967,36.591694813344525,0.9834115235881963
off,228.0,33.51766493581762,36.58748202218301,1.141250355620096
off,229.0,33.50726602360011,36.59472952641048,0.79711275442476
off,230.0,33.511363627218685,36.61008847224743,0.651560132282908
off,231.0,33.50471158372257,36.60840007674857,0.2997624413084735
off,232.0,33.50617635765984,36.61341712652612,0.9572483141818544
off,233.0,33.50037105283693,36.614733760569244,1.5819517340137454
off,234.0,33.514560666181666,36.616297145341896,0.7565901934304909
off,235.0,33.52332538418165,36.62297843945515,1.2305362777311957
off,236.0,33.539316253217564,36.614459622792666,0.9586699550856639
off,237.0,33.55314485960395,36.60015871888504,0.822595181626404
off,238.0,33.557621549550625,36.60126648048367,0.6522182278785933
off,239.0,33.557825164331035,36.59421345035956,1.3921220899359885
off,240.0,33.568735081604814,36.58811864850918,0.7363062526510656
off,241.0,33.57893864861578,36.58806139166057,1.0535442501979357
off,242.0,33.5705720620033,36.5877480965167,1.0141547170928356
off,243.0,33.567712144469546,36.594448678072304,1.2891087547195497
off,244.0,33.565629286227995,36.604658350748466,0.9368825808685162
off,245.0,33.57172185624156,36.61271592263581,0.8741591188669844
off,246.0,33.57264106834705,36.60934827653242,1.682356102627716
off,247.0,33.56567901303598,36.60840610366602,0.9782225974313794
off,248.0,33.55337876506518,36.6163904374138,1.668633114669761
off,249.0,33.54822281485091,36.62145626931906,0.8515402126445255
off,250.0,33.529919209910624,36.61891652104583,1.0193822390766063
off,251.0,33.54683412525377,36.61295058400452,1.0137941003216089
off,252.0,33.566205727939135,36.60709509877788,0.9945813703612735
off,253.0,33.56041925761857,36.604111252288895,1.369732440178435
off,254.0,33.563357461420686,36.6110057606558,0.7355634598749679
off,255.0,33.55363596429711,36.60909819321472,1.4030840869585566
off,256.0,33.55791982519428,36.6148184865148,1.4021136755781904
off,257.0,33.54711944181271,36.621289283775994,0.9551921234014124
off,258.0,33.53770722192287,36.62152441981885,0.7012085705594995
off,259.0,33.5500859370199,36.61475430669442,1.192435534872382
off,260.0,33.54366929722102,36.60973618220271,0.9563121062733189
off,261.0,33.5411750318113,36.60788781516905,0.9554050328883275
off,262.0,33.53335213139977,36.61077119053314,0.44944674493830816
off,263.0,33.519084980759345,36.609311830065764,0.6927528252120483
off,264.0,33.52602122217052,36.59878832447987,0.4263824428411233
off,265.0,33.52635427502426,36.594415305464146,1.1463029577269772
off,266.0,33.511095526203476,36.591832037498406,0.9617412278147104
off,267.0,33.5158461623661,36.589938829807416,0.866486689055604
off,268.0,33.50186229251868,36.58877370801987,1.7772188378755018
off,269.0,33.498058239935965,36.58850196753896,1.1407446352786392
off,270.0,33.49268323871474,36.5933599129315,1.4042103989403625
off,271.0,33.50546999914484,36.58648845301595,1.1645027526046827
off,272.0,33.50261192040652,36.5848297760847,0.6451114185142213
off,273.0,33.508198027076006,36.58887148468503,1.4556990399756264
off,274.0,33.51429065339106,36.58945955310715,1.204722966141985
off,275.0,33.53135113080899,36.580697290491145,1.14409144728273
off,276.0,33.55796308428432,36.57122015584703,0.5021959650759918
off,277.0,33.54885488252277,36.562782492969674,1.563709453748555
off,278.0,33.546951924011225,36.56107458017117,0.968399730350711
off,279.0,33.536408436614686,36.56664820435867,0.8422691936772985
off,280.0,33.53065704185923,36.566209138543826,0.8807835519717376
off,281.0,33.521899569842255,36.570021218645174,1.0188978276260874
off,282.0,33.52447282767684,36.57919704392842,1.2178486398442074
off,283.0,33.53143538663054,36.5651116465667,1.6509715804405913
off,284.0,33.51837742256888,36.550488443067024,1.289136667165694
off,285.0,33.53073630168407,36.55104027570137,1.2608784033474951
off,286.0,33.54243734094245,36.55715210336373,1.567916564503133
off,287.0,33.551983623849175,36.55369387541013,1.5549027894489307
off,288.0,33.55822498495166,36.54802587423126,1.0816114487553086
off,289.0,33.56950381905744,36.55060499642167,1.6846811611369654
off,290.0,33.58182503734142,36.561105740175606,1.6528715269238887
off,291.0,33.58451986047198,36.56616151820711,0.8698010697047152
off,292.0,33.58271878765411,36.571739340499455,1.2800429524986847
off,293.0,33.58600909306102,36.57544446510574,1.5901597075821097
off,294.0,33.59632429536013,36.58167806771642,1.0502587465161983
off,295.0,33.60287962760806,36.57947845599456,1.4626269203699938
off,296.0,33.587582598301324,36.56709135781116,1.5117011046067463
off,297.0,33.58054487346758,36.559571291052706,1.1384019574082425
off,298.0,33.584888532026994,36.563391979917796,0.9002753223694393
off,299.0,33.585298959450505,36.571886802699844,1.037525105591973
off,300.0,33.580241850310784,36.579215164961674,1.4770723499485534
off,301.0,33.57825954787561,36.579323031918115,1.2338294324078931
off,302.0,33.58376134690336,36.57016799235211,1.2054815094050946
off,303.0,33.59240215924245,36.56987971781964,1.2987484867302486
off,304.0,33.60018854621776,36.56308927634927,0.667226183239392
off,305.0,33.60400059740548,36.56652423133711,1.5004259895696288
off,306.0,33.60241545798667,36.57421366444174,1.3446693658360953
off,307.0,33.596006452115525,36.569731833421905,1.487059942147228
off,308.0,33.600284908637256,36.577957136162766,0.9572904876649295
off,309.0,33.61619093624448,36.57612546489579,1.2637932694551473
off,310.0,33.58933299292816,36.56967478707391,0.9009198773153246
off,311.0,33.58337711923646,36.5757598034899,1.2739786478543462
off,312.0,33.57900031482277,36.58110348551949,0.8962976608438695
off,313.0,33.592447094617484,36.59330771767542,1.2138656574899107
off,314.0,33.58719976476544,36.59203491209715,1.297677694601148
off,315.0,33.58100752375252,36.58480683710305,1.6845166877598399
off,316.0,33.58036504167018,36.58452712723418,1.0428481147547146
off,317.0,33.566958595321005,36.594587061861,0.9687261925234263
off,318.0,33.56223712161955,36.60164907184521,1.5213396203456802
off,319.0,33.5779192000624,36.596552422864434,1.4358565597585757
off,320.0,33.59195626539312,36.594311058260345,1.6875173165181354
off,321.0,33.601925949705205,36.58781258521009,1.1535550881464798
off,322.0,33.59831020080752,36.59024776737488,1.896460671687325
off,323.0,33.58654278730663,36.5897150273317,1.0060592481410744
off,324.0,33.60092702530197,36.591226437643186,1.2022136606040763
off,325.0,33.6128112247523,36.59966600960679,0.9138254823880765
off,326.0,33.62443661433418,36.5974991183071,1.4047140039089987
off,327.0,33.62911573450487,36.59896748268067,1.463431281141858
off,328.0,33.62613147656278,36.5853827102898,1.038954449239376
off,329.0,33.6186090132431,36.58874907709327,1.0810271587797042
off,330.0,33.61868790807272,36.598466179440294,1.3295574180788623
off,331.0,33.604804765860386,36.60133798620827,1.0172260391326502
off,332.0,33.6018416615955,36.59131824625365,1.9051656219587354
off,333.0,33.59302025304314,36.59896141497669,2.136678353829356
off,334.0,33.5870608632711,36.60325197197756,1.5527198950783092
off,335.0,33.596026649130806,36.61796774297875,1.0780555727437504
off,336.0,33.60223293158431,36.6032977987606,0.7760612065886259
off,337.0,33.6064075489006,36.59238076994307,1.2843435473968823
off,338.0,33.6198582756356,36.58514432065241,0.8925948926963405
off,339.0,33.62371314693543,36.58322701971634,0.693938572078852
off,340.0,33.610340318662786,36.59673648295736,0.9860108000211948
off,341.0,33.59090504480635,36.61087292407723,0.728185094409319
off,342.0,33.574776048717034,36.631044340689414,1.451458840544078
off,343.0,33.56522760165231,36.62555198333691,0.27324549915976115
off,344.0,33.54858690186264,36.62155718161971,1.1327513588542302
off,345.0,33.5346122418841,36.60928857105878,1.1913577973368952
off,346.0,33.5627973529554,36.60774920045058,0.9860064945997845
off,347.0,33.55178212551404,36.60772573960786,1.3647466466812934
off,348.0,33.529651349060835,36.610821285250495,1.110004145273165
off,349.0,33.52170464132415,36.595096197488125,0.8266913591916027
off,350.0,33.509177675931554,36.607064727761355,0.9640362869201246
off,351.0,33.489602810923785,36.605783902978075,1.2069894337528235
off,352.0,33.48486129509378,36.603806690749856,1.2732350214955879
off,353.0,33.47428714321163,36.60921361918716,0.9338690016010452
off,354.0,33.48044769730564,36.60568617605847,1.1110393576180817
off,355.0,33.49700444080656,36.60908632809708,0.8421411254290994
off,356.0,33.52121856362704,36.59749154652104,1.0618083675887608
off,357.0,33.51779606938281,36.592197899751426,1.0706161177406468
off,358.0,33.53749741195595,36.59165172768603,0.7534527917945351
off,359.0,33.54528945399027,36.59139445380278,0.8918423155524708
off,360.0,33.542624656981715,36.60313041049942,1.3810548156134221
off,361.0,33.53509446721225,36.61942974728608,0.8725645569956194
off,362.0,33.54094470564731,36.60530902852997,0.5812370143764954
off,363.0,33.541483219505814,36.6042943176242,1.4284406693650245
off,364.0,33.53666354362657,36.60216267255149,0.7651862919106814
off,365.0,33.53499950468738,36.60418592983513,1.6897388460498046
off,366.0,33.54327267036156,36.6140878678613,1.0280375316321764
off,367.0,33.560653477582676,36.61037045173451,0.8868266303631454
off,368.0,33.58438773144919,36.617030755845676,0.4725698441898917
off,369.0,33.60749847645854,36.60808182498515,0.6128220702948437
off,370.0,33.61580474362385,36.61278521197952,0.6128085316969152
off,371.0,33.60882333182536,36.609039258381,1.4235914738867606
off,372.0,33.62003013376193,36.599125245136065,0.8713257383469528
off,373.0,33.63127102278659,36.59749013758242,0.6776217083637599
off,374.0,33.61839894458092,36.595609201694,1.445887491649927
off,375.0,33.61508535357979,36.59314193986326,1.2932980854036307
off,376.0,33.60129965602228,36.600042012915395,1.0749940238791311
off,377.0,33.597109994636796,36.597895082893274,1.6897727799014968
off,378.0,33.595200861963825,36.59854906466211,0.9123883873465931
off,379.0,33.584838859067,36.60262034410145,1.7197526476781044
off,380.0,33.593476465571506,36.61180092010767,0.6296284479482588
off,381.0,33.58306036856048,36.609710338768444,0.3435211733517476
off,382.0,33.58644770513688,36.60518013876301,1.1170785016582685
off,383.0,33.5932200206305,36.60566529983534,0.9686389207682105
off,384.0,33.596902032537464,36.59202632710414,1.5360219395007917
off,385.0,33.61204626194886,36.57865131185002,0.7946781398172259
off,386.0,33.63304062455114,36.56533274636952,0.23043937253575653
off,387.0,33.61148663392454,36.56651565020569,0.99406041496119
off,388.0,33.58235068300338,36.581203281436565,0.8599515169204869
off,389.0,33.56317335795299,36.583115546589305,1.4716778666520036
off,390.0,33.55801350799883,36.57395573090543,0.8645311908021849
off,391.0,33.557293758763656,36.56385864891148,0.5467542634079122
off,392.0,33.55594388254753,36.57081425807502,0.964204530824023
off,393.0,33.56151667041953,36.57417376871787,0.8860789272513336
off,394.0,33.55891127126598,36.58519400379786,0.47226661570904815
off,395.0,33.54471507397785,36.58966237300886,0.7030684561187678
off,396.0,33.55266163671727,36.58230587705977,0.7850107597689143
off,397.0,33.56478925923108,36.573079930877824,0.9044829890956103
off,398.0,33.576955675533206,36.58251594766057,0.4300949252320071
off,399.0,33.56862574259133,36.5866837230172,0.7324824232487863
off,400.0,33.572908170747446,36.58665105873272,0.3935124205516329
off,401.0,33.58587734897455,36.56740879103528,0.46118874077591737
off,402.0,33.58501359855097,36.57089153586581,1.1647133759537072
off,403.0,33.546938266361416,36.57219506305875,0.16511644154290378
off,404.0,33.531637683464815,36.57933941967307,0.44109052203570764
off,405.0,33.51030108984313,36.58987092141217,0.836569017587239
off,406.0,33.50052238783205,36.593807332402996,0.38566215372524926
off,407.0,33.492782501965216,36.596903516752356,0.506849492074453
off,408.0,33.51171146862132,36.59314904168197,0.9537836149036303
off,409.0,33.51966788255672,36.5802991930704,0.7655025561015614
off,410.0,33.530824935360464,36.573283213387626,0.46431371923083653
off,411.0,33.52204716758745,36.56428090873176,0.806540859627806
off,412.0,33.521288358956156,36.56690498641221,0.8447201554032036
off,413.0,33.5092894665891,36.58181780212448,1.3485961853359711
off,414.0,33.50971501256304,36.577069721487284,1.292323250826864
off,415.0,33.500396149471136,36.58133427506911,1.0869715024152542
off,416.0,33.491957701663154,36.57868530450365,0.945866740851632
off,417.0,33.48429984143007,36.57077017429235,1.4542537311989392
off,418.0,33.481668864572974,36.56481424466908,1.25852781335071
off,419.0,33.47233680251466,36.56621823894279,1.1412324969287173
off,420.0,33.47555764406746,36.564197687059966,1.192396540055932
off,421.0,33.48190792499217,36.550043219951,1.571790887155599
off,422.0,33.49885298316248,36.53402071103388,0.8618698169743353
off,423.0,33.51819409426603,36.52658853497607,1.0866950492709961
off,424.0,33.527172939391356,36.51357254342116,1.6512167297965457
off,425.0,33.53324669922926,36.51363178005988,1.0354374248972877
off,426.0,33.52729058356287,36.51561541112583,0.9821233492329833
off,427.0,33.5296822726326,36.50952374855045,0.9861532576023346
off,428.0,33.53945226478022,36.51432599972651,1.2560603618852904
off,429.0,33.53453970956489,36.52698433270188,0.6847291733142813
off,430.0,33.53321177261819,36.534743652125535,1.8466691170298248
off,431.0,33.53694610954439,36.539369562579985,0.9828393824073088
off,432.0,33.52197773012029,36.5441169475852,0.9450180079464445
off,433.0,33.51567118905141,36.54068029588234,0.9610313099276945
off,434.0,33.52909485662617,36.529885955166584,0.8769217616141756
off,435.0,33.54456984853436,36.524391699828705,0.8826923651526986
off,436.0,33.56913127732048,36.52209327402268,0.4622215018675488
off,437.0,33.56811766971042,36.53510598995103,1.2896724318464914
off,438.0,33.567971150843604,36.537850483532665,1.070485798584779
off,439.0,33.579370059930106,36.53956675927483,0.6750853068772444
off,440.0,33.58053392332426,36.54838992404554,0.9040276471068733
off,441.0,33.584173291172426,36.55103854450205,1.3020382118129534
off,442.0,33.59120933908381,36.543579556021335,1.0981758790492417
off,443.0,33.601439379532145,36.55288897485524,1.0886725908465589
off,444.0,33.61439258002097,36.561288753265366,0.5308642557276004
off,445.0,33.637569052100616,36.57641909030848,0.9105270084101279
off,446.0,33.61634454509756,36.588905916442094,1.008121721108254
off,447.0,33.5994190368667,36.588120038268876,1.5445753509051536
off,448.0,33.59719693339941,36.595293289668966,2.211543306772718
off,449.0,33.60512671620775,36.58663288420381,1.4574879686911566
off,450.0,33.61730568103665,36.582361292691246,0.9213777784619568
off,451.0,33.619577660369075,36.59072936281356,0.8698503939850651
off,452.0,33.63128207897825,36.60204100153692,1.2037419513680891
off,453.0,33.64633053250354,36.59475173255759,0.7719713470338625
off,454.0,33.65189664374376,36.58906283745353,1.216148841324518
off,455.0,33.68828374104412,36.56379168934294,0.9802894475526722
off,456.0,33.696292700649494,36.548851004448295,0.8103353254366206
off,457.0,33.696868911618495,36.539940062944794,1.1259907657420605
off,458.0,33.68808964900747,36.52945595322269,1.1139367492237713
off,459.0,33.666859580499015,36.53530433938897,1.0404467900023007
off,460.0,33.65864580295382,36.54450436416826,0.9267991993041627
off,461.0,33.63786160473959,36.545630782808765,1.1538529751372697
off,462.0,33.6305559885655,36.56260100892235,1.4566636355357154
off,463.0,33.635843929277364,36.56755198258784,1.1030678095945663
off,464.0,33.63609932230334,36.56152379784221,0.9429597477563527
off,465.0,33.63566198470165,36.557713218235996,1.3946997335162838
off,466.0,33.63031581487286,36.56797274144932,0.9456098356982248
off,467.0,33.603974869021066,36.575128161764034,1.335560359115525
off,468.0,33.59202976861841,36.577406670936405,1.2140922104052763
off,469.0,33.5857015711669,36.57389378193652,1.1585211301544585
off,470.0,33.58396299606236,36.56307905336555,1.3210875356193124
off,471.0,33.59624829507455,36.55722844236063,0.5934903483399891
off,472.0,33.61695636001948,36.56092999208859,0.8140739736811783
off,473.0,33.621328241773234,36.5596039861509,0.28427044207222496
off,474.0,33.61890461766798,36.56072503793178,1.1280851868481154
off,475.0,33.62119521945456,36.55214438390929,1.4307187414379072
off,476.0,33.63096494287556,36.5407040883521,1.5314852909625842
off,477.0,33.63064868097643,36.5420134808745,1.5570725355866082
off,478.0,33.632050020635326,36.536781892040615,1.7633981519404753
off,479.0,33.63402781563596,36.54185137042042,1.2751883996421383
off,480.0,33.627901686006226,36.549480252975016,1.015219663577617
off,481.0,33.613610514650254,36.55927072317468,1.160538113251468
off,482.0,33.61922350548063,36.56554688716485,1.1694870141017706
off,483.0,33.62924709795998,36.55647976216209,1.2713538787108503
off,484.0,33.63440719204653,36.55704621514153,0.8323131611267419
off,485.0,33.6397345357203,36.55387635814579,1.746084343771816
off,486.0,33.646519232765726,36.53941544005218,1.2655944456474821
off,487.0,33.6257910236502,36.53689802285251,1.4983222655247292
off,488.0,33.616265813168674,36.533790153173605,1.1567016400255834
off,489.0,33.609153384145756,36.52738355688615,1.5890576931589258
off,490.0,33.602222379123184,36.533812105218566,0.8936334384429565
off,491.0,33.614367647623496,36.53118670416885,0.9406354228452938
off,492.0,33.62143029496728,36.53114680965195,1.176686489332916
off,493.0,33.64088729259341,36.539883507240354,1.161139688064151
off,494.0,33.643998532319394,36.55161009748178,0.857159598492526
off,495.0,33.63637816667282,36.5435373908302,1.4589558948533814
off,496.0,33.642305687362594,36.53165673466333,1.0095877419188104
off,497.0,33.66512580415872,36.520631254021374,1.0336513031871142
off,498.0,33.671506909553166,36.51409350731715,0.683166570013818
off,499.0,33.66877250205471,36.527213307239904,0.9014407286843568
off,500.0,33.664238480964904,36.543066962337214,1.259826652062172
off,501.0,33.64979733098241,36.554454318991716,0.9139504739329944
off,502.0,33.63849889818387,36.55237116115769,1.38270517877762
off,503.0,33.63871451392676,36.564280970559544,1.1213430197552186
off,504.0,33.64338473649337,36.58114669115077,0.7464782633126008
off,505.0,33.640137402439336,36.59226424627494,1.0858401170739738
off,506.0,33.63275331546006,36.58427011914082,1.3671591454566245
off,507.0,33.62912898784513,36.5602062182735,1.5840682119105827
off,508.0,33.630749320535465,36.5454220532969,1.4566731451843862
off,509.0,33.62590033592663,36.539709306087545,0.6271253518216255
off,510.0,33.639006306564944,36.5379069588621,0.5197014529471665
off,511.0,33.624626282477486,36.53137899599216,1.395406979243581
off,512.0,33.61472478611499,36.52964722731923,1.2850805792616953
off,513.0,33.61020697470587,36.533301021220026,0.8379936771180314
off,514.0,33.61204839812346,36.52453769115592,1.165850176147405
off,515.0,33.62446435265929,36.52050358506963,1.2386933434049923
off,516.0,33.62648143450822,36.523478820162936,0.8286068289586347
off,517.0,33.620473876870655,36.52657202094702,0.7771161152598429
off,518.0,33.60196231576365,36.53515407434318,1.470886821891498
off,519.0,33.59115903438122,36.54105169019383,0.6364733777545488
off,520.0,33.58768193557955,36.543015607492485,0.937551098500264
off,521.0,33.60123504367718,36.54228326064005,0.45744455713671234
off,522.0,33.59203702861245,36.53152780977259,1.142597158473969
off,523.0,33.61025088423083,36.515451068380806,1.0225573130623542
off,524.0,33.60620022168094,36.5119218041116,1.0342797643390764
off,525.0,33.5913153095515,36.51547220489664,0.8934260886567037
off,526.0,33.58125176310779,36.532869977715606,0.5988863969090777
off,527.0,33.56005176151163,36.53322354296115,0.9701901584125411
off,528.0,33.556688417175216,36.529300253581376,0.8642376997333487
off,529.0,33.54352736562323,36.52344240583365,1.4157730999502909
off,530.0,33.53729807950495,36.51536317693648,1.2919876667288546
off,531.0,33.527164135908365,36.51437432971648,1.1485344177376842
off,532.0,33.51774386595563,36.51998186953106,1.4997258187696587
off,533.0,33.507763980083226,36.53235106156765,1.2738820537052278
off,534.0,33.506550310749205,36.531840366578436,1.1381262299032906
off,535.0,33.49619866274178,36.532881800916414,1.5182260101013174
off,536.0,33.4866929107137,36.531227722504795,1.2249469581615813
off,537.0,33.49104049078502,36.527249592061004,0.8093229798661693
off,538.0,33.48092399763043,36.537951822879045,1.673192213052021
off,539.0,33.48207958872809,36.535100992372264,0.762560757792345
off,540.0,33.49129136665873,36.53242096798583,0.3014403592010344
off,541.0,33.4851374897282,36.539679735173316,0.39230606406701785
off,542.0,33.48330222201322,36.55084387448748,1.0423362854171934
off,543.0,33.47267176547857,36.552501213749245,1.2611399484148822
off,544.0,33.46981706787982,36.544446765984986,1.1259281668352727
off,545.0,33.475563809462976,36.535918256295695,0.5758275471735236
off,546.0,33.46317528266462,36.541334826382496,1.174263333696665
off,547.0,33.472003584783536,36.54729942520397,1.0828656790636235
off,548.0,33.481999220430566,36.545689558025344,0.8527051954974327
off,549.0,33.48538415475003,36.53900589405395,0.7371027513685684
off,550.0,33.505214698316784,36.53044821077839,0.9085133430094146
off,551.0,33.52727860652514,36.537678327077,0.8758036405597082
off,552.0,33.55259505427635,36.52647099041875,1.071284257986788
off,553.0,33.54173513374673,36.516131559594044,1.0378563066956126
off,554.0,33.53683572085643,36.53056777586294,1.002696283071327
off,555.0,33.520092957664644,36.541736389830476,0.8210477421703903
off,556.0,33.498271319504745,36.55585536401476,1.633504506242375
off,557.0,33.50288885365197,36.55420851910182,0.9105314389833332
off,558.0,33.51002659433252,36.553919308976546,1.2761217250612211
off,559.0,33.53372091178938,36.558355249390225,0.6266421732835448
off,560.0,33.53527157452116,36.56338597425118,0.745741944714221
off,561.0,33.53943378087221,36.57761709430287,0.5305215690006886
off,562.0,33.55085829294155,36.574077905267295,0.9398765872621633
off,563.0,33.538946963496876,36.56357996216612,1.2235642773846231
off,564.0,33.545498399054814,36.552794328654905,0.7249004656943427
off,565.0,33.5452352639057,36.55604997025272,0.12159381135255948
off,566.0,33.533521435495466,36.56275626621642,0.8017655940618489
off,567.0,33.52027090673501,36.560678064108636,0.48747371566309156
off,568.0,33.5268402876821,36.57448270583597,1.1725921213327763
off,569.0,33.52058762584007,36.58302795131339,0.5174581078240809
off,570.0,33.525610606107485,36.58963959090143,0.5338748036466421
off,571.0,33.52093108465634,36.60141802734151,0.9381349654719741
off,572.0,33.50895963643328,36.59546972256709,0.3474096567616326
off,573.0,33.49135530631355,36.59577019567141,1.052084308598502
off,574.0,33.483567416088,36.58729389768292,0.8233520938265491
off,575.0,33.49673821650936,36.58106498148859,1.2216872062293067
off,576.0,33.50289260056727,36.573516560033305,0.5143322464649678
off,577.0,33.50077815190691,36.57743651983774,0.573819892508884
off,578.0,33.496269261320855,36.575081745866136,0.7087529515086155
off,579.0,33.49116613292521,36.57203255237511,1.009905769331699
off,580.0,33.48620648950493,36.57313101928249,1.1356116717295066
off,581.0,33.4900614230207,36.573554030652716,0.9246053131937437
off,582.0,33.50648916836503,36.57164181188354,1.3616839173014663
off,583.0,33.51367624182067,36.57084753412542,0.9473691939397699
off,584.0,33.525929213978195,36.56357936349456,1.1699480142796679
off,585.0,33.55845077291759,36.556033612339554,1.0034150650263636
off,586.0,33.56820423141822,36.55042483729341,0.6406825585974447
off,587.0,33.57971669815948,36.55454695588034,0.5109744233102596
off,588.0,33.57464382934904,36.55963829220584,0.6928774003859604
off,589.0,33.57321118275348,36.576991602568924,0.7181310258862177
off,590.0,33.572051401598905,36.58052070218463,1.1152611767488871
off,591.0,33.584543135446964,36.58030178125061,0.6798778833258574
off,592.0,33.57228108459639,36.586745801976235,1.340812667394226
off,593.0,33.56444414032524,36.59163374717219,1.0632856337608272
off,594.0,33.56602046012365,36.58405001841345,1.3835165381593693
off,595.0,33.57674895041665,36.567528736419256,0.98095424532604
off,596.0,33.58197107408753,36.56541761083126,0.9223061682535709
off,597.0,33.57546043841553,36.561553313353514,0.4650352861449409
off,598.0,33.547563188158904,36.57741744659576,0.9197164626985919
off,599.0,33.55456373825657,36.5860165542427,0.8811653381312521
off,600.0,33.552763059602626,36.59155489184685,0.6488394666867484
off,601.0,33.555627716031985,36.58259822158751,0.7468368632662963
off,602.0,33.54998254758851,36.58394058738582,1.0902465732435966
off,603.0,33.5536426997232,36.579731890548004,1.471471399591736
off,604.0,33.57337691383563,36.58263563371233,0.839139847631879
off,605.0,33.60105619968414,36.58021953690316,1.2382718698426838
off,606.0,33.61147844900704,36.58390208655404,0.5398266066943549
off,607.0,33.63183827790432,36.57534237548647,1.2736211486027889
off,608.0,33.6442909945036,36.5744467647843,1.0573103823296264
off,609.0,33.64842315376747,36.578952056787976,1.4726136598168063
off,610.0,33.645705785751204,36.567566288086425,0.8083626979016441
off,611.0,33.66497848291989,36.56757667593134,1.0579577614767082
off,612.0,33.64959839021221,36.57288648628131,0.9210614588563578
off,613.0,33.64455061292602,36.57371349054269,1.0427382821876807
off,614.0,33.6352064083069,36.57493917511855,0.9942968013829954
off,615.0,33.64471391577787,36.5749582924737,1.5080824888493214
off,616.0,33.66968376077414,36.57759462727956,0.9996091591065959
off,617.0,33.64965003545745,36.57978188975846,1.3400416807543554
off,618.0,33.64657445133261,36.57068710716661,0.955828500032204
off,619.0,33.66195886186355,36.568415753929735,1.3677388851833365
off,620.0,33.658640039360584,36.57324153470395,0.9506649011279931
off,621.0,33.66148116280872,36.57735000103554,1.660626427016961
off,622.0,33.65999263347853,36.577373523225944,1.5968432881561532
off,623.0,33.65247770963568,36.57206334187776,1.3228279115267423
off,624.0,33.67712276757513,36.577605282827086,1.3953411950174344
off,625.0,33.676566240311146,36.582354096975976,1.162807707475911
off,626.0,33.68224718458791,36.579111209899665,0.9055797349237003
off,627.0,33.67426742131012,36.57275477272843,1.2742475035988863
off,628.0,33.68507719072237,36.56917772482751,1.5061776375792255
off,629.0,33.69624294869906,36.57240457938108,1.3135277624631327
off,630.0,33.701568186778964,36.572487146996245,1.3678428911231078
off,631.0,33.68974454102034,36.56954411825795,1.772937063864863
off,632.0,33.66342956157731,36.56983421980101,1.4576299225929046
off,633.0,33.65243786446353,36.570182076563675,1.5535736336888113
off,634.0,33.64556616812958,36.57182936881732,0.958575986561232
off,635.0,33.64440853158508,36.56750543808974,1.038421319073824
off,636.0,33.65593237173984,36.562264588221055,1.2587263743053294
off,637.0,33.668887680150604,36.55224619388224,1.29569225528289
off,638.0,33.67096586855746,36.55044275495181,1.35951652777679
off,639.0,33.6706834914057,36.55664283088561,1.0394435698777926
off,640.0,33.67794361314006,36.55805485491138,0.8145730869063803
off,641.0,33.67472716949022,36.57180453526291,1.1692863442667014
off,642.0,33.656913608683766,36.585191346308434,1.168864532498066
off,643.0,33.6522991170633,36.588692278016566,1.010850516625863
off,644.0,33.6590652780811,36.57796863888256,1.1529465581603318
off,645.0,33.66810981260629,36.57062133302221,1.3277887400620145
off,646.0,33.68234290355703,36.57366942412222,0.9667018366818414
off,647.0,33.673703127394184,36.56913257844101,1.7488351076062645
off,648.0,33.688112098123376,36.566961575122576,0.7713023842379927
off,649.0,33.69681356063868,36.56462514866909,1.4135466896032312
off,650.0,33.681626035725785,36.5675679458559,1.0444282831226404
off,651.0,33.6791111615244,36.57531492350027,1.1315470245654926
off,652.0,33.661332510155844,36.578657709072424,1.3554391237179484
off,653.0,33.65433787182066,36.57576806000693,1.1683714114062531
off,654.0,33.648617506158544,36.56816359251473,0.9344471965381734
off,655.0,33.63580895787998,36.5743526456695,1.2733666502755439
off,656.0,33.64608210753536,36.574509613894605,0.991799720773912
off,657.0,33.66609937781597,36.57122348093063,0.8130028004672171
off,658.0,33.685946897992075,36.560599964248475,1.088101231112712
off,659.0,33.706367496749245,36.56052639589537,1.2078272467929763
off,660.0,33.70977133220973,36.56231636280211,1.2599970977037835
off,661.0,33.71099109973244,36.55109578002406,1.2948737942909272
off,662.0,33.699808934899146,36.554635703459866,1.3994425412615308
off,663.0,33.676079939861815,36.56831780447863,1.0222937542696542
off,664.0,33.66851627819526,36.56952310878805,1.2117784976716566
off,665.0,33.65696432874613,36.55960433052925,1.462506773837202
off,666.0,33.674881644207204,36.54902029825774,1.0262745917838167
off,667.0,33.681412232688984,36.55525121522398,1.3045520931057735
off,668.0,33.68725025457522,36.55861548488403,1.0787894178441892
off,669.0,33.69824311404166,36.55739251232915,1.0903238487024511
off,670.0,33.698496922659245,36.55398775751179,1.4571036824458705
off,671.0,33.71696564758952,36.55215766675924,1.2697174358821761
off,672.0,33.730242613078694,36.55260747219761,1.132781185565534
off,673.0,33.73986210162903,36.5568598636446,0.9616017801888899
off,674.0,33.73596442057848,36.552295135380355,1.6020140695304956
off,675.0,33.72425244625465,36.55563568343215,0.5477749950103078
off,676.0,33.71884422709879,36.56449596529511,1.2813112941979496
off,677.0,33.690508288524235,36.56421894149804,1.3353533380851634
off,678.0,33.672252984437,36.56886839480182,1.2712386170671692
off,679.0,33.65989364960162,36.58113108061304,0.9849713850992823
off,680.0,33.65342561825477,36.57508198842847,0.8211375368197038
off,681.0,33.65525091219999,36.567175602324056,1.1463404400523713
off,682.0,33.665093171711135,36.563944363351204,1.0289952049337452
off,683.0,33.6737838779078,36.56100364002334,1.070724487348695
off,684.0,33.689471635904624,36.55868972245197,0.7955793348312592
off,685.0,33.67621330840059,36.55800719438485,0.7593960045239325
off,686.0,33.66262896634829,36.56499993695998,1.0225943478573871
off,687.0,33.66853624186966,36.56674599359093,0.9651229237411554
off,688.0,33.68093447117484,36.565534707586075,0.9192948561618008
off,689.0,33.68659367474011,36.56647559866636,0.9492278645350711
off,690.0,33.68576751371664,36.57364576570276,1.0751114810373006
off,691.0,33.69067038517217,36.58096344708955,1.1101458919511662
off,692.0,33.68150890582521,36.578071759571834,1.5188288729410355
off,693.0,33.683072421308424,36.58149132099458,1.6490576885306085
off,694.0,33.70017703389016,36.57202170124009,0.7639552131990928
off,695.0,33.703404465855506,36.569013367218325,0.5810194254517197
off,696.0,33.71011887994702,36.569390067379764,0.9789120718173427
off,697.0,33.715057347889655,36.57427750021826,1.136290816758018
off,698.0,33.73742366680958,36.572302579123104,0.9776685168242749
off,699.0,33.739489608963076,36.55986765100924,0.8937128646858037
off,700.0,33.72533798191997,36.552553251517196,1.0118245264615642
off,701.0,33.713315494806444,36.549807870164436,1.6843041129611038
off,702.0,33.70735869628994,36.555505783867346,1.1360502054048869
off,703.0,33.70006298284414,36.549832028461,1.6107592700500564
off,704.0,33.68727159376876,36.558439537130184,0.8334159910077221
off,705.0,33.680986645944124,36.56266927313812,1.409673658966242
off,706.0,33.66106509838756,36.57362435162537,1.3496359249340264
off,707.0,33.64580101096471,36.57375198399104,1.3222937727922508
off,708.0,33.64933522755114,36.571912803270635,1.4106819994804303
off,709.0,33.65538499117374,36.580812733670975,0.6615585985738301
off,710.0,33.655252786500476,36.58585407113783,0.8635538749855931
off,711.0,33.66620390143404,36.58031081400017,1.1713539126466843
off,712.0,33.66436361620181,36.579592798935174,0.9974620579431788
off,713.0,33.651551960748286,36.57543464592307,1.278304838972541
off,714.0,33.648369112570386,36.55754116487172,1.0079953010860985
off,715.0,33.641429534923255,36.55677365801419,0.7216686746749128
off,716.0,33.653889399768026,36.558641466104014,1.0713626054401084
off,717.0,33.65799089217762,36.56543291297785,1.675458287251414
off,718.0,33.65102685768792,36.57011953998447,1.1591559504540465
off,719.0,33.64659779731171,36.56776725538355,1.817993539538639
off,720.0,33.6447114807758,36.55984687657285,1.2467704648748346
off,721.0,33.627411690402816,36.56202018039313,1.3787518536858567
off,722.0,33.61879469462976,36.55043882573968,1.5712026172349203
off,723.0,33.609490667198536,36.54378191813582,1.089506044307061
off,724.0,33.59344623490836,36.544541445740066,1.1496037146486133
off,725.0,33.57872746983786,36.55083419669702,2.022788947924532
off,726.0,33.5635367358304,36.5440363630362,1.6285668094837082
off,727.0,33.56286896625479,36.52670899489897,2.140412018942405
off,728.0,33.58391589436085,36.51804915871912,1.23652571943986
off,729.0,33.59659910681225,36.51278255131142,0.9421908175124976
off,730.0,33.612120984989126,36.50385244290881,1.5344644805714043
off,731.0,33.62647312373881,36.50738269541325,1.5819352108718312
off,732.0,33.62851158069761,36.506004183754655,1.054392827610318
off,733.0,33.633263143922555,36.51335015074896,0.7081785861970459
off,734.0,33.62258873801573,36.506750435392114,0.7142473369317732
off,735.0,33.600873908261796,36.50264514070293,0.8251324438655353
off,736.0,33.583276247569785,36.50537406818191,0.9018230075677639
off,737.0,33.57751600146748,36.51845816560254,1.3611147153306375
off,738.0,33.58146199055267,36.527710159319255,1.193297290345193
off,739.0,33.57901732629698,36.52095235612818,1.0902750265625878
off,740.0,33.59273831998469,36.5174748184599,0.9337629751048535
off,741.0,33.60700598828404,36.516477935491224,0.8233972206482523
off,742.0,33.63131046900693,36.521631937066864,0.31726330907038464
off,743.0,33.6284329140741,36.51601691252094,0.8060148410970278
off,744.0,33.611537965976694,36.52211449716603,0.9230937408589311
off,745.0,33.60679110224628,36.53079524989837,0.7689680154345815
off,746.0,33.59390033385843,36.535547161345804,0.6568539340033511
off,747.0,33.599809049225684,36.541359808405616,0.8899726545872152
off,748.0,33.60026436905384,36.53806609374235,0.8379043711710427
off,749.0,33.6119763282742,36.53811445829969,0.8384467617917443
off,750.0,33.61463226512986,36.55102962795603,0.9947657278535562
off,751.0,33.609439086863865,36.551996954946006,0.9606410379778907
off,752.0,33.62103750033475,36.55014944553783,0.5170439168150153
off,753.0,33.629506140755105,36.54750201955941,0.5317336058443014
off,754.0,33.6329563325337,36.555945327695504,1.2331272368116157
off,755.0,33.61688360753818,36.56117991906536,0.9281452248624895
off,756.0,33.61729201914511,36.56065734704923,0.883164524545325
off,757.0,33.64144526372442,36.54606740376604,0.6184382457729278
off,758.0,33.62280236164453,36.5422254912422,0.9274595790169186
off,759.0,33.61039334393034,36.543688211150105,1.1500275488261362
off,760.0,33.593251637960314,36.544173790332664,1.4324794833248842
off,761.0,33.578367623170124,36.54832193372963,1.4591344370928683
off,762.0,33.57247617428674,36.551902527323094,0.5955480671382849
off,763.0,33.575702274389606,36.550473673970025,0.7791201411131692
off,764.0,33.59551850062504,36.5495205617446,0.13435707449097276
off,765.0,33.60599371761782,36.552079263116696,0.516791772211651
off,766.0,33.60899507474445,36.56445146200251,0.6742349188073485
off,767.0,33.62323167142684,36.5710902251862,0.8314193017886624
off,768.0,33.62591584822923,36.5579071816469,0.7407648609264217
off,769.0,33.62474202467423,36.552113461681174,1.0493154722321802
off,770.0,33.61906293339289,36.55854110404499,0.8632309511273184
off,771.0,33.60848987876929,36.56066164101121,1.154386416641636
off,772.0,33.61307510558328,36.55664506311374,0.9412425494716044
off,773.0,33.611790060536315,36.558115289216715,0.9810900594461454
off,774.0,33.616955718496925,36.56245947728573,1.243357063418229
off,775.0,33.617124226389734,36.55477729811766,0.9291021433535142
off,776.0,33.62878036192734,36.555075977344345,0.8565067165237971
off,777.0,33.62620206946265,36.55327453361731,1.5800711304233495
off,778.0,33.638118022072426,36.54133851575445,0.9913687444589859
off,779.0,33.639730073985376,36.535904872959094,1.0524403385338015
off,780.0,33.64012621162837,36.515803990340494,0.8608662294012887
off,781.0,33.640054061416855,36.51513142215817,1.123182140069171
off,782.0,33.64693655959533,36.52369327587567,0.6612989184771185
off,783.0,33.64560174011661,36.53930838542905,1.1030638488941182
off,784.0,33.63278542225618,36.54254939858071,0.7837817549486632
off,785.0,33.6330081687821,36.54135801775259,0.9589646513421242
off,786.0,33.63848942748026,36.55859129492003,0.5504275056614671
off,787.0,33.63314400108222,36.55356195096442,0.7902899962608212
off,788.0,33.64867715439662,36.546903039177764,1.4899862978964475
off,789.0,33.64194841114274,36.54516712407913,1.083506532729295
off,790.0,33.636965388990674,36.54732797300283,0.8137692373012643
off,791.0,33.63512030127431,36.543871052614875,1.2892930747381068
off,792.0,33.64199116834046,36.53328944550945,0.5471706954844879
off,793.0,33.648126119452485,36.538416536268706,1.2026438571255458
off,794.0,33.66715972239315,36.54230919598839,0.6380444924014383
off,795.0,33.659802877086825,36.535200614474995,0.6224969923660619
off,796.0,33.64780893278641,36.531237702818025,0.8445190295264784
off,797.0,33.6507348977929,36.537548422972854,0.6284957472574442
off,798.0,33.63345903284645,36.53685940903882,0.9249888708089203
off,799.0,33.61214448853183,36.52823667226347,1.2516989741165583
off,800.0,33.61288025045377,36.52959015364531,1.0033547720276623
off,801.0,33.61710321785932,36.532025643039375,1.2398499880800466
off,802.0,33.61821926429065,36.524114665664186,0.7032617784677478
off,803.0,33.60863919281885,36.5136823253911,1.163277685236689
off,804.0,33.59803412714982,36.51115369017703,0.5705760656514615
off,805.0,33.58825208328749,36.5109327768744,0.8476549657974458
off,806.0,33.57927712805971,36.523142132163734,1.031387633698333
off,807.0,33.578980340174134,36.527327933375446,0.4529547103951257
off,808.0,33.576409231132764,36.52894748240345,1.2952692328173956
off,809.0,33.54059724828748,36.53266000888721,1.747699357432356
off,810.0,33.53476478833108,36.52913818772399,1.1400030470672857
off,811.0,33.53889985319803,36.522527293031885,1.0996072835912112
off,812.0,33.53329602754155,36.51138344711003,0.6841157901522548
off,813.0,33.527105613517314,36.517102077479045,0.9030360205747319
off,814.0,33.523191057253634,36.51834264262805,1.282507087177359
off,815.0,33.51763346513406,36.52470332459514,0.5283914604034099
off,816.0,33.519963689097914,36.53119533981858,1.200633243973052
off,817.0,33.51818720169116,36.53720427113046,1.3998366781277847
off,818.0,33.523736513953494,36.542405146318686,0.7970231249823615
off,819.0,33.51974630738935,36.54328716024755,0.8497147458484551
off,820.0,33.52690355471123,36.53826106048873,0.8031315525866323
off,821.0,33.52795337599697,36.53558672610646,1.137106894207391
off,822.0,33.51222783301506,36.540045921296,0.868771663779877
off,823.0,33.51018322611273,36.543533038817344,1.3213505651405026
off,824.0,33.52519336156135,36.543756850450286,1.420626810972558
off,825.0,33.534945892534594,36.54237686439804,0.7118266355042003
off,826.0,33.53301810195914,36.53521089453784,0.7459676105913419
off,827.0,33.53742896596716,36.5436104698054,0.7057644022584589
off,828.0,33.51374123355514,36.559035023060815,1.1376685188566498
off,829.0,33.505551105006425,36.54750854362839,1.453560620879606
off,830.0,33.51430909131889,36.53769687418973,1.2070694034538674
off,831.0,33.52490462691119,36.53462394367935,0.8582695437225603
off,832.0,33.54087645984566,36.544767836653264,0.6006858381437497
off,833.0,33.55937858732734,36.537683227774714,1.4958591444205478
off,834.0,33.552435996642046,36.529680646646106,0.9871107966108205
off,835.0,33.551256391826236,36.53556184071525,0.7576650061217193
off,836.0,33.54614677334623,36.53307503455365,1.063770875789658
off,837.0,33.53796515718059,36.5283810905883,1.2897681024127325
off,838.0,33.5248722506935,36.533447023611366,1.184760538964175
off,839.0,33.51148836164365,36.536745428401574,0.9218034636647101
off,840.0,33.505290517342694,36.53889328596596,1.013449549762497
off,841.0,33.502736313074955,36.53681073867193,0.9151441374494
off,842.0,33.50013197000031,36.52882296778604,1.8542192623353566
off,843.0,33.51713098786779,36.50944438123369,0.9513617822526705
off,844.0,33.532628321382646,36.51013836258671,1.0196641777231628
off,845.0,33.52723771965198,36.51721088354751,0.8988135831689712
off,846.0,33.53426329496842,36.52707582608099,0.7936285025291125
off,847.0,33.539149355735276,36.52583376169167,1.8790425456779325
off,848.0,33.54040241662478,36.53111865087168,1.148992800248497
off,849.0,33.53377353306494,36.53319575023745,1.274539182872613
off,850.0,33.52834021519221,36.53825454383201,0.9142620612926851
off,851.0,33.53869736563651,36.534476802686974,0.9876101898600094
off,852.0,33.52638858396653,36.531792937687534,1.6229541692875669
off,853.0,33.509990307584495,36.5335959971706,1.2981396773770888
off,854.0,33.50981432976402,36.541671244713214,1.3163285153019022
off,855.0,33.50646434433208,36.538236978760374,0.426473012043542
off,856.0,33.50302789598692,36.528295943704336,1.3221022148010486
off,857.0,33.499669504389146,36.51567427870205,0.5447484930099366
off,858.0,33.50395838890992,36.502498124704,0.827047746842255
off,859.0,33.51064545312914,36.50585003594723,0.6941683173149144
off,860.0,33.52929706412809,36.511218342384446,0.5304257236962954
off,861.0,33.56247013833723,36.50929707480366,1.1789894156658653
off,862.0,33.56146983730666,36.51464033655161,1.9300221657968697
off,863.0,33.56932953356957,36.51589641620518,1.0573502777787729
off,864.0,33.58369614288225,36.51517335082213,0.8990987711736973
off,865.0,33.57352061821788,36.518181460414084,0.7696311837844765
off,866.0,33.567000628091314,36.52525472230256,0.6310175344303908
off,867.0,33.56248172142061,36.529466130738015,1.0216626513409177
off,868.0,33.555142966100775,36.53271286331668,1.3477210498547056
off,869.0,33.55472887884034,36.53554480452843,2.337618599007864
off,870.0,33.57169033605547,36.54178046920755,1.5689237028217342
off,871.0,33.5881116780766,36.53568919183324,1.5385052671362462
off,872.0,33.59559224204504,36.53462262576572,0.7642113601518685
off,873.0,33.60910504367384,36.545115741075506,1.0147838126133046
off,874.0,33.61783327003253,36.53433336635588,1.0613498196454532
off,875.0,33.61572635813235,36.54395363626898,1.0547530726265886
off,876.0,33.598536193396555,36.54768941987146,0.9599513955618217
off,877.0,33.600308866108,36.53788798294837,0.71121657978861
off,878.0,33.59073855219278,36.54160132884047,1.3933662703630754
off,879.0,33.57694189125032,36.53465883615242,1.3250880425634204
off,880.0,33.57853174732126,36.52872195842402,0.9105111110990407
off,881.0,33.58797649629809,36.538330887710664,0.9795643666578999
off,882.0,33.58709407639962,36.54045539411022,1.2631502067905749
off,883.0,33.5903210029301,36.546188143069664,1.1643841063369915
off,884.0,33.5867864429546,36.5513266652142,0.9230227384939742
off,885.0,33.59466060760225,36.54892980195515,1.4263655089468843
off,886.0,33.61194036765103,36.544211905546696,0.993713702140335
off,887.0,33.62668741344821,36.51986334409487,1.0063315461812676
off,888.0,33.62966189461511,36.50127983844387,0.8060106978991369
off,889.0,33.63282200712583,36.505672848591765,1.3246288711713798
off,890.0,33.644600266138376,36.52172896430122,1.1769484439079407
off,891.0,33.64404397044193,36.52384855892425,1.2969314898362727
off,892.0,33.65142591598884,36.523908799044456,1.1950923338807986
off,893.0,33.66856883327336,36.530618772486164,1.3946276682497873
off,894.0,33.687768452653515,36.52530412979582,1.370353684265137
off,895.0,33.69877197776141,36.52761102045214,0.761336911475712
off,896.0,33.70898508601635,36.51821266980785,0.9965774536639378
off,897.0,33.70950709221704,36.528182372963094,1.050754247483352
off,898.0,33.715955979352266,36.53164169064218,1.4916592923409162
off,899.0,33.706356245969225,36.54316419721873,1.802083178849145
off,900.0,33.7046274550884,36.55728685549503,1.009670095633525
off,901.0,33.70204303733875,36.54906216276985,1.3221732097271137
off,902.0,33.70218598881151,36.56055691693593,1.0494418806646482
off,903.0,33.68471330247642,36.55563844610655,1.6228560968967591
off,904.0,33.664032597434606,36.561034024920694,1.1849610942751956
off,905.0,33.651941855480786,36.566173949241715,0.858428656012558
off,906.0,33.6470875896921,36.56478124915334,0.43495398253607026
off,907.0,33.64990188719764,36.55819560587123,1.269032552526809
off,908.0,33.660208909860366,36.55997506581677,0.7676449794309155
off,909.0,33.65650034742624,36.555050760324946,1.1173255497884738
off,910.0,33.644132826432624,36.55481948719653,1.0909772098155968
off,911.0,33.64708762301815,36.54067640374443,1.4390022030094825
off,912.0,33.643312020229956,36.53059797911699,0.5934164037890559
off,913.0,33.63164816683626,36.532037086156194,0.5130885810072725
off,914.0,33.62056810348728,36.53454842432465,0.6239900843863935
off,915.0,33.6100994605699,36.53779456315925,1.1223869050137025
off,916.0,33.60675304515027,36.54058612480816,1.277763357624903
off,917.0,33.61077862326216,36.53346300723193,1.4581340707129602
off,918.0,33.6224361188222,36.53869125894449,0.9363554980809234
off,919.0,33.63218287968978,36.5330341287195,0.5198838759915874
off,920.0,33.63439876231702,36.53314953851454,0.8240508109693618
off,921.0,33.62717744575139,36.54927872611678,0.9283718070218279
off,922.0,33.625866804043035,36.54996120925714,1.6038564809157005
off,923.0,33.607836683853826,36.53751794280312,1.5289504726889516
off,924.0,33.587758110295866,36.529307465325154,1.4821173474110243
off,925.0,33.5870540795368,36.5293141593595,1.396413073586008
off,926.0,33.58077757505266,36.52741890547919,1.5312428620915939
off,927.0,33.56127187217253,36.54082293697977,1.4260182769740455
off,928.0,33.548506652566964,36.54708608106505,0.5395217925985849
off,929.0,33.53665546843713,36.5472769403524,1.259545920134594
off,930.0,33.52829388294064,36.552460855609034,1.241858021072347
off,931.0,33.512737544958966,36.55088231474988,1.4087022150375672
off,932.0,33.521301527950385,36.5501177954846,0.4446207109066749
off,933.0,33.529502944748046,36.53532844435507,0.8586619869477428
off,934.0,33.508835297691675,36.520889178154846,1.3466595245203943
off,935.0,33.50311822274112,36.50526683194269,1.5134150702876834
off,936.0,33.49238392616561,36.506285917339454,1.0249540219279627
off,937.0,33.48035730375518,36.52288133485216,1.302689900301524
off,938.0,33.481124893327134,36.524567097152826,1.5439079733893646
off,939.0,33.48881601089946,36.521588280699675,1.2375572399797004
off,940.0,33.50343875301055,36.52635703792764,0.7619325963710438
off,941.0,33.49529927232671,36.52949496263435,1.404749825652868
off,942.0,33.49131442168937,36.525918646869,1.1543652976993022
off,943.0,33.50596774419414,36.51640785649198,0.789117327362107
off,944.0,33.51015134497049,36.51389038221028,1.3591771691139187
off,945.0,33.510774806201354,36.522594623868216,1.4987988405542887
off,946.0,33.51714439999177,36.51257232569938,1.4380616962311463
off,947.0,33.50894396116837,36.50368537672003,1.7804625754598782
off,948.0,33.50705285964644,36.50732956596508,1.0333710543903762
off,949.0,33.50132408874414,36.50482042354124,1.1318402186323309
off,950.0,33.49973758252952,36.49430845172273,1.4095484616251397
off,951.0,33.48596870729292,36.50020783437113,1.288284157320828
off,952.0,33.47775154815904,36.508862211848566,1.4025940693745973
off,953.0,33.47763188625122,36.514219424853195,1.0714354775317898
off,954.0,33.48152707745494,36.51506183581754,0.7318761691025921
off,955.0,33.47855947590325,36.51694087200635,0.8873043872735525
off,956.0,33.4856541199986,36.513279014943045,1.0160178116735534
off,957.0,33.49634187337833,36.504035358385586,0.710557884715816
off,958.0,33.510817134126526,36.50186961573202,0.6208960474032486
off,959.0,33.52054059794049,36.50113088871314,0.07186099388308889
off,960.0,33.529530286859774,36.51122993143996,0.758918963081565
off,961.0,33.53304560952702,36.518322447313395,1.0795106814736954
off,962.0,33.533167247955255,36.515724162643984,1.1613019328976475
off,963.0,33.54989249479437,36.50458624553198,1.0588636409343772
off,964.0,33.56043271913074,36.49450092467813,1.4743269218094297
off,965.0,33.56871221947588,36.508497364526164,0.6535939806073527
off,966.0,33.569956782170834,36.51713814943968,1.3153607624902248
off,967.0,33.576916439003945,36.515122679522136,0.6498390460661502
off,968.0,33.57086688817205,36.51377740126586,1.2640800164933665
off,969.0,33.59231061775972,36.50478096082351,1.2182628181544568
off,970.0,33.60068885395104,36.48411992643439,1.2145596556634395
off,971.0,33.604030359730075,36.49719415446697,0.6866309348698036
off,972.0,33.603785037406574,36.50564495270304,0.8760568905946753
off,973.0,33.5951287174104,36.51155506723525,0.6193674354109149
off,974.0,33.59780488821317,36.51259669305804,0.5144121979816201
off,975.0,33.594523475558994,36.5166840143159,1.0856989624195434
off,976.0,33.57776043462022,36.53500854230613,1.0135426440385478
off,977.0,33.578523875041505,36.54043953907583,1.370784712327798
off,978.0,33.575679350248706,36.543589180567935,1.1471783516083116
off,979.0,33.57120202154845,36.53539573482826,0.8613461335465257
off,980.0,33.568012212492384,36.53117847280152,0.8092570783883292
off,981.0,33.572406978117336,36.53784418777907,0.8212372475862324
off,982.0,33.57962045892161,36.52410997933426,1.303929750953916
off,983.0,33.58635757605359,36.51126795711566,0.9458336987548195
off,984.0,33.59796404699804,36.51518690607623,1.3213699502889134
off,985.0,33.59648166349755,36.504187477376504,1.0211068914813741
off,986.0,33.577774460358015,36.50295054825827,1.077763563249507
off,987.0,33.5824158426117,36.516343967825414,1.0817831426018616
off,988.0,33.563925513841454,36.52666789256654,1.285414484298767
off,989.0,33.55256679678615,36.534269160808456,1.2970595243388359
off,990.0,33.53859239755017,36.52877643529846,1.293332586307206
off,991.0,33.548925880655695,36.537419195453154,1.12753900159516
off,992.0,33.55216792171734,36.53542842185163,0.8095812270616015
off,993.0,33.565948790088896,36.52332761909117,0.3775560751491056
off,994.0,33.56854151501496,36.5197571765386,1.0247738249140605
off,995.0,33.5782003618651,36.51836359754722,1.1409388891308136
off,996.0,33.579993643047,36.512737498304645,0.9501780475310108
off,997.0,33.567823423695565,36.52854374775555,1.3357549338143193
off,998.0,33.57307842236222,36.53987444331922,1.0149754192161797
off,999.0,33.57479807877431,36.543638460962036,1.5907456527992512
off,1000.0,33.58229690492616,36.53836751557686,1.0214150621555946
off,1001.0,33.578011041424595,36.54109596935329,0.8287579293601766
off,1002.0,33.58029742018843,36.53596203867057,1.682576707380448
off,1003.0,33.58729371493714,36.52779679353373,1.2457228856976075
off,1004.0,33.5959582754021,36.531089731756744,1.2418987378916626
off,1005.0,33.5933694187998,36.543475326544005,1.0330333648006622
off,1006.0,33.58947119711759,36.53999040891991,1.0752575269536007
off,1007.0,33.59978905455072,36.53650690325145,1.3323053542978074
off,1008.0,33.59803285491248,36.54713577134146,1.6937531432785993
off,1009.0,33.59417842969264,36.54869468464178,1.5990668009377946
off,1010.0,33.6098936208288,36.54244891873789,1.9541055341196307
off,1011.0,33.60666369124856,36.53411936222085,1.558394796817069
off,1012.0,33.59517544878593,36.527590069075536,1.5282575603866586
off,1013.0,33.61569554948812,36.53642948453131,1.6564814668911139
off,1014.0,33.630873913246276,36.54339049035381,1.4766304595146098
off,1015.0,33.60187837095758,36.554673199505416,1.2984307084196733
off,1016.0,33.58865062727332,36.56397161442797,0.7919351448388863
off,1017.0,33.566887296807785,36.554457663599976,2.0411475247821254
off,1018.0,33.55589976881799,36.554413505453745,1.3395209493320372
off,1019.0,33.55228541912434,36.558159388016605,1.648118272975843
off,1020.0,33.54086053660615,36.55697433181108,1.6943067562384675
off,1021.0,33.54641624114791,36.57250078698051,0.8494589366264322
off,1022.0,33.55583466423159,36.56849749787321,0.7958882408099224
off,1023.0,33.56498793153903,36.55503600091259,0.577044514881907
off,1024.0,33.56940293355191,36.54849587262689,0.8879312558738625
off,1025.0,33.56847921692004,36.553703665540574,0.8561087739289117
off,1026.0,33.588988778686,36.56202513179848,1.5025555290175323
off,1027.0,33.57725706112337,36.562882175390044,0.6888783573673305
off,1028.0,33.59539109322772,36.57653027021562,1.1538524291719883
off,1029.0,33.596234349621035,36.581815446507804,0.6814851786455463
off,1030.0,33.58302483136797,36.58537117840366,1.2273743332225577
off,1031.0,33.577767138504136,36.58195766484865,1.2907946402872303
off,1032.0,33.57492747172862,36.56898172891197,1.0029029977267825
off,1033.0,33.573455137586016,36.569071973922256,1.637677554895689
off,1034.0,33.57536173895162,36.560219919244524,0.9800282978179579
off,1035.0,33.59401580054953,36.55216549614567,1.378443603427821
off,1036.0,33.58458932014324,36.54737411162838,0.727402805708603
off,1037.0,33.58357306873718,36.55846629291237,0.8219703231707784
off,1038.0,33.5893316410404,36.56118985492161,0.6088774113272578
off,1039.0,33.59030973995145,36.56299427195607,0.7995674273752098
off,1040.0,33.57478942357819,36.564214750784046,0.8351863596528182
off,1041.0,33.57182866187338,36.564689984903104,0.6276279751086629
off,1042.0,33.56569113364048,36.55342117123543,0.3292700618503094
off,1043.0,33.57167425107832,36.55351286565806,0.8696186335530454
off,1044.0,33.58548593796897,36.56414233744595,1.0605297864073877
off,1045.0,33.571200814327284,36.562278314860734,1.3418039053903454
off,1046.0,33.5740809505108,36.562563047220145,1.4148867642829492
off,1047.0,33.569815026072135,36.546785182915606,1.775770635437218
off,1048.0,33.55211940521171,36.540846777250046,0.9963997952608963
off,1049.0,33.54907772930952,36.54716576500673,1.166986195123328
off,1050.0,33.546700463044154,36.54446220445398,1.4987529929152075
off,1051.0,33.54030448456996,36.53711584365806,1.399433443624155
off,1052.0,33.54659633394923,36.53100211867221,0.7898231280067705
off,1053.0,33.54323796647636,36.52695627635396,1.0880526464316496
off,1054.0,33.52966375907276,36.51328487199655,1.647949056621473
off,1055.0,33.51423066035454,36.51692276609835,1.3888274815626036
off,1056.0,33.52846685013267,36.51817765506506,0.6304348554907355
off,1057.0,33.56518636363703,36.50650342593712,0.8279289723202689
off,1058.0,33.60183513094932,36.50101113589106,0.5194943686936224
off,1059.0,33.60538972372187,36.502300213252255,1.354114938621481
off,1060.0,33.594832766024545,36.496505783467875,0.959972254735981
off,1061.0,33.58413956067612,36.49178309354919,1.3785967964220074
off,1062.0,33.572802008740815,36.49038309602708,1.4342466849103683
off,1063.0,33.57139666887074,36.502623434024564,0.8468467609321324
off,1064.0,33.57023971162545,36.516642970897855,0.7514037738078889
off,1065.0,33.5603949729709,36.528014348881484,0.9068958717608571
off,1066.0,33.55594712094783,36.53304747128467,0.5679556054991437
off,1067.0,33.56085485518819,36.537024847807956,1.5482690682127376
off,1068.0,33.56185116025996,36.53321342906647,1.006181861567887
off,1069.0,33.56176354247451,36.53424665929973,1.5558666687566516
off,1070.0,33.56231060831091,36.52899333452067,1.3854334980649066
off,1071.0,33.559325526341254,36.53736495759214,1.4360624822764132
off,1072.0,33.55368625492813,36.547108537267384,1.3827012895662616
off,1073.0,33.55538936704737,36.53872234802507,1.1673899320318433
off,1074.0,33.55036581700229,36.53013950080949,1.944369031519741
off,1075.0,33.54302918448893,36.51769600981746,1.1024904322455686
off,1076.0,33.53554083238102,36.518355649378606,1.9969631588327903
off,1077.0,33.537467294068264,36.51749637737941,0.7895257122857425
off,1078.0,33.53679652753205,36.51388648226201,1.6157013668237332
off,1079.0,33.525248839258836,36.50576277492454,0.8497928344813708
off,1080.0,33.52378903103439,36.5110559900515,0.7779827917275768
off,1081.0,33.528807093781055,36.51150374617966,1.2290903691922375
off,1082.0,33.53543505421396,36.512893891748185,0.9759525210557805
off,1083.0,33.54736625677192,36.51531891121253,0.7226007494443677
off,1084.0,33.54888766237404,36.51070661606518,1.1633278059337773
off,1085.0,33.551732203368,36.51085586005928,0.7497045950538842
off,1086.0,33.55054741945048,36.520563068868924,1.6033048535858714
off,1087.0,33.54676591252373,36.519110397271746,1.0054967662601897
off,1088.0,33.55978353759335,36.51477259553545,1.0626637142588953
off,1089.0,33.565765020477095,36.515925545167335,1.3259025761350207
off,1090.0,33.571296425284544,36.521078445026454,1.4685578319854935
off,1091.0,33.58226241698792,36.521281774572046,1.2420141373285918
off,1092.0,33.572156445712885,36.52613694873725,1.2416493367123247
off,1093.0,33.560706422005694,36.525370902978686,1.5871139124932134
off,1094.0,33.5528262282659,36.52022836908578,1.2559003409242413
off,1095.0,33.543253844731595,36.52465399708568,0.9394083575901931
off,1096.0,33.5333895459173,36.5290389963084,0.9848778516534477
off,1097.0,33.5435382013697,36.53692110391015,0.7586069011737115
off,1098.0,33.57174405620933,36.53728622407946,1.3204631307016268
off,1099.0,33.58686512118858,36.51850976019769,1.0668297633806658
off,1100.0,33.582531858088075,36.51299622372578,1.024300572408035
off,1101.0,33.595960986222686,36.52575099142032,0.5112849556592493
off,1102.0,33.57651121413668,36.52380354408171,1.0052472326443607
off,1103.0,33.5595224492281,36.52175446575713,1.414278018402972
off,1104.0,33.5645705434004,36.51315984730978,1.671161725296916
off,1105.0,33.56984643702751,36.51566643097092,1.327345492771608
off,1106.0,33.57238116412938,36.52731350767957,0.8549867061163761
off,1107.0,33.58900219380974,36.531364099667435,1.620543739228955
off,1108.0,33.588619082853086,36.534090637616195,1.5292854174605472
off,1109.0,33.59779297677861,36.53051536951538,1.7041979626839097
off,1110.0,33.58702618045252,36.53213529288414,0.9420696176885162
off,1111.0,33.56948193195282,36.53019931606833,1.6219152569525603
off,1112.0,33.569353054959656,36.550508407679814,1.297604442146753
off,1113.0,33.58667062627993,36.554197937372265,0.6694570431668005
off,1114.0,33.58644031138544,36.545776769468745,1.2349614769890735
off,1115.0,33.57773746478964,36.54846385173101,1.446002207687368
off,1116.0,33.59222636454285,36.5508434174222,0.9753966309842674
off,1117.0,33.60036031429049,36.55494716366708,2.006473611980195
off,1118.0,33.60742271459233,36.54717260111391,0.9630824635996977
off,1119.0,33.61422263534556,36.551344054073,1.2104120380415277
off,1120.0,33.61302360631166,36.561326523585784,1.0499845992221157
off,1121.0,33.62165691942039,36.56913017723427,1.0143606774633125
off,1122.0,33.63013361750347,36.56160889562195,2.3603415525588733
off,1123.0,33.62855654807058,36.560642647789784,1.2269699214572327
off,1124.0,33.65077583221854,36.55846225308454,1.191197992327086
off,1125.0,33.64252626830579,36.57203232879238,1.2736535930933979
off,1126.0,33.63248565819427,36.579078595395785,1.0304614608428726
off,1127.0,33.63007528862182,36.567117037325254,1.3216287756577447
off,1128.0,33.626608100042176,36.55342874323274,1.4698821693271342
off,1129.0,33.621136408408574,36.54832619157288,1.6887444875926618
off,1130.0,33.62947946862587,36.543039007789574,1.734270968461788
off,1131.0,33.65514253549929,36.528189478933385,1.9896227366543788
off,1132.0,33.657511266523144,36.522727868954796,1.6798266909090296
off,1133.0,33.65263086630772,36.531975977262434,2.245088466500279
off,1134.0,33.665974448553264,36.519855962266504,2.421889305069867
off,1135.0,33.672019563789384,36.516054779708895,1.789277078119929
off,1136.0,33.66949848926403,36.52814968850019,2.0404399293163484
off,1137.0,33.66098273242391,36.53500619189801,2.0796613289868704
off,1138.0,33.67757146924911,36.53022570144296,2.2047795719171703
off,1139.0,33.65356149484061,36.52159648408031,1.7521745791962955
off,1140.0,33.65357656342218,36.526937643635534,2.0372646505598437
off,1141.0,33.662547733747076,36.53129871954029,1.9851299504374853
off,1142.0,33.66662785099547,36.53544808476729,2.081952546670431
off,1143.0,33.67811463958985,36.53579095722943,1.6967065457832053
off,1144.0,33.705073321375686,36.531242344904506,1.1031406050857469
off,1145.0,33.71561194141162,36.53667127690685,1.4648703671969119
off,1146.0,33.72048583183566,36.53756501580911,1.5333833127950016
off,1147.0,33.71221489782264,36.54900380868019,0.9201212460069084
off,1148.0,33.716374663285805,36.560465619628985,1.8068873113910213
off,1149.0,33.72681898728964,36.56371414288878,1.300935562526178
off,1150.0,33.72873071532252,36.55397637808008,1.6207451238533075
off,1151.0,33.7383339861926,36.54418553044837,1.8593578903836883
off,1152.0,33.74654316984616,36.5439900669922,1.3965189297226368
off,1153.0,33.74889169954363,36.538091022639286,1.3230141010283019
off,1154.0,33.73665290373851,36.54124371969808,0.970485177147599
off,1155.0,33.72865592306286,36.55724996913397,1.200101045044315
off,1156.0,33.73670160771185,36.57037078229513,0.8942025751838731
off,1157.0,33.72739505283039,36.57546209361799,0.5033546239450626
off,1158.0,33.724797312511555,36.58207373560254,1.6773918196050224
off,1159.0,33.711922139571215,36.57212403599759,0.37833834192650806
off,1160.0,33.71605596990248,36.56780713394795,0.6695901939481713
off,1161.0,33.71454649029497,36.5554770913815,0.922012537670958
off,1162.0,33.72997224042669,36.54987686605062,0.8393930845888504
off,1163.0,33.72138381198049,36.54885429143996,1.6196131596647296
off,1164.0,33.72493998093563,36.55766680656148,1.3050816370223761
off,1165.0,33.73365470640744,36.56306511328977,0.7822315231128988
off,1166.0,33.753344671654666,36.57289763355104,0.5919371040365904
off,1167.0,33.74837336232595,36.576349867199674,0.5813913785051621
off,1168.0,33.7490208509749,36.58109793858932,0.5132449491110155
off,1169.0,33.73181839752198,36.576461090503116,1.072811544579443
off,1170.0,33.74060490646555,36.573037921283856,0.8281699633727886
off,1171.0,33.74541152113559,36.57940457692448,0.8004241883520462
off,1172.0,33.755171740031734,36.57972730629857,0.7753504586889994
off,1173.0,33.75464954515316,36.576971172316846,0.8115572132394463
off,1174.0,33.757970032355814,36.56776609870265,0.7710213956134281
off,1175.0,33.7387790430529,36.5602247782921,1.0233819362134338
off,1176.0,33.72518035001258,36.56173944838176,1.2854216418320659
off,1177.0,33.72112964713891,36.56390663258503,0.8435790216130663
off,1178.0,33.730635587769605,36.565170889245884,0.8586464952704078
off,1179.0,33.739158825573625,36.56361253326274,0.3253070759023524
off,1180.0,33.710934403109775,36.566441642998136,0.9843174295306998
off,1181.0,33.701427595367875,36.564446630189245,0.6751939568756626
off,1182.0,33.715377716983205,36.56143836855087,0.47797665875225287
off,1183.0,33.73354130267868,36.55915729691536,0.26076568216291
off,1184.0,33.74996292268657,36.547866828144905,0.9343197301609892
off,1185.0,33.77034452934346,36.539370022463196,0.16593097361257259
off,1186.0,33.78108033662526,36.53126444443708,0.7886975205492692
off,1187.0,33.77867399698157,36.54317516967028,0.711213591441859
off,1188.0,33.78868588169454,36.550224504671604,0.8565829113419696
off,1189.0,33.800408714858676,36.55575165582516,2.010204613399578
off,1190.0,33.817719621082524,36.54788988255335,1.3834466721167276
off,1191.0,33.81153732264688,36.53868208195344,0.7497241882199632
off,1192.0,33.80670144940635,36.523693610124994,1.7267017451757285
off,1193.0,33.81535419455723,36.523873317064826,1.5814248836485036
off,1194.0,33.819527494290384,36.526096919528094,1.3293547393518172
off,1195.0,33.813845783945446,36.52882306477831,1.082021665359657
off,1196.0,33.80801441291044,36.53959611924137,1.003160239425605
off,1197.0,33.81230461892742,36.542526846812066,1.2005639823183176
off,1198.0,33.80537603164444,36.538150876701344,1.4120613706571978
off,1199.0,33.81529628785533,36.53748161279163,1.5007912793837208
off,1200.0,33.8182931100008,36.53611333916276,0.6431907758098311
off,1201.0,33.80731585531224,36.535853556229036,1.249247992883349
off,1202.0,33.80318225714095,36.54170356882425,1.0427512662011706
off,1203.0,33.79922732073249,36.541343590247465,0.6334446600732783
off,1204.0,33.77799309275189,36.5452222252163,1.1547741475367093
off,1205.0,33.759759856201626,36.533022445482835,1.209133256508609
off,1206.0,33.77328020609976,36.53877350763107,1.330373278828875
off,1207.0,33.791508097969725,36.54813074535347,0.428637237216599
off,1208.0,33.78483085668946,36.55790057734768,0.8274932338699152
off,1209.0,33.776834306431745,36.543427480838254,1.4232407240951586
off,1210.0,33.770505175945374,36.55210589293229,0.9006587573970914
off,1211.0,33.760598661298204,36.55515192700999,1.2073566704518706
off,1212.0,33.75543875491123,36.55286068529333,0.7230727934153416
off,1213.0,33.7522894057992,36.5494416554552,1.1058311088391888
off,1214.0,33.7620973434928,36.5384932092874,1.1220828058119983
off,1215.0,33.74959540208795,36.52836032775486,1.1385904424236168
off,1216.0,33.739994230625115,36.520126121577675,0.8009709790037107
off,1217.0,33.72109570089926,36.5248103143499,1.0841777776782495
off,1218.0,33.71696098387263,36.534081135345566,1.3260110059554857
off,1219.0,33.702678920036625,36.545588774397125,1.1419639236077397
off,1220.0,33.6813509804338,36.53825917475367,0.8225015009280849
off,1221.0,33.67710645573455,36.52898658737251,0.7713887680920746
off,1222.0,33.70212021825435,36.530866465091854,1.02427704662501
off,1223.0,33.719772409246346,36.5374267606619,1.097836826045651
off,1224.0,33.754221017203605,36.53671696491688,0.6380470032785183
off,1225.0,33.7780650715653,36.534358177346284,1.6700609844984913
off,1226.0,33.77689295495127,36.530899853699914,0.831410054567129
off,1227.0,33.776475335682704,36.533142506613096,1.3282368977665888
off,1228.0,33.78841344175643,36.53914590556163,0.8355120602590362
off,1229.0,33.78459202651647,36.54445110155615,1.4177290853575486
off,1230.0,33.77778350534273,36.5427079694822,1.668712109367998
off,1231.0,33.780198656492004,36.548106792095766,1.1598903047229965
off,1232.0,33.797465054153946,36.54441109527716,1.0352423123762817
off,1233.0,33.81114013507971,36.54428726833695,0.8113030565506663
off,1234.0,33.818021265807374,36.551022093704226,0.6895173079900321
off,1235.0,33.82480809986829,36.545856767677925,0.5446073561466434
off,1236.0,33.8270896683069,36.546694265692366,0.8423032338302895
off,1237.0,33.82860610419672,36.5534396603786,0.7518947428110725
off,1238.0,33.80916306562304,36.55134533642646,1.066828821271627
off,1239.0,33.81235529660796,36.55002922693964,0.7270927496021675
off,1240.0,33.822795358214044,36.55056570459815,0.8756747703045571
off,1241.0,33.81355381348208,36.546274536383734,0.8484437566995464
off,1242.0,33.82171150850519,36.54838837665798,1.2290929526738525
off,1243.0,33.830248013497716,36.54467038786312,0.6026945599073441
off,1244.0,33.83241152210261,36.54095659649122,0.7092284915733438
off,1245.0,33.83823156828585,36.54577913061788,1.0067010236616494
off,1246.0,33.82894589239182,36.54500511655162,0.9307341478894684
off,1247.0,33.81640995359956,36.537575340467036,1.1037282305976874
off,1248.0,33.82639292486712,36.54547121678792,0.6188582862327778
off,1249.0,33.817824046077234,36.54886403505223,1.0161573509910262
off,1250.0,33.82603303044759,36.557686317247565,0.6428587117557298
off,1251.0,33.82179376038553,36.565535741527825,0.7725609553275056
off,1252.0,33.81784186619116,36.55474215754455,0.9911277720965814
off,1253.0,33.82756078474576,36.540564087269566,0.6109840460840643
off,1254.0,33.85972007656996,36.54053214000608,0.38392694467762045
off,1255.0,33.84075884187929,36.54453557089478,1.0395992819643614
off,1256.0,33.81868016815004,36.549538693460065,1.0027218348570555
off,1257.0,33.81568066804709,36.54873310535037,0.9971304844375821
off,1258.0,33.79216017629067,36.55401458081911,0.9371734399690674
off,1259.0,33.77333426310656,36.57463302251347,1.0300272255734189
off,1260.0,33.761131241493516,36.57750296919726,0.90093453648208
off,1261.0,33.76629799833149,36.57179163873483,1.092855598904523
off,1262.0,33.78193513626187,36.55934689622741,1.4997974079912084
off,1263.0,33.779822468009925,36.5394786143943,0.812622445305955
off,1264.0,33.78935028685388,36.53830127356179,1.3414708574725838
off,1265.0,33.784374240950875,36.54654154628413,1.1441433079820271
off,1266.0,33.781433128096005,36.545538046959,1.134772808750597
off,1267.0,33.76609430575019,36.54372317054131,1.002041146808526
off,1268.0,33.754636804182596,36.547504635538104,0.9971237213045337
off,1269.0,33.754603832135174,36.538517628051395,1.0151902034034075
off,1270.0,33.7513906221397,36.53945142747517,1.1968464052405348
off,1271.0,33.775591005506946,36.54085224620316,0.4871424621332878
off,1272.0,33.77732468975578,36.53055859153207,0.9898002786338972
off,1273.0,33.7880151503915,36.52534544865489,1.0316317241430917
off,1274.0,33.79223025911432,36.533090564443626,0.9208254730318965
off,1275.0,33.79188623879465,36.53496684568987,0.9817803985886397
off,1276.0,33.77760598332216,36.523543537824224,0.7909542979921697
off,1277.0,33.77439548397706,36.524543632675666,1.2390895699300386
off,1278.0,33.772733161959124,36.52402843711819,1.3647974732440198
off,1279.0,33.77785799837542,36.52809471910853,1.0609359476671478
off,1280.0,33.79928154165141,36.5280672314592,0.6641217594691657
off,1281.0,33.811165406217626,36.52540042174557,0.618052503888655
off,1282.0,33.80130050456184,36.52860674040725,1.827372831770786
off,1283.0,33.797159804410626,36.52154758977737,1.6578259081671785
off,1284.0,33.78270473614372,36.520304349658254,1.2324902940152596
off,1285.0,33.77832035050446,36.524111708324554,1.3744661741527064
off,1286.0,33.76789508299384,36.52605571228478,1.115647503761327
off,1287.0,33.74357896853672,36.53045036958239,1.2524639846544832
off,1288.0,33.73990986403316,36.52512187123958,1.6762233518642042
off,1289.0,33.757377663165904,36.509872969191825,1.0794961209365714
off,1290.0,33.7713505952022,36.50825664824054,0.9276065065275235
off,1291.0,33.78123888861561,36.517506050569885,0.5461586468288963
off,1292.0,33.76962575834781,36.52675726281636,1.3682826935029324
off,1293.0,33.75068023510528,36.51681360462859,0.600317090274772
off,1294.0,33.742382793181164,36.51586944926329,1.510822338353809
off,1295.0,33.74875692942202,36.52094018705452,0.4398237887048208
off,1296.0,33.75898647103437,36.53260617459742,0.10263397110677407
off,1297.0,33.75357025696007,36.538107770015735,1.2607636545871534
off,1298.0,33.76223165663569,36.53058899163652,1.1360216078023369
off,1299.0,33.75077607005118,36.524276662228026,0.4613878274377117
off,1300.0,33.73430926780416,36.53479592659748,1.053170244720735
off,1301.0,33.73260167048993,36.523488553846214,1.1447320591321937
off,1302.0,33.74375597633824,36.51644200985799,1.15478683277579
off,1303.0,33.7495785600873,36.51481385787231,1.8570980785740376
off,1304.0,33.7717544708536,36.51525609915272,0.55218191631043
off,1305.0,33.76316555918716,36.53239130274599,0.555078411864218
off,1306.0,33.75076839466192,36.54523240388477,1.734528573252419
off,1307.0,33.72626598523255,36.54686993578445,1.6618383915774124
off,1308.0,33.71561345875261,36.55124396376408,1.627992830687669
off,1309.0,33.72798303805618,36.54463651942718,1.7712142824670436
off,1310.0,33.76145497332185,36.54452491406486,0.5395616427206528
off,1311.0,33.76870718535972,36.54527150559599,0.8962033164666113
off,1312.0,33.763769759868126,36.540721107346066,1.4557883216965957
off,1313.0,33.75992742525506,36.53760321552158,1.1950226088124105
off,1314.0,33.76678440993041,36.528655757126955,1.3540235329887271
off,1315.0,33.760056214307404,36.529503754135455,1.5315968821592119
off,1316.0,33.755968604274926,36.53287625749515,1.347054482845484
off,1317.0,33.75082004951282,36.52944222158198,0.9755956025238335
off,1318.0,33.75026212996005,36.52067163081236,1.1311164337057609
off,1319.0,33.76152952845913,36.51911133399939,1.2037359923872415
off,1320.0,33.754052045360496,36.515426635294695,0.615619227951653
off,1321.0,33.73489889291405,36.524205821074894,1.4004420469735583
off,1322.0,33.70373323411374,36.52774578541427,0.43167060920135575
off,1323.0,33.66629668362357,36.53780046802132,1.1713162943834814
off,1324.0,33.64142448726931,36.541015589268966,0.9993662754252277
off,1325.0,33.630412179218695,36.537044046281224,0.5351699608444923
off,1326.0,33.62173686485591,36.538576061451245,0.5297380773148027
off,1327.0,33.61079203340421,36.54168199138051,1.511040758660019
off,1328.0,33.59748006375088,36.52883126431938,0.8690504536685522
off,1329.0,33.60390125858938,36.52830853295823,0.39771430590405055
off,1330.0,33.64101697468113,36.52775222590265,0.6928441035725744
off,1331.0,33.659651865419505,36.519450187674664,0.8786881187303257
off,1332.0,33.6379203789094,36.510234741109144,1.1879562387759255
off,1333.0,33.634029710079076,36.497075934048794,1.3506606318798742
off,1334.0,33.634077017798845,36.488738852888964,0.9863426646852189
off,1335.0,33.63725158253293,36.50124062670025,0.7765039843761958
off,1336.0,33.63758663835275,36.501834208967516,0.5458070417432892
off,1337.0,33.64276947758235,36.50917408001939,0.39591345254495036
off,1338.0,33.64341463853013,36.51519124570237,1.1736426268432951
off,1339.0,33.642721098073,36.530942886597664,1.1368523208761503
off,1340.0,33.62981147450437,36.54326497687569,1.4625843807389325
off,1341.0,33.62514063848192,36.54899744090436,1.4539020177699653
off,1342.0,33.625538881911744,36.544449521840306,0.6807606400314765
off,1343.0,33.64630524538618,36.53166142640879,0.6823346378391675
off,1344.0,33.65577888403996,36.51549152124838,0.8615402099360396
off,1345.0,33.66909171838693,36.507410671757576,0.9945757033104963
off,1346.0,33.68261389490754,36.50960930757031,0.7437479671613656
off,1347.0,33.68684766543711,36.511406160298215,0.5685425155163615
off,1348.0,33.67717293180906,36.5198335176687,0.7158777267214248
off,1349.0,33.68582351482724,36.5239058356978,0.9038646528130321
off,1350.0,33.667102465497386,36.52985617449868,0.6617282032522109
off,1351.0,33.64849711463332,36.54586376218213,0.9313651946581467
off,1352.0,33.63075367265221,36.536935001537955,1.1818697373087637
off,1353.0,33.600991670063536,36.53851848288675,1.4897542848957217
off,1354.0,33.57686068153027,36.541893668829275,1.5719206121458913
off,1355.0,33.5714653004555,36.54699651593775,0.7094652563882216
off,1356.0,33.57053088431178,36.53709670736574,1.2328832581420834
off,1357.0,33.59276525108468,36.53135397955535,1.3813376569477183
off,1358.0,33.6212128547784,36.522372045472025,1.1504881820786563
off,1359.0,33.63935869955775,36.51336972006386,1.288998155108311
off,1360.0,33.63736779420895,36.51401289744452,1.171211326379406
off,1361.0,33.63436401285811,36.51992786099801,0.9305877071640827
off,1362.0,33.63518157066493,36.50974814347574,0.7639395962203848
off,1363.0,33.632323222039794,36.51981188007999,0.8482372138345796
off,1364.0,33.640800286929704,36.531660113894176,0.9106077312273544
off,1365.0,33.6451484716633,36.535637980214034,0.5788396875750379
off,1366.0,33.64162215969494,36.53955751868079,0.9098458664199426
off,1367.0,33.65522843320976,36.53299405659081,1.2616686160963868
off,1368.0,33.65846990998787,36.54038077486437,1.544160778697297
off,1369.0,33.640192031589805,36.53861982733999,1.0747875731426677
off,1370.0,33.6412230568841,36.531876332255905,0.9009909797814724
off,1371.0,33.65779301812495,36.52520925764632,1.0772014977407296
off,1372.0,33.656826054369006,36.52448803743446,0.8073184505278515
off,1373.0,33.64237706227261,36.538100523743005,0.9365975067239092
off,1374.0,33.62493786118637,36.54913960698677,1.087924535233314
off,1375.0,33.61580018305529,36.539068129457625,1.0351897377644506
off,1376.0,33.61772677704253,36.5348261509402,1.2742285579304307
off,1377.0,33.62550050689328,36.53928515138399,1.3635078697306893
off,1378.0,33.626607590196606,36.532832411734596,0.9365391648778933
off,1379.0,33.6320444195096,36.51712507440597,0.7955414675415354
off,1380.0,33.61523941755992,36.517193027356456,1.0624603088003164
off,1381.0,33.60610635909792,36.515190445605164,1.5274247319125416
off,1382.0,33.6192712864329,36.5115789588586,1.4917075836527902
off,1383.0,33.63783883373228,36.52509698147441,1.1443534396075514
off,1384.0,33.64784656134729,36.537029364934234,1.0895212427964278
off,1385.0,33.64274821327681,36.54636963728261,0.9049364446017204
off,1386.0,33.63009944380421,36.53914646231139,1.7167542095373254
off,1387.0,33.62792655735917,36.541402457222816,1.4447334954007962
off,1388.0,33.635914349123766,36.546079982635916,1.611373039010712
off,1389.0,33.633659295438534,36.540857209121796,1.5863806959619997
off,1390.0,33.650669457386364,36.53455061698595,1.5388394646712713
off,1391.0,33.66613183719379,36.533893862668734,1.1459182135660104
off,1392.0,33.662869767816424,36.530197568577194,2.0196863123185422
off,1393.0,33.67591388772087,36.52373192210522,1.3641402880989206
off,1394.0,33.68919485122664,36.532728564023955,1.3635948504915198
off,1395.0,33.68239600952265,36.533858216635736,1.2862973190959108
off,1396.0,33.68096108040634,36.5385182484876,0.9132930613943775
off,1397.0,33.663996539034656,36.535108890039446,1.796930142991712
off,1398.0,33.65672075857564,36.53044865592809,1.8702237150407583
off,1399.0,33.66792711794813,36.54134626872977,1.6730301367483178
off,1400.0,33.66835091631901,36.54367551210718,1.6486702771221426
off,1401.0,33.673960807071744,36.539639970219255,1.0920958764673179
off,1402.0,33.67153907083225,36.5351185156197,1.1931857487168336
off,1403.0,33.682496077955726,36.5234343663252,0.984331222052929
off,1404.0,33.690886653564945,36.531716108853125,1.7300898693082523
off,1405.0,33.67409717187516,36.537622363395776,1.118136719327362
off,1406.0,33.67018945482959,36.52780133185383,1.122429042212055
off,1407.0,33.655680706715216,36.52487197619916,1.2792710196102872
off,1408.0,33.639153071137336,36.5280127932478,1.8960361143893683
off,1409.0,33.63112059927671,36.5181724864022,1.5225599851685723
off,1410.0,33.634893250283454,36.51291929794318,2.061121487457616
off,1411.0,33.64653294488299,36.51490344380599,1.6292167191620708
off,1412.0,33.65447489648458,36.52553364447025,1.2276048134421338
off,1413.0,33.657071155751446,36.52717526517811,1.1315025638934564
off,1414.0,33.63943053536628,36.53168987033375,1.2283292118258646
off,1415.0,33.62245082926299,36.53004187544477,1.450219398623569
off,1416.0,33.61995568123683,36.537719508421695,1.8788015195312484
off,1417.0,33.60379950862805,36.55067618190627,1.3207290187336143
off,1418.0,33.60507930427819,36.54489957876995,1.889720987272085
off,1419.0,33.60110990486878,36.53832932445065,2.0032421516931986
off,1420.0,33.592351950049476,36.5323794105659,1.8364040157840353
off,1421.0,33.60545585117295,36.53144973095113,0.9619457008692323
off,1422.0,33.614304392520374,36.53501394460042,1.7127326386649404
off,1423.0,33.621201478090164,36.53277186645166,1.2766853999293089
off,1424.0,33.607648344632636,36.53153464440295,1.293528517986977
off,1425.0,33.60442937059251,36.52996062769879,0.963935450037795
off,1426.0,33.60966579895785,36.53578998079468,0.9675801113448803
off,1427.0,33.60901274169399,36.54839632776606,1.2221363451539071
off,1428.0,33.604237058541024,36.555371686414155,0.9668175006893722
off,1429.0,33.601892788546294,36.55528359473444,0.9363476077270141
off,1430.0,33.60432021845684,36.542782720147734,1.1637701771341618
off,1431.0,33.614552180499146,36.52926810743015,1.210265452163196
off,1432.0,33.61366934238525,36.527634285497506,0.8208383939099919
off,1433.0,33.61150806958006,36.52818646667328,1.3172569223900568
off,1434.0,33.60711375181449,36.5365031103826,1.434661577176787
off,1435.0,33.60195587186275,36.53955942264484,0.6922280993162608
off,1436.0,33.58006177290075,36.54231487597076,1.372415211202441
off,1437.0,33.55956223836501,36.55358054044601,1.5885871569446972
off,1438.0,33.558013234166985,36.54882023142836,1.4407624931739949
off,1439.0,33.55378994005575,36.53870424462574,1.349860668809763
off,1440.0,33.56217000742539,36.53261742763112,1.2910156982842294
off,1441.0,33.54658738062214,36.536123503710876,1.6371083865493852
off,1442.0,33.53539243243607,36.54445516819083,1.526800084581585
off,1443.0,33.51179783092644,36.547949760547326,1.3626053555077364
off,1444.0,33.49656527545078,36.55225581289463,1.3067525429260687
off,1445.0,33.50083106090503,36.543382376148976,1.3484629935708075
off,1446.0,33.50009023513315,36.53290836215721,0.9165609946059075
off,1447.0,33.50255655634303,36.524203448273425,1.632640753647309
off,1448.0,33.50728515019393,36.51563538795889,1.0091978803423431
off,1449.0,33.50827321364292,36.51080467307425,0.9757582955038044
off,1450.0,33.50289334887588,36.506985576113635,0.7358329136634734
off,1451.0,33.491886042564786,36.51479076145401,1.7765487909735453
off,1452.0,33.48474542654861,36.52796304831208,1.6602991132291547
off,1453.0,33.4850512898742,36.53593287447016,0.7277209934094779
off,1454.0,33.472087411703946,36.54369684373493,1.2047542525831192
off,1455.0,33.46436494186854,36.538910116183736,1.136699307486558
off,1456.0,33.47535304826643,36.536397331595346,1.4303366289334136
off,1457.0,33.481416301342115,36.537272214898366,0.8794932757909919
off,1458.0,33.459165464254724,36.54151111469886,1.0059949563636281
off,1459.0,33.44793424007735,36.53866382266059,0.9260996954895149
off,1460.0,33.4510806522894,36.535233160154355,1.0338836937141649
off,1461.0,33.44932593098732,36.539461322777036,0.6099947365381571
off,1462.0,33.46115156441225,36.53313497394506,1.1240336542590006
off,1463.0,33.445250628813355,36.535379623800985,0.7377879637742188
off,1464.0,33.445377473662305,36.53583554317994,1.1349648845197757
off,1465.0,33.42770808059078,36.53266920092265,1.507825184535332
off,1466.0,33.42339230900898,36.52026874494087,1.3508688943365785
off,1467.0,33.42621477542979,36.52730358645927,1.2880761651368755
off,1468.0,33.43446469945822,36.53368099065025,1.123486712893009
off,1469.0,33.434194611549195,36.5425407362013,1.4095540275555691
off,1470.0,33.42006415364914,36.536074822660126,2.1573539590397144
off,1471.0,33.41844312272576,36.53669954548622,1.2575760518266441
off,1472.0,33.43387603066453,36.53269722594379,0.7327409196936651
off,1473.0,33.43673681446359,36.52811612532472,1.1411671646755714
off,1474.0,33.431269727873875,36.52954439524036,1.3739270502799412
off,1475.0,33.42246942914194,36.53955869434152,0.5009069174522629
off,1476.0,33.431475982554616,36.53479963596457,1.1212902365115807
off,1477.0,33.434012837273876,36.540856206144475,1.2258670858413514
off,1478.0,33.45361824842595,36.54097991838197,1.0949432999386333
off,1479.0,33.46112855762439,36.53537257779984,1.2617809934039408
off,1480.0,33.47509497331327,36.528642637528144,0.5135460576314868
off,1481.0,33.483767095962264,36.51568059073556,1.6815228438909693
off,1482.0,33.484070397852946,36.51370971695485,1.4459921476193358
off,1483.0,33.471579256237746,36.505979348306056,0.9381514670499349
off,1484.0,33.48618805982083,36.50146998564027,1.081426155744817
off,1485.0,33.47837126721784,36.51219187596963,1.1554061956528412
off,1486.0,33.47446775574275,36.528637979736004,0.5969412144574306
off,1487.0,33.44953232549364,36.53365865700615,1.2106365540714084
off,1488.0,33.42974735315668,36.53214179408945,0.7132707890658871
off,1489.0,33.42787639922127,36.525129872491746,1.032666884482304
off,1490.0,33.44345553156718,36.52089832846367,1.2861930264501111
off,1491.0,33.46240986127398,36.517397386724255,1.3260240667560041
off,1492.0,33.46188225644807,36.51901100135761,0.6030584574305662
off,1493.0,33.45564028987282,36.52480634149053,0.8625628184746592
off,1494.0,33.45327035833629,36.5274425967203,0.8904243185606509
off,1495.0,33.458573003464544,36.519604312485086,1.018578114649813
off,1496.0,33.46020527147042,36.52585884474851,1.0278820787492262
off,1497.0,33.46521587484482,36.52259263548544,0.968950652837327
off,1498.0,33.46328378959797,36.54392447404154,1.2179665217474351
off,1499.0,33.47546516009591,36.54569864570365,0.717312327304677
off,1500.0,33.49199515390475,36.53717217394792,0.5665980484178899
off,1501.0,33.52514201619676,36.51956841181094,0.9950578559769856
off,1502.0,33.53773811586303,36.50773142771731,0.543509993673514
off,1503.0,33.52571013877359,36.51324683719848,0.5331422564305952
off,1504.0,33.510153093415404,36.5222281346298,1.1316466966215912
off,1505.0,33.49718671301139,36.52602847853702,1.5074015709492548
off,1506.0,33.494658167245106,36.541453962783024,0.3432312555782306
off,1507.0,33.481304396110076,36.54308716852905,1.1110729273160782
off,1508.0,33.48239781127337,36.535127254005765,0.8999860454665103
off,1509.0,33.50046889786845,36.51885945589986,1.225696720258532
off,1510.0,33.49433431892091,36.52235941973193,1.0000516635621746
off,1511.0,33.49477846966542,36.53116600031271,0.8440486177308113
off,1512.0,33.49573238576533,36.53684057658001,1.441623159563115
off,1513.0,33.488179596447644,36.545255618862754,0.8406640428747529
off,1514.0,33.49279507499644,36.536724977491616,0.6325595473512368
off,1515.0,33.48155359862232,36.53130675656033,1.0997588394065798
off,1516.0,33.48203080216397,36.5280874849138,1.0959528357985433
off,1517.0,33.482506430190156,36.53273884057857,1.0348082907880924
off,1518.0,33.507496002721396,36.53352771097405,1.0125932128577564
off,1519.0,33.526631175666566,36.522202936612835,1.4833630135719296
off,1520.0,33.555449391259195,36.514573798761795,0.8007329901839085
off,1521.0,33.572273996734516,36.52465779450008,0.9617262782861579
off,1522.0,33.559185477113026,36.531369907799515,1.0591609748876105
off,1523.0,33.52852679317675,36.53919393225657,1.2322726040544727
off,1524.0,33.510173369924914,36.533593528351254,1.2370325070699777
off,1525.0,33.50669532029883,36.53014561184908,1.0602141259490654
off,1526.0,33.51332914874337,36.53554587304667,1.4152104605355302
off,1527.0,33.52002916141858,36.539635516724715,1.0955148397274062
off,1528.0,33.53816025027514,36.53861387023154,1.1454548300386649
off,1529.0,33.55133538523168,36.52175284468472,1.3904304553084215
off,1530.0,33.57592032175091,36.49717987766849,0.7614671797600672
off,1531.0,33.578281323868765,36.508452538105956,0.9495659509631649
off,1532.0,33.55052877654255,36.52088056335767,2.1511679119552403
off,1533.0,33.52198956047789,36.53799144559946,0.8212583801775006
off,1534.0,33.508800014342434,36.5502715969376,1.2909659377094096
off,1535.0,33.50703009459845,36.55713486939699,0.8078878142812934
off,1536.0,33.50535177989218,36.57099157126963,0.6647077208871496
off,1537.0,33.509678236539024,36.567530383826565,1.2607753978591012
off,1538.0,33.52320485572659,36.55338247102095,1.2697391531173199
off,1539.0,33.51234929469859,36.55043487297325,1.1114731929686634
off,1540.0,33.5127465985738,36.54522084847565,0.5952875790275178
off,1541.0,33.530430946421355,36.5309107007961,1.401310140109401
off,1542.0,33.551750186530654,36.522084853034734,1.1503654298655694
off,1543.0,33.548662154509,36.52030808733569,1.2660131937382295
off,1544.0,33.558614363671666,36.521061407473184,0.9589821809525305
off,1545.0,33.56420322920373,36.51898732545108,1.3857319389379756
off,1546.0,33.56929814668634,36.53289058909576,1.7257254249240312
off,1547.0,33.58106750497166,36.52145555060036,1.003880074210635
off,1548.0,33.58621901729039,36.52047888461961,1.248629719689615
off,1549.0,33.58386651896334,36.52500792175196,1.438059899806216
off,1550.0,33.5885048637949,36.534246262839645,1.3970189946597222
off,1551.0,33.61463744541163,36.53737577313112,1.1972379519021579
off,1552.0,33.624680121488396,36.529090524396366,0.7223138647319338
off,1553.0,33.615818904974155,36.53698970967624,1.5297209543409205
off,1554.0,33.622241996516905,36.54237091109044,1.6978919880160797
off,1555.0,33.625693455262216,36.54015134329065,1.9574616669653664
off,1556.0,33.62750147804254,36.537218727607105,1.2027138260386345
off,1557.0,33.628456400895615,36.5408295335596,2.0540564250673343
off,1558.0,33.626449281677175,36.52924068647324,1.7830105756140684
off,1559.0,33.63545607632841,36.527630603779926,1.984494763773934
off,1560.0,33.651866113879514,36.5286613553021,1.2984401995460693
off,1561.0,33.66393026044553,36.53375465546913,1.3935953793045823
off,1562.0,33.666947205096065,36.53136011805667,1.5010726592008587
off,1563.0,33.67834037071058,36.52932012016869,1.5358314550786996
off,1564.0,33.684117696524495,36.53604667181945,2.0275868297267112
off,1565.0,33.695283547099024,36.54521344587541,1.165616241103207
off,1566.0,33.686177061657,36.5494464828779,0.7917169051527825
off,1567.0,33.678686721262984,36.55023855157086,2.0335422593589754
off,1568.0,33.663575905752474,36.55300161331087,1.6317124287638052
off,1569.0,33.65689772278486,36.54147413862465,1.851552322350744
off,1570.0,33.65256109574876,36.5378079060222,1.2650892649591432
off,1571.0,33.65449794119587,36.54263323187731,1.3496462260568993
off,1572.0,33.670174190201735,36.5381857826474,1.247675575851778
off,1573.0,33.688861059235045,36.53092147263673,1.5216241720441377
off,1574.0,33.70918389668834,36.528188969651474,1.5124180091764325
off,1575.0,33.680400459604044,36.52880228662738,2.0711515390836235
off,1576.0,33.66329634156491,36.53026804995182,2.0807451637457737
off,1577.0,33.65681370782249,36.53055190528476,1.6425335929045433
off,1578.0,33.65338905666322,36.5411712633186,1.0113218562933672
off,1579.0,33.65411443509563,36.53894059223228,1.2783102805728461
off,1580.0,33.640597600047215,36.539745710424725,1.5978304107578185
off,1581.0,33.63197388375618,36.543917505173766,1.7828581322312964
off,1582.0,33.62718177369263,36.55059027532519,1.4329563738526636
off,1583.0,33.6284785164191,36.55513275284251,1.7817472961298726
off,1584.0,33.63554940657895,36.55512355668581,1.8396632628274991
off,1585.0,33.646592158600136,36.550647827570735,1.2588714795493687
off,1586.0,33.65117086049876,36.5440831188575,1.4113444365730121
off,1587.0,33.67316389442314,36.54541196986749,1.7917336881185038
off,1588.0,33.67305214978962,36.53200989014481,1.1117399721860108
off,1589.0,33.687156828864964,36.52792983809132,1.253271849496696
off,1590.0,33.71266015957265,36.53716818470572,1.080070504067425
off,1591.0,33.721455951655486,36.540280965481095,1.2174406426471442
off,1592.0,33.73872519907052,36.54434417451501,1.512574738616768
off,1593.0,33.74094687819709,36.546211506033934,1.3407253204939558
off,1594.0,33.74198325990186,36.55679541875255,1.5948612726124167
off,1595.0,33.74774069913432,36.567782456244814,0.9436276181668134
off,1596.0,33.74754861089997,36.56938606186286,1.3671495396133895
off,1597.0,33.738920101404005,36.57711496248112,1.0090051100026682
off,1598.0,33.73748295801923,36.593505368712336,0.650825140177979
off,1599.0,33.728653233679736,36.604011436398274,1.4163314162736005
off,1600.0,33.71621266161244,36.59371863712347,1.7778951929815436
off,1601.0,33.710935793167515,36.58115358307471,1.160787938156638
off,1602.0,33.714084362157166,36.572679239963605,0.7199117965097952
off,1603.0,33.72411755032272,36.56128980915414,1.1825244968636397
off,1604.0,33.7223902566568,36.55677686839511,1.2742200957723964
off,1605.0,33.72611011964767,36.546293593088116,0.8191938251540372
off,1606.0,33.72217245850888,36.5404687525306,1.4543968669596918
off,1607.0,33.7205475977705,36.534273410059306,0.658172817108806
off,1608.0,33.70098378828818,36.529625096249866,1.2179144517444258
off,1609.0,33.699642580712265,36.52721084018547,0.7040014767226677
off,1610.0,33.688544020511124,36.537999775071796,1.4724469818559744
off,1611.0,33.67664368364389,36.542072193278095,0.924530559996936
off,1612.0,33.670707478071755,36.54176566872907,0.599374910502097
off,1613.0,33.655512566795224,36.544207238871834,1.127624602591312
off,1614.0,33.64803462792819,36.557124730196165,0.9912207049908761
off,1615.0,33.64658286372945,36.56954272972295,0.8722606598260948
off,1616.0,33.64705013849787,36.568282829463826,1.2058029526758003
off,1617.0,33.653585770072326,36.56376167431144,1.1641577516763522
off,1618.0,33.638659274375634,36.56149633795468,1.2376418103834974
off,1619.0,33.63034373808262,36.55630827825317,0.5388185662319841
off,1620.0,33.61161177688691,36.55310384304595,1.4004607073166209
off,1621.0,33.59349186959605,36.56851967957513,0.8750886944189273
off,1622.0,33.58591826609683,36.56788142602754,1.2245859686192504
off,1623.0,33.58136411074626,36.57385892649148,1.1944941864044187
off,1624.0,33.58268218041398,36.582616513579055,1.018306586521943
off,1625.0,33.59119384704434,36.57527935815355,0.48515203224710945
off,1626.0,33.60362741447299,36.57695237643148,0.7477935101499575
off,1627.0,33.62927873413625,36.56679866642438,0.6123264488754684
off,1628.0,33.6306493434945,36.56906255715228,0.24202720342999706
off,1629.0,33.621756662980324,36.57058080092081,0.7718278365775729
off,1630.0,33.600744939786516,36.56966177947791,0.8102350487601093
off,1631.0,33.58191685977645,36.573154020499906,0.6347604481060578
off,1632.0,33.58168338056848,36.56705449035789,0.5025580971559154
off,1633.0,33.58288908079579,36.56211267565601,0.6817618574555658
off,1634.0,33.59016007849044,36.56539506566546,0.544461554418324
off,1635.0,33.57881380463665,36.571182140686595,0.6525344272701287
off,1636.0,33.56961866843261,36.57097000431824,0.1983659708247636
off,1637.0,33.56674606171791,36.56401163749116,1.0308746526076304
off,1638.0,33.55796694510795,36.5629451134468,1.4243111968045774
off,1639.0,33.55753383477562,36.551403907747336,0.9164119640647672
off,1640.0,33.56248996528946,36.537131237009866,1.4435390466606375
off,1641.0,33.567456744901655,36.53387578551472,1.0409513123444059
off,1642.0,33.57648199583459,36.545079752416726,0.7301025672580721
off,1643.0,33.582387838756674,36.559272099557454,1.0004876522805928
off,1644.0,33.58344637725205,36.56288757192226,1.1177559048425827
off,1645.0,33.594482523292726,36.553687041234156,1.0956264227088224
off,1646.0,33.60910290387508,36.550258940936736,1.215674306853022
off,1647.0,33.623925451765444,36.539438347152945,1.2207808365105208
off,1648.0,33.60295796724617,36.52934864123339,1.09272347008065
off,1649.0,33.58823680460488,36.5268787870686,1.0576504879114226
off,1650.0,33.58070585230176,36.543667934294206,0.6911391515556693
off,1651.0,33.56901461525479,36.54594933357258,0.5691399204795569
off,1652.0,33.57136549497087,36.551195374694714,1.232321692914877
off,1653.0,33.55137844952421,36.55502484014067,1.3513951891648626
off,1654.0,33.563310851175636,36.55257621898988,1.1248550308213576
off,1655.0,33.57277507620129,36.54122632432364,0.9557966910190244
off,1656.0,33.581414010441705,36.53556111093413,1.4840841865224599
off,1657.0,33.58060136308526,36.5325363006831,1.2849345287653735
off,1658.0,33.585903823383944,36.544840842983966,1.2880814446413678
off,1659.0,33.59874660204813,36.53024029382038,0.8421345206389079
off,1660.0,33.58965495856144,36.52418082066683,1.2856472489114652
off,1661.0,33.607133102505635,36.52975948372096,0.9183555742930658
off,1662.0,33.60160833700618,36.53685028766257,1.6158021063524322
off,1663.0,33.611738227517876,36.54392372572315,1.2437275851772243
off,1664.0,33.615170432931,36.544215374954874,1.0578767287031647
off,1665.0,33.63099269977417,36.53773757210246,1.221907974240643
off,1666.0,33.62728008152789,36.53558126569528,0.9398000985202628
off,1667.0,33.6342869200296,36.531186994112886,1.077920139166423
off,1668.0,33.62180813274962,36.52447958523556,1.195120739209786
off,1669.0,33.603103335884576,36.53518820621469,0.8726470980193435
off,1670.0,33.59926218180817,36.549694224574125,1.0483476139603174
off,1671.0,33.60131659155461,36.55466432863232,1.091141138075926
off,1672.0,33.61503731346189,36.552447835233224,1.1376420245253809
off,1673.0,33.61427354410461,36.55484777209228,0.9822773691169087
off,1674.0,33.637066675270184,36.5507065656347,0.9088100242484234
off,1675.0,33.64657085402537,36.5490049087715,1.4368488528774324
off,1676.0,33.63870933608521,36.55137395822224,1.9859485735792544
off,1677.0,33.61262692020824,36.55429979397227,1.516703640017151
off,1678.0,33.60077130065937,36.55785541353226,0.9826815434578049
off,1679.0,33.5933907908539,36.5497183032042,1.1506044479413362
off,1680.0,33.60926919887857,36.54111332042238,0.4799718148605773
off,1681.0,33.61933199309241,36.533338844836756,0.7074505948634164
off,1682.0,33.628028120805354,36.532809151650866,1.074623947998532
off,1683.0,33.62264161732011,36.530478212673636,0.8072549450563495
off,1684.0,33.624211403494186,36.5431398153896,0.6023209377454034
off,1685.0,33.61464810198822,36.54229372538271,1.1075050419352466
off,1686.0,33.597650493075086,36.54812844046556,1.1303141404345642
off,1687.0,33.58784318919485,36.552059312345,0.3744438151565723
off,1688.0,33.57421957516163,36.552462471183404,0.7579520467373181
off,1689.0,33.568479981340694,36.56148239830483,0.5514941799254041
off,1690.0,33.57498625606843,36.55227950369428,1.2885751980057663
off,1691.0,33.57275933471256,36.541255653559766,0.7359721746876691
off,1692.0,33.57830627003085,36.53714654340292,1.2356618760460703
off,1693.0,33.56132380959146,36.51799233119711,1.5580391576560846
off,1694.0,33.56248808262933,36.509485499621306,1.0356199670148163
off,1695.0,33.56331916370349,36.514122302001475,0.7136605272088263
off,1696.0,33.56560698311657,36.50517089215979,0.7744962567432827
off,1697.0,33.566358495624804,36.50436576380488,1.0445742822886417
off,1698.0,33.55146967314099,36.53073029963212,1.1996050415837554
off,1699.0,33.52779893734819,36.53788189565693,1.1448886575139583
off,1700.0,33.53385279636924,36.542683526116576,0.6021876011161252
off,1701.0,33.54985950137533,36.54043184866269,1.1832619994210674
off,1702.0,33.56550487072626,36.5432197009311,1.0246911907686858
off,1703.0,33.56121191075735,36.532327948861166,0.8754804300624925
off,1704.0,33.567297425224496,36.521207998515315,1.3037942650130914
off,1705.0,33.5751000330006,36.51827924277712,0.972360681551729
off,1706.0,33.58466669289819,36.515111730322594,1.3299460921435065
off,1707.0,33.59883031229986,36.520892890098985,1.0990428403441368
off,1708.0,33.59242262834055,36.52532055850757,1.5906366146670698
off,1709.0,33.58531670565541,36.51582929297405,0.9167046777037008
off,1710.0,33.58281278836899,36.509936715879,1.9184184973448182
off,1711.0,33.58818680971266,36.51356981485633,1.7605638735921256
off,1712.0,33.60640250700097,36.51967152617699,2.349116289213316
off,1713.0,33.63248264684195,36.52923426385432,1.2492829719646625
off,1714.0,33.63405455853773,36.525174698471915,1.9601334117089408
off,1715.0,33.64628992210103,36.52299005707119,1.9168034499648992
off,1716.0,33.659650194113595,36.53648714823049,1.181743056565719
off,1717.0,33.68655196284141,36.539002888473604,1.022696080510416
off,1718.0,33.710242565935765,36.53577711638553,1.5203697490365784
off,1719.0,33.71997646939698,36.53830589203999,1.621561092834992
off,1720.0,33.72800422629767,36.54844426521729,1.0677282016270575
off,1721.0,33.732169782816335,36.54946409104444,1.8895125796978112
off,1722.0,33.73788247183451,36.542170481268826,1.6929294631777911
off,1723.0,33.72853875872957,36.52733194522786,1.73110607531068
off,1724.0,33.721036872214924,36.532359682906566,1.931422076823762
off,1725.0,33.708643126703564,36.544156774784945,1.2876670729804127
off,1726.0,33.676945569721624,36.54882383254184,1.5270507197973235
off,1727.0,33.6689349107419,36.54827535080442,1.4966462870480393
off,1728.0,33.656693328050885,36.544491460159605,1.4163340783846183
off,1729.0,33.66060179415417,36.532969698977965,1.359040668789346
off,1730.0,33.66400108797108,36.52742987607129,0.6895506201504232
off,1731.0,33.65908680070293,36.52524122656427,1.0590762932779327
off,1732.0,33.65159853703567,36.52570765177548,0.6862386560703414
off,1733.0,33.64284522976013,36.529992882941144,0.779278174772728
off,1734.0,33.6479461707991,36.53448539124977,1.1466353605800037
off,1735.0,33.64504545393776,36.52480347763306,1.1858189767400467
off,1736.0,33.649024567796154,36.51052879686916,0.9167797757727976
off,1737.0,33.63842647166947,36.51319369436552,1.092591997926998
off,1738.0,33.640023512281765,36.52273917332563,1.393033226419691
off,1739.0,33.63489312652363,36.54556833431004,1.1643949307930006
off,1740.0,33.62739061043258,36.551276931989555,1.1720960603501567
off,1741.0,33.61882189799328,36.55309223484856,1.0422913368158195
off,1742.0,33.609708532992244,36.550215510391574,0.7375821513142118
off,1743.0,33.61214412461875,36.549732702700084,0.9293327337806425
off,1744.0,33.58650975766604,36.543748528079206,0.663196334921375
off,1745.0,33.59556282520561,36.54223959880843,0.7134365812783898
off,1746.0,33.58368497485027,36.531983562543616,1.2524407907169581
off,1747.0,33.58487672334353,36.533195823922675,0.4777450302461821
off,1748.0,33.56460587337842,36.52925177771441,0.7211678240461579
off,1749.0,33.55943715382294,36.534994784560766,0.7917751688766016
off,1750.0,33.55615817014633,36.54954925729263,0.6147695493844234
off,1751.0,33.5507858226606,36.55130000988719,0.9968063155323965
off,1752.0,33.54369590857046,36.544222279695624,1.532317879871281
off,1753.0,33.53653714366167,36.53323278942976,1.4729230260590662
off,1754.0,33.53863589840361,36.53940131980902,0.6624308417425622
off,1755.0,33.54075903763482,36.54791888552971,1.0695197181742002
off,1756.0,33.54534098479684,36.54869226080803,0.9439589437353471
off,1757.0,33.55800911474155,36.53912170531379,1.3743950901858542
off,1758.0,33.54805562261515,36.540469281400654,1.1846354032468844
off,1759.0,33.5439594258119,36.55303026021449,0.6183120360753214
off,1760.0,33.54617403884975,36.55844069488381,0.5876846274130795
off,1761.0,33.56564485497668,36.5674387446824,0.9840707597582105
off,1762.0,33.57495940930468,36.56249039773248,1.1951022295376417
off,1763.0,33.584226305486794,36.54887958780313,1.1145677707580854
off,1764.0,33.590263890946176,36.543570435594276,1.1903440314286016
off,1765.0,33.597100239029935,36.540666883398615,0.7163815464669281
off,1766.0,33.59497989669551,36.53670550134525,0.7851669797403913
off,1767.0,33.58648597741576,36.54123441440413,1.3693725743986698
off,1768.0,33.57274439533236,36.546796322994894,0.8689499925171753
off,1769.0,33.567777036573425,36.55538669541757,1.0840817548975088
off,1770.0,33.554337074930004,36.55942586987535,1.049130443066906
off,1771.0,33.56629078215444,36.55119518955063,1.4302916154571967
off,1772.0,33.56488274065531,36.548751801125114,1.3004801968031678
off,1773.0,33.586708351078656,36.545170217880376,1.1807846319901882
off,1774.0,33.59570314221303,36.5494250834183,1.1850108140632607
off,1775.0,33.59605141655748,36.54689586973626,1.4165940354543958
off,1776.0,33.59130888629508,36.5417856544343,1.1346067709663632
off,1777.0,33.57191127420877,36.54203234536629,1.1612149733777848
off,1778.0,33.562535881571606,36.54896711440083,0.6437712888036635
off,1779.0,33.555368762097046,36.55181080298347,1.1317538006796333
off,1780.0,33.55667760640255,36.557275570629066,0.6819962380274449
off,1781.0,33.56756069141251,36.56202892055321,0.40034137608418985
off,1782.0,33.572388696319905,36.555665579348876,0.4300844508480106
off,1783.0,33.56636306934224,36.559112542822206,1.3392587288289324
off,1784.0,33.55938786014349,36.563884447296324,1.3188478953418454
off,1785.0,33.5572852600043,36.56575121847543,1.1048786614856279
off,1786.0,33.57134213537251,36.561097938972345,1.503020745576638
off,1787.0,33.57060187996247,36.55704647622626,1.5232973687261238
off,1788.0,33.574230592266865,36.54558070020012,1.3444840462163148
off,1789.0,33.577889766756066,36.54511546994469,0.9572652237677381
off,1790.0,33.54811041674603,36.5481354640135,1.3766926051030035
off,1791.0,33.54831497353195,36.55144271172205,1.1617792520297674
off,1792.0,33.546873921042504,36.5466204907508,1.5150613957477406
off,1793.0,33.54145763619512,36.55723876476572,0.702422468579267
off,1794.0,33.54671100065993,36.567758280183774,1.3758789030390008
off,1795.0,33.550525156930796,36.577288108565625,1.2466179272105329
off,1796.0,33.562614576787574,36.56409980519603,1.4408991840506964
off,1797.0,33.58419171121395,36.55809157007951,0.74771214784212
off,1798.0,33.59140221366404,36.5470637250847,1.4044564179832095
off,1799.0,33.59602438916248,36.55596268534079,0.8870839511557553
off,1800.0,33.592501521254725,36.556395461501616,2.027598951642841
off,1801.0,33.59882862463792,36.558405901708355,0.8882020096904399
off,1802.0,33.59854674734369,36.5546560568197,1.1097357634509417
off,1803.0,33.58485694404873,36.55456199448172,0.44013541578755433
off,1804.0,33.59322186302764,36.549557391021686,0.9534237555556244
off,1805.0,33.587919093462624,36.54965092954517,1.558857678830121
off,1806.0,33.57247354134829,36.556465884949,1.1767906723454513
off,1807.0,33.58151191283193,36.55929460419963,0.371415906024078
off,1808.0,33.59479652685983,36.56371541743979,0.9625680222097845
off,1809.0,33.588063725649995,36.563927263674394,1.2070095695153973
off,1810.0,33.605727191185764,36.55666005358322,0.9039247470622449
off,1811.0,33.61530552775119,36.540168942606165,0.8679102341131104
off,1812.0,33.62010302755683,36.539075139571956,0.9062949526759706
off,1813.0,33.61552206299665,36.53674806268327,0.7609626185110678
off,1814.0,33.607910213477396,36.53886492216054,1.2079590344255942
off,1815.0,33.61118973670751,36.5405621046693,0.5182585559151192
off,1816.0,33.61844499342198,36.54666509395524,1.3997948440383057
off,1817.0,33.638561401986664,36.53421044438873,0.9955297566602976
off,1818.0,33.6506207845159,36.53114434786818,1.270731163552055
off,1819.0,33.64272403341655,36.53864201358775,1.4894891093947338
off,1820.0,33.63073816446785,36.55030017727918,1.1025322123934165
off,1821.0,33.62726668072063,36.559910809683245,0.7975375604049897
off,1822.0,33.626494042366986,36.56602569225994,1.1304820632811017
off,1823.0,33.623077598443416,36.557719688966614,0.7298565326260837
off,1824.0,33.618408141008835,36.54733614566769,1.4455250833264917
off,1825.0,33.638885948775126,36.55288358736456,0.5069279608597205
off,1826.0,33.64813425497234,36.55248542868293,0.78267538649156
off,1827.0,33.66068893901275,36.55090296801147,1.3499201381762806
off,1828.0,33.64605471656171,36.542126841853296,0.837900403434378
off,1829.0,33.637317155364734,36.54833433754649,1.7087965616179535
off,1830.0,33.61225197130718,36.549407002736494,0.8506996229356683
off,1831.0,33.59468097293074,36.54788544008261,1.014567602901
off,1832.0,33.57364632417874,36.54612680962471,1.5523501091726395
off,1833.0,33.552640150857904,36.559658168730344,0.7525347610679936
off,1834.0,33.53867499352204,36.55267688905887,1.8728456479007938
off,1835.0,33.54427843123764,36.535755253124194,1.6151325696664443
off,1836.0,33.554086424099964,36.52366689790304,1.1624396985571899
off,1837.0,33.5588665692562,36.520781807800205,1.054506879769404
off,1838.0,33.55789635732827,36.51774357615653,1.5200448907842112
off,1839.0,33.561073437350956,36.53137122381686,0.6769876347265209
off,1840.0,33.545747546318374,36.542617068055435,1.2057671371918914
off,1841.0,33.56085188086261,36.5485286232713,1.9798678894133397
off,1842.0,33.582655526443304,36.5396216938486,1.0195872621372652
off,1843.0,33.60454725896848,36.53835366908753,0.9399137159645854
off,1844.0,33.59718141952673,36.53105268932171,0.8255392167544973
off,1845.0,33.596838375296244,36.54171752600183,0.13209790714062342
off,1846.0,33.569887890205266,36.552291506165105,1.0485468358293621
off,1847.0,33.54576909276792,36.55479127026751,0.6751489562965594
off,1848.0,33.529112810366314,36.56084146453682,0.6868603305173748
off,1849.0,33.50458983037565,36.553713184578335,0.5024815799396396
off,1850.0,33.485690589344124,36.55438212136786,0.7642569754469382
off,1851.0,33.492074022427765,36.53908585178144,0.818560320707133
off,1852.0,33.4889375497388,36.53933570464374,0.08857696546686891
off,1853.0,33.48168380369168,36.5369794338727,1.076524014502604
off,1854.0,33.47588323200741,36.53117361681608,0.5789819313209665
off,1855.0,33.468376661312575,36.527188776399015,1.0066257710553324
off,1856.0,33.482091071445424,36.5148756061641,0.6089759520851905
off,1857.0,33.45570662384036,36.49928858178322,1.5952611531926513
off,1858.0,33.44310128616429,36.5063083110198,0.8869442411404165
off,1859.0,33.45799658865777,36.50387360653971,1.4867982494433658
off,1860.0,33.437228887645894,36.511276177790535,1.4224348690420916
off,1861.0,33.429497977184475,36.518722367236066,0.75134934793774
off,1862.0,33.43021689421327,36.52298742425172,0.7381663856856351
off,1863.0,33.437236056519865,36.52955963793868,0.7335875891329804
off,1864.0,33.45285989628069,36.52221113835411,1.0242174613524486
off,1865.0,33.47085688278149,36.515757188802645,0.6730758221948766
off,1866.0,33.4672137110318,36.5174362524403,0.6042662723654779
off,1867.0,33.46854918124132,36.52498261514603,1.2527929691485427
off,1868.0,33.46869650587108,36.5304835214236,1.1350463263839978
off,1869.0,33.47255478120143,36.530034056168375,1.157658881350264
off,1870.0,33.48734283765888,36.5374829906438,0.9267207229052524
off,1871.0,33.49775035331972,36.53606025951131,0.9995852682776263
off,1872.0,33.510381413579005,36.536233239593535,1.3617518214576902
off,1873.0,33.51961891510718,36.52533085050489,1.7052656358142957
off,1874.0,33.540333666284724,36.52811034989186,1.4675028603671616
off,1875.0,33.53705860146651,36.52164686115849,1.1125933058948552
off,1876.0,33.534788244027965,36.533560722917926,1.0389644012971022
off,1877.0,33.536851551313134,36.53944524933695,1.20918143566268
off,1878.0,33.53143454248344,36.54364471582282,1.0600563684721063
off,1879.0,33.512733683493586,36.54894535129474,1.4516810551242048
off,1880.0,33.537825049892504,36.54532128822061,0.9507607157932119
off,1881.0,33.56149181009476,36.53783104204834,0.6056006909106272
off,1882.0,33.56511716260535,36.526071546455185,0.6968845695931682
off,1883.0,33.55182196504144,36.52956437911722,0.7852195325960689
off,1884.0,33.55001629655367,36.52646540875504,1.437988179311482
off,1885.0,33.548540157441124,36.518726757798085,0.7755002425738765
off,1886.0,33.557748412570426,36.5134674995151,0.8728806990770482
off,1887.0,33.565513249669934,36.52249128162356,0.7057593596675769
off,1888.0,33.557828079215646,36.53748423196368,0.5126557841860492
off,1889.0,33.557969526704305,36.53399821993772,1.3657378747216633
off,1890.0,33.56003459212079,36.535349291904325,1.1697894831982696
off,1891.0,33.589718749300964,36.5336704494729,0.3270110071265202
off,1892.0,33.58346086011037,36.52896224911613,1.2401693843343207
off,1893.0,33.581481604924264,36.526569762006964,1.403422512548043
off,1894.0,33.57809136133199,36.52738891999475,0.9443255541496456
off,1895.0,33.565356784966575,36.526846969267645,0.9328935999350654
off,1896.0,33.580842714290306,36.523404775612086,1.3615481588892888
off,1897.0,33.57579143913069,36.518068301132594,1.5853541381130878
off,1898.0,33.57990759877051,36.51698628779573,1.2622378700382804
off,1899.0,33.59628636321312,36.52012410713189,1.4630366058131385
off,1900.0,33.60764400118406,36.51518710812393,1.0750707653816391
off,1901.0,33.60785105568958,36.520614353428726,0.9268618420254153
off,1902.0,33.6150838654632,36.53165561684818,0.8064679668708986
off,1903.0,33.617527573223164,36.529493590529704,1.4063918750389948
off,1904.0,33.61230003539201,36.54107416321326,0.7992801808568188
off,1905.0,33.60039817032068,36.54725746367911,0.6427162263664783
off,1906.0,33.58726954476864,36.53807563689703,1.3070430265686461
off,1907.0,33.5959280803761,36.54065624129396,1.3422355879087489
off,1908.0,33.587749600517995,36.54568059435785,0.9857686382994353
off,1909.0,33.596321609172925,36.55367806688087,1.570408421210484
off,1910.0,33.59250856404043,36.56265036732212,1.931853582733564
off,1911.0,33.59839852242909,36.55465052187067,1.0274458514883185
off,1912.0,33.59742491387281,36.547574010745905,1.699330211174127
off,1913.0,33.60210407093006,36.536266081426575,0.8402388520231125
off,1914.0,33.60233181670512,36.544481262331445,1.6667512147407577
off,1915.0,33.60905592576765,36.55060025884849,1.1942675365114632
off,1916.0,33.63798652196471,36.54498545193082,0.9281215177328046
off,1917.0,33.63898603384213,36.541640779356996,0.4921756449363921
off,1918.0,33.62634227651885,36.54815117023322,0.4854373556882855
off,1919.0,33.61545043988634,36.55419473975764,1.0682128271095508
off,1920.0,33.62151183975599,36.55594113803385,0.9269899648690547
off,1921.0,33.60416106434648,36.5564770675354,1.2739445751167797
off,1922.0,33.60800872342092,36.55642546578391,0.8707517997167933
off,1923.0,33.613732202602755,36.55079968536078,1.4536591137177137
off,1924.0,33.608114130803706,36.545678197688694,1.109299869673707
off,1925.0,33.610242730105334,36.553655203336106,0.8024349571485148
off,1926.0,33.60563603081871,36.558178973881034,0.804661767816287
off,1927.0,33.58293628060527,36.564554402349636,0.9586504440186454
off,1928.0,33.595383921641506,36.56573924233501,0.9635153922579982
off,1929.0,33.59461879822509,36.56346524083632,1.2030327478487675
off,1930.0,33.60369004917146,36.55882112594339,1.6234919700225523
off,1931.0,33.598065588305076,36.56817059977714,2.0671931412867206
off,1932.0,33.59177974265539,36.562268813187465,1.5677275580131211
off,1933.0,33.5922378451305,36.559731098380276,0.9890369029178353
off,1934.0,33.60030839973349,36.550494672715224,1.7280552351059897
off,1935.0,33.60919841596103,36.546783739919185,1.6422007350475973
off,1936.0,33.60371764337039,36.54798143578061,1.8518847983239284
off,1937.0,33.6049582374108,36.544936265323514,1.242529314435194
off,1938.0,33.60555152071804,36.54164673238492,1.6293301220095924
off,1939.0,33.61198962115945,36.5419134632747,1.024875021519957
off,1940.0,33.61389266632153,36.543188511278466,1.7335267189938013
off,1941.0,33.62300875447715,36.53943922619562,1.1987955365303717
off,1942.0,33.63458488327808,36.537882857410615,1.5695856118557616
off,1943.0,33.64588083557373,36.533481533626876,1.3892937305375388
off,1944.0,33.63855419842077,36.530877077913146,1.0080969010369998
off,1945.0,33.637887092081115,36.536238219271155,1.46529616170749
off,1946.0,33.63819044921367,36.544761001589954,1.1781619038788183
off,1947.0,33.64863229765363,36.54404962174887,0.8634002139056123
off,1948.0,33.67018403854122,36.54676388164841,0.8146272720539431
off,1949.0,33.68038171500221,36.554350328617446,1.1795222769695854
off,1950.0,33.67966991983181,36.55596856125892,1.1225938202442274
off,1951.0,33.68301896264073,36.54946926310552,1.045761484481161
off,1952.0,33.69056709264731,36.546874992902126,0.4575692402530881
off,1953.0,33.67802290899888,36.54509658345383,1.1242391897732125
off,1954.0,33.66259884167765,36.546284692026276,1.2989458318239855
off,1955.0,33.65858660855663,36.539732083720196,0.6287507475835223
off,1956.0,33.65305556262375,36.54519310953576,0.6460043466365882
off,1957.0,33.648794283109666,36.54591229239291,1.086485227168031
off,1958.0,33.622846736277786,36.54773034113194,1.4066984508718616
off,1959.0,33.616522315578266,36.54990029232822,1.5308740356806596
off,1960.0,33.60289325364975,36.545045651503834,1.5705450224907238
off,1961.0,33.60959303135621,36.55193295842265,1.4267424195470642
off,1962.0,33.60479042549957,36.56266260441896,1.189248444663248
off,1963.0,33.60293276558932,36.560118501257044,0.7681604103431797
off,1964.0,33.59486184995626,36.556496213550346,0.7560933869449126
off,1965.0,33.58095589851712,36.559072764679925,0.8879345153719242
off,1966.0,33.56192848434615,36.5490611166345,1.079975955990955
off,1967.0,33.54968972289057,36.53674477774944,1.3742921491112967
off,1968.0,33.54065609925635,36.5325364000546,0.7220095203743593
off,1969.0,33.530617939926955,36.53756053260696,1.052885353248596
off,1970.0,33.51422863490005,36.54400713859717,0.8652871949468284
off,1971.0,33.50262417343171,36.54211311156197,1.2007541648444342
off,1972.0,33.4966521104265,36.5368426543159,0.9325258319045243
off,1973.0,33.490911564485096,36.544874974645445,0.8605017380199651
off,1974.0,33.4864363803689,36.54895351467969,0.2552911687848896
off,1975.0,33.494167573758226,36.546113790587754,1.1305895389822336
off,1976.0,33.51373760408988,36.53900587789195,1.2771995087612553
off,1977.0,33.51746225391901,36.53067064100061,1.1633231475361323
off,1978.0,33.50607127174533,36.52071674603435,1.0091278149178728
off,1979.0,33.509957000946144,36.5232802118061,0.43912405318603476
off,1980.0,33.51243361491083,36.53775168084818,0.8677326442251136
off,1981.0,33.502610214702315,36.54437580574996,1.3129641468739712
off,1982.0,33.510719248687664,36.54997053464668,0.9530531078655762
off,1983.0,33.512207473886534,36.554034240981494,0.9677746626804947
off,1984.0,33.519051899413796,36.5472179505938,0.7902028582144808
off,1985.0,33.52505834947983,36.54061488900304,1.4622363943317693
off,1986.0,33.541217415759135,36.53417320725755,1.0140787779592506
off,1987.0,33.55746028884843,36.53401736345108,0.7596041798901727
off,1988.0,33.550902296380855,36.528533393377046,0.23411194419898748
off,1989.0,33.54543032901514,36.52613324855818,0.9567268276266383
off,1990.0,33.51526102196018,36.52916893980025,0.9087844303970065
off,1991.0,33.50656119727836,36.529764177586614,1.0752200950266413
off,1992.0,33.50280361134001,36.52433976298963,1.3778819303672936
off,1993.0,33.49507914273943,36.51660513975025,1.396143570264526
off,1994.0,33.488213998269515,36.51471365746365,1.568861528214055
off,1995.0,33.490494499068014,36.50828841466933,0.8803026257538658
off,1996.0,33.509653204645,36.50581354832694,1.3440253115709162
off,1997.0,33.51456929149778,36.513913919459235,0.3881025507458769
off,1998.0,33.52041408485606,36.51224413829347,0.45867825336695756
off,1999.0,33.52704692084691,36.51038920826425,0.27846721786587686
off,2000.0,33.51487796717826,36.52047431276086,0.6629957224368876
edge,1.0,34.5868452419867,36.36610661229343,9.481399372191657
edge,2.0,34.77195039928323,36.377902215365566,8.50629944501527
edge,3.0,34.84953620997609,36.382606369818284,8.475877206109626
edge,4.0,34.89657650046281,36.38265388029919,8.465854834370234
edge,5.0,34.935109262431766,36.384537354836915,8.349873417929059
edge,6.0,34.959509570433696,36.38561013624593,8.660673287889411
edge,7.0,35.0156625625795,36.38277009359121,10.231642152211784
edge,8.0,35.04116022850658,36.37399682688953,10.112991916036815
edge,9.0,35.05891255707038,36.369915536791176,10.475997439969104
edge,10.0,35.07816767864633,36.37026763997233,9.987833175359064
edge,11.0,35.10451594243067,36.36885636798797,10.5757603283165
edge,12.0,35.10306073990002,36.36539109574828,11.06201758943184
edge,13.0,35.1322398930125,36.36477137211892,10.6205004275491
edge,14.0,35.14052950714006,36.36421923392907,10.445526830139853
edge,15.0,35.12654186224357,36.358342764393555,10.80781114880222
edge,16.0,35.10595956095821,36.35726765419473,11.332084114477682
edge,17.0,35.1048385931813,36.35126042497716,11.194287651060343
edge,18.0,35.11374326063386,36.33888339998737,11.43534786472675
edge,19.0,35.11833835130714,36.33511807782116,11.768489845033788
edge,20.0,35.103159392640194,36.33520107677694,11.24521537815596
edge,21.0,35.08237431367209,36.35337638807672,11.54915972606593
edge,22.0,35.079758605974575,36.35934603930795,11.549869784182345
edge,23.0,35.072266417875284,36.35783382384145,11.789731695527337
edge,24.0,35.07001317425024,36.354296048277405,11.712690786101888
edge,25.0,35.060508039565,36.355614643647584,11.616352880173693
edge,26.0,35.05589731226296,36.3615054474534,11.907511711073296
edge,27.0,35.04619489806791,36.358683086253336,11.673350632292108
edge,28.0,35.03487483060615,36.35738953526558,11.970404719457465
edge,29.0,35.04573940145982,36.360067797614924,11.778390512286997
edge,30.0,35.04630398634605,36.366438957897344,11.415602305306281
edge,31.0,35.016932057261585,36.371112132310444,10.767955868638637
edge,32.0,35.00743132171872,36.36737773505073,10.04563574974547
edge,33.0,35.00157158015397,36.37140227632984,10.453228496738788
edge,34.0,35.007213754986935,36.37575609697583,10.179179205339143
edge,35.0,34.99697560229381,36.3740331153525,9.637429817237429
edge,36.0,34.98087891113441,36.37498524952464,9.59675933076376
edge,37.0,34.97372676562661,36.37849218737,9.704038678677612
edge,38.0,34.965745970050634,36.370635500779585,9.683284628786124
edge,39.0,34.97879632940618,36.36965681305959,9.295977432145335
edge,40.0,34.95944653451273,36.37437252955638,9.597356056594531
edge,41.0,34.94624439532493,36.373726876711075,9.620151076897079
edge,42.0,34.94647319979861,36.37486984099143,9.598913820664787
edge,43.0,34.94626721708674,36.37738582804826,9.215246197792716
edge,44.0,34.940500757770224,36.379809825128966,9.113691071413442
edge,45.0,34.940458030664566,36.3911793350044,8.879617385662932
edge,46.0,34.923928770581696,36.39249301941181,8.969143276016322
edge,47.0,34.91098708961687,36.39706235577775,9.142736339156933
edge,48.0,34.93616161917544,36.390322883852825,9.02905397583267
edge,49.0,34.94627066691471,36.3925121198008,9.1775728369472
edge,50.0,34.97018859740888,36.39624379820023,8.556933876127912
edge,51.0,34.9550774196994,36.39078855251383,8.10309215168946
edge,52.0,34.92725915321146,36.39567969213721,8.646481995621967
edge,53.0,34.91460877692187,36.398317343339066,8.601421933812146
edge,54.0,34.89511675464447,36.399842303524494,8.491308119314077
edge,55.0,34.893624867473186,36.39563994658178,8.201642573360889
edge,56.0,34.90703912385814,36.3921757805614,7.988733931281767
edge,57.0,34.90262952711247,36.395625193839585,8.268438676382917
edge,58.0,34.91324483149605,36.39633129047187,8.210098241717134
edge,59.0,34.91046017292359,36.38887697472315,8.150739430339488
edge,60.0,34.9050779793489,36.38756828788207,7.968110259814722
edge,61.0,34.899435639851276,36.39043476530804,7.864006559698124
edge,62.0,34.90400187509826,36.37893537567956,7.69081668716661
edge,63.0,34.90179962624693,36.379881398751316,7.6435290756915775
edge,64.0,34.887497088840114,36.38108499303645,7.206252045343833
edge,65.0,34.86103674683335,36.382433786809024,7.141263115359767
edge,66.0,34.8451895389267,36.377867794905185,6.802794889823933
edge,67.0,34.824831346816445,36.369690382182256,6.774821445345362
edge,68.0,34.82728638771641,36.371997419442245,7.352134873410858
edge,69.0,34.82986673772646,36.38235437427628,7.558023530772506
edge,70.0,34.843448924649046,36.37862158828088,7.452055156675774
edge,71.0,34.858498692928485,36.37532929351825,7.279980526792867
edge,72.0,34.87745774902342,36.368187097268134,7.731949269636816
edge,73.0,34.8953776386882,36.37241751254813,7.508260283924944
edge,74.0,34.90099274533075,36.37897630730754,7.779005334666789
edge,75.0,34.89305065919327,36.378015084464415,7.211497539796365
edge,76.0,34.89928217437932,36.37034583498819,6.80971148044441
edge,77.0,34.90384892676214,36.371654353093184,7.2751156170284705
edge,78.0,34.89037201533654,36.38067750050353,7.070419715811145
edge,79.0,34.88881332055813,36.38625984878506,7.117885474866719
edge,80.0,34.86890422484004,36.382284643838005,7.0950790117653035
edge,81.0,34.872459912867804,36.37518805447132,7.670362626393022
edge,82.0,34.887496308841556,36.3769648307428,7.316684132199225
edge,83.0,34.88180078333714,36.372996729323894,7.494033951199145
edge,84.0,34.877231013027824,36.37324444174877,7.126794498096268
edge,85.0,34.878113899859464,36.37235582602586,7.057885135381306
edge,86.0,34.87539844746607,36.37422408920342,7.44140401179593
edge,87.0,34.87832736953208,36.369111801955945,7.728728454325351
edge,88.0,34.89229871025008,36.37039805293281,7.538777116829761
edge,89.0,34.90513307402718,36.369893752077814,7.519034290883037
edge,90.0,34.91716474324182,36.37474755020229,7.586310326583723
edge,91.0,34.91974875971583,36.37619784846983,7.153988280737833
edge,92.0,34.912956120466994,36.37748297375251,7.237589497503045
edge,93.0,34.91378834695783,36.369702001341835,7.244344004938666
edge,94.0,34.90796721192339,36.37364588607154,7.178293199407548
edge,95.0,34.900447627966386,36.37845872870684,7.573845858659187
edge,96.0,34.92482703411605,36.37521836905592,8.239119066544774
edge,97.0,34.93337122434253,36.37441115808353,8.221926357050226
edge,98.0,34.93171740162431,36.370744268844426,7.796667801494529
edge,99.0,34.93051281871598,36.371005794819006,7.872779451144326
edge,100.0,34.94358649635778,36.370375097064304,7.561051797100438
edge,101.0,34.96223879281459,36.36654891614319,7.36946921695788
edge,102.0,34.95012827657134,36.37093520633406,7.276163496869451
edge,103.0,34.93539184103108,36.36469795471199,7.921341841697057
edge,104.0,34.94243737588836,36.364845956098605,7.897270801723009
edge,105.0,34.951766013837755,36.36635338479788,7.309905394953617
edge,106.0,34.964604970772726,36.363703847236984,7.057761210378051
edge,107.0,34.9692204761001,36.37069302250131,7.245877040062188
edge,108.0,34.9678800798639,36.379422792687,6.890787344592029
edge,109.0,34.94823540128737,36.37188561444447,6.58683990671668
edge,110.0,34.9122557340864,36.36696664158224,6.874801856892835
edge,111.0,34.89565284561603,36.372685139964446,6.81366792145054
edge,112.0,34.89926550190774,36.37371294770728,6.857248747086352
edge,113.0,34.902794653097196,36.38019447872588,8.121995390159503
edge,114.0,34.8937679259075,36.3888133317457,8.567937262473166
edge,115.0,34.90104442098786,36.39338724318446,7.910674888574725
edge,116.0,34.924866387167285,36.389997804656694,8.347616232995733
edge,117.0,34.94426667744433,36.39165554761567,7.875761901477835
edge,118.0,34.96244131737941,36.39330008209733,8.040159060495377
edge,119.0,34.96245898400026,36.394125361023185,8.344535433284447
edge,120.0,34.92854611149935,36.388337506500044,7.985711654570924
edge,121.0,34.91518747394445,36.393614519511964,7.195663048691335
edge,122.0,34.90024531659548,36.40641469001298,7.141869629404731
edge,123.0,34.903296171877294,36.40508347850085,7.24757969731578
edge,124.0,34.90292684323896,36.397846733898916,6.979121905961602
edge,125.0,34.90076463761535,36.39320150925325,7.58993378634797
edge,126.0,34.89490223995777,36.38534057522358,7.28854199483834
edge,127.0,34.92002826083355,36.3868517645293,7.055921790605302
edge,128.0,34.88464142873695,36.381795741585194,7.282971457260704
edge,129.0,34.874405172677164,36.37729837200493,7.153451240083079
edge,130.0,34.89447157914216,36.370313224024585,7.285522851753476
edge,131.0,34.89337223594704,36.37165180457394,8.051684103398179
edge,132.0,34.91360737574781,36.37331723866097,9.04924110525375
edge,133.0,34.93566007369783,36.37599431554844,7.4807511080880875
edge,134.0,34.93332838505251,36.37990145543303,8.146706372459834
edge,135.0,34.94966747920147,36.380989244055804,8.57662228437328
edge,136.0,34.95268689123809,36.3869999750642,8.062816262285779
edge,137.0,34.960525192194375,36.39013055690756,9.123113945422151
edge,138.0,34.973341185724664,36.38992293177002,7.684235903168506
edge,139.0,34.98654537131084,36.38280723159121,8.79011112333952
edge,140.0,34.9882041848455,36.3843058757844,9.278889521674326
edge,141.0,35.01222589539024,36.38915143479213,9.861560813043681
edge,142.0,35.039943825807214,36.388316441234046,9.427309775559007
edge,143.0,35.059507329124386,36.39453965688436,8.544995729425342
edge,144.0,35.05655981806923,36.39701426793171,9.181518340037185
edge,145.0,35.05676260478132,36.393509916233775,9.823472822815805
edge,146.0,35.060436574049696,36.39482703159027,9.476974716983666
edge,147.0,35.03021287473668,36.38699844085078,9.71692637002155
edge,148.0,35.03470008576747,36.39188974967965,10.429660267126716
edge,149.0,35.04950455127849,36.38706562671707,9.890887817267394
edge,150.0,35.046376184925236,36.3918193274893,9.901366682428549
edge,151.0,35.04655256760362,36.388237701821986,10.035971694638251
edge,152.0,35.05663361185933,36.38204989013878,9.5958466884117
edge,153.0,35.06724327967795,36.382158314831756,9.72348642212925
edge,154.0,35.11490467489448,36.374277662745236,10.170964398418853
edge,155.0,35.09950736300078,36.38083165238817,9.765517992430029
edge,156.0,35.090346750793834,36.378723115101266,10.092853571634985
edge,157.0,35.09784628568735,36.36570467395674,10.523519487442762
edge,158.0,35.0894907269905,36.37299001148966,9.827002968779036
edge,159.0,35.10735948895793,36.379731496207114,11.189210033229468
edge,160.0,35.10412152534363,36.393028922238344,10.64519093232834
edge,161.0,35.11115905229679,36.394396499831075,10.962583856118414
edge,162.0,35.12243435421349,36.39017087484106,11.222600114800635
edge,163.0,35.13740012896999,36.3903947496806,11.306782128255398
edge,164.0,35.14657704807137,36.388137588464936,11.370161121064456
edge,165.0,35.145449325142195,36.38821698333046,11.432851245259066
edge,166.0,35.14336016239129,36.394584765786966,11.667234318674574
edge,167.0,35.13395076520701,36.4014327127147,11.21930215452805
edge,168.0,35.107886581719896,36.39567405620005,11.746767662158613
edge,169.0,35.10629263554513,36.39312476529457,11.474158244078822
edge,170.0,35.09755508626899,36.38809316004572,11.710589664406504
edge,171.0,35.096336167296286,36.39178024389466,11.55782633576731
edge,172.0,35.10347859227383,36.39498839073252,11.512279968724043
edge,173.0,35.10147325838765,36.39336696607167,12.092881897349859
edge,174.0,35.11527027343209,36.38683270235988,12.194403375591396
edge,175.0,35.11856166802558,36.38878214924402,12.278772848710199
edge,176.0,35.12498080608077,36.38158494492873,11.553385132281553
edge,177.0,35.12635802637843,36.38310567229844,11.197037778384399
edge,178.0,35.11920617664571,36.383559259912936,11.63411622634796
edge,179.0,35.10185502989192,36.38004586365164,11.581011334231233
edge,180.0,35.111995415408444,36.37500723498314,11.993935325884351
edge,181.0,35.12518817918094,36.367365192661865,12.267937961187723
edge,182.0,35.11903864029804,36.37289572968896,11.8941996921855
edge,183.0,35.116791672306505,36.37083600990399,11.71819062913647
edge,184.0,35.112788039320506,36.36752248713797,10.947439092016317
edge,185.0,35.10100468181869,36.36677235685177,11.61411944858471
edge,186.0,35.09793695001411,36.363087214429314,11.417002949196297
edge,187.0,35.08641068234894,36.35853584936986,11.342584688616729
edge,188.0,35.03930982155058,36.371128680127846,10.754662400446385
edge,189.0,35.03117785753304,36.374371734065335,11.027578258119055
edge,190.0,35.03023783613233,36.37166758324905,10.842981103180598
edge,191.0,35.02711031152474,36.37204282265474,10.364780776005942
edge,192.0,35.031105417031895,36.37250318993341,10.778196163986667
edge,193.0,35.029836419273686,36.3860159636083,11.290271390367337
edge,194.0,35.030198858673636,36.38778216065484,11.211368324609412
edge,195.0,35.02489677063826,36.37863656696206,10.385293910269304
edge,196.0,35.006254554846194,36.37661801237862,9.852966981571313
edge,197.0,35.00841010643169,36.35949266829956,10.360658603421498
edge,198.0,35.01634236468896,36.347709007122575,9.619442167032393
edge,199.0,34.979068414419956,36.34811981999319,9.530858434242319
edge,200.0,34.97485628650996,36.349256789302444,9.454405222099656
edge,201.0,34.96246507268486,36.3474125537512,9.068324797087396
edge,202.0,34.9385823404186,36.3518221603938,8.407067676627229
edge,203.0,34.90685018258873,36.356978275767794,8.51886598135875
edge,204.0,34.8643960329939,36.35282429966701,8.210675544621395
edge,205.0,34.84605951906745,36.34518385040328,8.439990153491728
edge,206.0,34.81714803619218,36.3388758713835,8.087993919123893
edge,207.0,34.79785919136673,36.35064834947184,8.168640311090906
edge,208.0,34.79499600074882,36.35181818816267,8.205616282932851
edge,209.0,34.75128410005802,36.36156460475342,7.922946216556018
edge,210.0,34.71927873511228,36.370330937954904,8.248309708874626
edge,211.0,34.69210265895312,36.367506198825204,7.582275075119123
edge,212.0,34.68056125386911,36.368047411631444,7.5231063232997055
edge,213.0,34.65584260358883,36.37063562087774,7.264251918182342
edge,214.0,34.636964771812046,36.37564651165574,7.682602995362327
edge,215.0,34.63680024606095,36.37021386684451,7.960173262624792
edge,216.0,34.63890051554881,36.36962966401691,7.506001853558525
edge,217.0,34.631301133686826,36.36289732390835,7.354191060700057
edge,218.0,34.60146689314467,36.35888516691545,7.162092448058852
edge,219.0,34.58054192775571,36.35575478484574,7.36684300108877
edge,220.0,34.568728299455316,36.348720381783394,7.566239666078696
edge,221.0,34.58128582774138,36.33977836394722,8.268311277429934
edge,222.0,34.60320666240322,36.34318295132267,7.814269448661781
edge,223.0,34.61138413598587,36.340826220430344,7.848068123053801
edge,224.0,34.60634513352241,36.33638016375393,7.5410933294681355
edge,225.0,34.60589828921134,36.334390381481775,7.0574997646626745
edge,226.0,34.59884343977146,36.334339100061584,7.189164763175649
edge,227.0,34.59041159521037,36.338571522332536,6.845316582466267
edge,228.0,34.586847991216224,36.34600079978606,6.979195597391677
edge,229.0,34.602995976927716,36.35114191320057,7.311046968072121
edge,230.0,34.6091874519238,36.35449504883678,6.810553748118113
edge,231.0,34.599645809404905,36.357935813122175,6.47358986799632
edge,232.0,34.58892279495793,36.36937073524511,7.177151655208705
edge,233.0,34.59230344194349,36.37920226827404,6.974572824100575
edge,234.0,34.58945655344756,36.38049541743155,7.080447596010178
edge,235.0,34.59090213236788,36.38542706102395,7.4328608744685996
edge,236.0,34.590800355395004,36.3856900166069,7.018565510871814
edge,237.0,34.59604959847998,36.38172691631063,6.954893649807988
edge,238.0,34.60023229543953,36.373517406119824,6.760008038787285
edge,239.0,34.607639398055156,36.370524413851804,6.581914979071081
edge,240.0,34.62792114594366,36.36389313645757,6.884832124942951
edge,241.0,34.64015372850135,36.36523811913211,7.033777046250291
edge,242.0,34.652107701549234,36.36711187052262,6.869446604734893
edge,243.0,34.642367431376165,36.37423753384137,6.946055592030584
edge,244.0,34.658475269719304,36.36775613539788,7.164658954485738
edge,245.0,34.676330821904266,36.3662892877993,7.010950878416859
edge,246.0,34.679935516865854,36.36603508071762,6.76076350878737
edge,247.0,34.67320732852734,36.36383089347092,6.669827574366415
edge,248.0,34.655604334056356,36.36592056263737,6.534014026772677
edge,249.0,34.64759422664482,36.36476327122194,6.771251480432811
edge,250.0,34.63986251848159,36.36763685353734,6.590504986594736
edge,251.0,34.674783722963106,36.387959010760625,7.023524911809682
edge,252.0,34.690275549392766,36.39064581942859,7.152382333662905
edge,253.0,34.70287548692276,36.394841108399476,7.049636300124494
edge,254.0,34.714588959874234,36.3984341550437,7.192097612384753
edge,255.0,34.73324183062341,36.39702260006065,7.513584275762064
edge,256.0,34.738002307873884,36.387192094887084,6.637942769841112
edge,257.0,34.726553639154716,36.37795285250951,6.4357676601944025
edge,258.0,34.7500939721355,36.37681855118655,6.499352301368921
edge,259.0,34.752655089500045,36.3780350678291,6.71339936898031
edge,260.0,34.77423510979638,36.384024036114404,6.496515179865902
edge,261.0,34.791361883227495,36.38056270941021,6.546264137446418
edge,262.0,34.78961788251438,36.378113168104456,6.67847844351285
edge,263.0,34.79970527436226,36.38373164660318,6.316977437418007
edge,264.0,34.78163660794696,36.37889827430487,6.425431046255979
edge,265.0,34.78075331165826,36.374819532806846,6.9593135800568495
edge,266.0,34.79530911579276,36.37106556557639,8.172396873953206
edge,267.0,34.82507084589878,36.365746734321256,8.286738502297005
edge,268.0,34.84874823700501,36.365523425914894,9.782765180549593
edge,269.0,34.88387489276626,36.365083911610874,8.857100139855302
edge,270.0,34.89128583607906,36.37267111111734,9.683597511793494
edge,271.0,34.926261740591364,36.37763655504094,9.193219613130937
edge,272.0,34.94867402666012,36.382684367575166,9.486765391392844
edge,273.0,34.992259741216365,36.3873173438279,9.693253258944154
edge,274.0,35.006163290047624,36.37950950913539,10.631185117994574
edge,275.0,35.017986567627666,36.3745142027276,10.796711702494115
edge,276.0,35.04315395234249,36.37227184459017,10.527692463380665
edge,277.0,35.07182905209285,36.374001463732355,11.28822450533411
edge,278.0,35.088073902932145,36.37869728036402,10.2903052270295
edge,279.0,35.114598924349266,36.37264986853543,10.820795620990364
edge,280.0,35.12960811407293,36.3705991114494,10.773777708481028
edge,281.0,35.13673188904951,36.3724992077105,10.949389941222908
edge,282.0,35.14002984603199,36.37620595348501,11.071671097910304
edge,283.0,35.1211244253597,36.37102026227526,11.211667540701196
edge,284.0,35.12525592545308,36.36837240787501,11.250357798329599
edge,285.0,35.14987189790841,36.37681583524789,11.761271123426063
edge,286.0,35.15634907751933,36.3801802241693,11.458898308576382
edge,287.0,35.16032270706264,36.38087099017516,11.987977183083078
edge,288.0,35.16161761146351,36.3836144224138,12.018311674927608
edge,289.0,35.157162070981045,36.38675991348235,12.705905204353474
edge,290.0,35.164385877820536,36.390460742081395,13.09120254339215
edge,291.0,35.177224031985354,36.394581800901115,13.318996149604029
edge,292.0,35.1767166524713,36.39072514757023,12.980880027019708
edge,293.0,35.180764462099305,36.388118153990156,12.624059050642602
edge,294.0,35.17540392775142,36.38452743987556,12.376526463627417
edge,295.0,35.170033184033784,36.38065628410867,12.885532098014101
edge,296.0,35.15872987066302,36.35897384336154,12.522682373547052
edge,297.0,35.14684782013013,36.35844731633837,12.680916422899834
edge,298.0,35.154018814401546,36.35080482067377,13.0160853869397
edge,299.0,35.16502766822462,36.35107146183565,12.44927501300478
edge,300.0,35.14808298968215,36.35911261858965,12.253098246701205
edge,301.0,35.11119887965199,36.36698670976562,12.053577969701106
edge,302.0,35.08289333785252,36.36803724580338,12.67772253274098
edge,303.0,35.06346950567272,36.36767533090958,12.855467039688577
edge,304.0,35.062350300819624,36.36597840675131,12.674676794541835
edge,305.0,35.05884521624166,36.363221273237706,12.518182202704205
edge,306.0,35.040975096351445,36.364023081157775,12.181661556315376
edge,307.0,35.03948571189821,36.369329032438465,11.73105884590737
edge,308.0,35.04948861836899,36.36107789520385,11.77777017171351
edge,309.0,35.040651969701884,36.362686892698925,11.607878315508621
edge,310.0,35.031023659164084,36.36808103186458,10.91643018148362
edge,311.0,34.9991087279942,36.371047305672676,10.8054072684717
edge,312.0,34.97475609708066,36.37090758056795,10.4026326416752
edge,313.0,34.950026827643576,36.36877961040416,10.412765800978423
edge,314.0,34.92251132226516,36.36939878644686,9.872772810289796
edge,315.0,34.905986423845114,36.361116695737614,9.578266632138398
edge,316.0,34.87957563208183,36.35412622992211,9.53234824561799
edge,317.0,34.8501272707257,36.351773035705925,9.075110680566983
edge,318.0,34.83294261219137,36.35290958747787,9.007705113639808
edge,319.0,34.82136882125062,36.35344634238981,8.674701777788044
edge,320.0,34.811974503595216,36.35401689552562,8.141099477946664
edge,321.0,34.780320091985644,36.36324786442784,8.089448932031877
edge,322.0,34.746104771481875,36.36806973526837,7.959631284994682
edge,323.0,34.726126290373635,36.35900525860748,7.7679651660854745
edge,324.0,34.710595187687595,36.3551221798897,7.926460531103119
edge,325.0,34.68239998882305,36.34965684982655,7.59652591255006
edge,326.0,34.65974200716121,36.34343430032774,7.136196126673107
edge,327.0,34.64691112903186,36.331965964886926,7.692248133043906
edge,328.0,34.627525976106874,36.34577938416041,7.549956215443724
edge,329.0,34.60813028670283,36.349125312109436,7.737151751951961
edge,330.0,34.58561772117816,36.3487546355324,7.629981024319331
edge,331.0,34.5699277635634,36.349529175256194,7.292370230996847
edge,332.0,34.568333577614425,36.35337271980747,7.53160796150072
edge,333.0,34.55166235178147,36.35612923227119,7.440395264366035
edge,334.0,34.54041664755118,36.35452367342714,6.920375548997438
edge,335.0,34.524672006193974,36.361244728457855,7.220072866571319
edge,336.0,34.520679198052974,36.366124849957764,6.800246716890008
edge,337.0,34.513642007740366,36.36378301640488,7.234545330534138
edge,338.0,34.50799636737487,36.359337038921325,7.5280049666596
edge,339.0,34.53430913800381,36.359010000294006,6.884116531764059
edge,340.0,34.528813020319525,36.36092372484007,7.092139958540454
edge,341.0,34.52139271348329,36.361025505324704,6.895465035805375
edge,342.0,34.52292208206643,36.362153904789764,6.815452989165538
edge,343.0,34.51204890307902,36.3611114668903,6.849369940581302
edge,344.0,34.50880195756065,36.36302690299596,7.074259256044357
edge,345.0,34.524707515111594,36.358837072183356,7.251597881420452
edge,346.0,34.53253904419648,36.35647266385131,6.894616484621398
edge,347.0,34.54827557043724,36.35898360953311,6.937010410475727
edge,348.0,34.55840609065545,36.3609835552899,7.023889501001387
edge,349.0,34.568065358501755,36.359131955181,6.684085507722611
edge,350.0,34.57624422386732,36.36361759280405,7.002748877478585
edge,351.0,34.569737085104485,36.36734768259373,6.829121163856279
edge,352.0,34.55813416308717,36.36272265094309,6.415849234669638
edge,353.0,34.5575528503001,36.354066467954844,6.51124620511864
edge,354.0,34.56817772194198,36.352564844748606,6.429459825487283
edge,355.0,34.577380155703445,36.35343781134138,6.249856265125865
edge,356.0,34.58249463566318,36.3557360121468,6.527373027358839
edge,357.0,34.588400362577914,36.35923835763409,6.542247799794698
edge,358.0,34.619176270801326,36.35783219083239,6.744984913484187
edge,359.0,34.62241554254203,36.35850529290692,6.292137289368919
edge,360.0,34.61947455851182,36.36475935092906,6.144161840258034
edge,361.0,34.623954704434055,36.36814930445299,6.3890022346973225
edge,362.0,34.64017869760821,36.3591974673599,6.588259104093703
edge,363.0,34.67198833446479,36.37462359930685,6.559447480470638
edge,364.0,34.68672594270428,36.378398257330396,6.873596426973027
edge,365.0,34.680682904196544,36.37780835277853,6.4101056434516845
edge,366.0,34.69493201221222,36.38752050643939,6.662720966260527
edge,367.0,34.67674882582157,36.39057938347548,6.406724304935593
edge,368.0,34.668578783535764,36.38988894981702,6.3729521153513
edge,369.0,34.68305445095333,36.394039409542565,7.103613225861578
edge,370.0,34.71907754674418,36.388187329884566,7.800562923534402
edge,371.0,34.73868533289865,36.38910053799718,7.988250637949896
edge,372.0,34.771494670824566,36.39505865718846,7.9553137535145
edge,373.0,34.79148301517228,36.39679419481223,7.725089951615578
edge,374.0,34.80065798498985,36.39431799714568,7.341722289752765
edge,375.0,34.80510836188005,36.40569559772277,6.994344349024683
edge,376.0,34.791489828884224,36.407301111604845,6.834053760689599
edge,377.0,34.79085801055397,36.40100042088115,7.645645053473261
edge,378.0,34.787797457042004,36.40247895400703,7.725587436359446
edge,379.0,34.79436427122155,36.403483838193345,7.828041723457401
edge,380.0,34.80279424388296,36.40584588400142,8.02265667175466
edge,381.0,34.81687085077912,36.409917104270434,7.939488633883883
edge,382.0,34.83713587726358,36.401122861900355,8.305784011438767
edge,383.0,34.84724963506844,36.39885196179039,9.209114891284486
edge,384.0,34.87223192244685,36.40203966444731,9.55954841698439
edge,385.0,34.91200472269575,36.40567896292895,9.061640067793423
edge,386.0,34.94488100743881,36.40392783180944,8.63575685087447
edge,387.0,34.95985118403221,36.405058313550235,8.380686253713499
edge,388.0,34.94976148277696,36.409371711816135,9.040428344398023
edge,389.0,34.955870626554685,36.40301909313366,8.90840583574045
edge,390.0,34.96472706973037,36.396947683966786,8.896959089850895
edge,391.0,34.997304128227476,36.38992777576364,8.787211169877445
edge,392.0,34.983772521117395,36.389224446689724,8.858083176410952
edge,393.0,34.984053921076104,36.39766732679021,9.450947749733983
edge,394.0,34.993399099823094,36.40580923230114,9.413342314540731
edge,395.0,35.00835195881383,36.40546714458113,10.511639581444705
edge,396.0,35.017482593892986,36.39715109793807,10.171333501886522
edge,397.0,35.03481533806432,36.391688882387314,10.46185258803032
edge,398.0,35.06122847645711,36.385835660769324,10.111676498719811
edge,399.0,35.073123189997645,36.37813557249962,11.16737426918201
edge,400.0,35.09888216936278,36.37247442297825,11.94260974912271
edge,401.0,35.13614362764395,36.3690296668256,11.028671801054397
edge,402.0,35.17289177664379,36.36053468583174,11.518593344576402
edge,403.0,35.16614840425963,36.365699574449685,11.33803383251891
edge,404.0,35.17723374340035,36.36828312730414,11.635744836715297
edge,405.0,35.17718343715231,36.36646207928984,11.492296442957667
edge,406.0,35.12459840482912,36.37580693874776,12.255693764648885
edge,407.0,35.14131917950359,36.378128406598464,12.589406054310919
edge,408.0,35.14252363115583,36.37744357694241,12.013578595392747
edge,409.0,35.16269003576822,36.37601174873992,12.987984954503297
edge,410.0,35.16388874843438,36.367512825923654,12.953335403691216
edge,411.0,35.15905313665358,36.365414398808284,12.6924043545507
edge,412.0,35.158317579500554,36.36492313137372,12.829574806678245
edge,413.0,35.15380125567375,36.361129564499606,12.381489786089396
edge,414.0,35.13603512799479,36.36113352130669,12.334551781968095
edge,415.0,35.13480530875889,36.35897420336989,12.211214250583758
edge,416.0,35.11953549808402,36.36252433436193,11.682252473317707
edge,417.0,35.10704076450839,36.37122328050273,12.055725290680169
edge,418.0,35.102861516548415,36.36534585182952,12.096840268278617
edge,419.0,35.10792968716774,36.365708983098976,12.576521963506888
edge,420.0,35.1193833734682,36.368380149967635,12.07961230440948
edge,421.0,35.14976385032834,36.36483929191384,12.615398628757767
edge,422.0,35.13036538959749,36.37053852105662,12.498369824445373
edge,423.0,35.1136671048545,36.375091711647976,12.517246786154935
edge,424.0,35.10423938020338,36.37877322556635,13.564410775654515
edge,425.0,35.11035562663817,36.37799920089773,12.83360309379714
edge,426.0,35.13284700989679,36.3756928835533,12.850888606932205
edge,427.0,35.1464238276659,36.36501566094872,13.114659923004957
edge,428.0,35.131852634149396,36.36170808940387,12.6954992191258
edge,429.0,35.11792695861201,36.36123496957151,12.292182887318312
edge,430.0,35.0967392821763,36.36413778116098,11.998006002053236
edge,431.0,35.09537795543763,36.36823549542555,12.059171576761957
edge,432.0,35.08280776798273,36.36920286843206,12.041894530254599
edge,433.0,35.08044883571226,36.36882883023836,11.60641189681903
edge,434.0,35.05949075558594,36.356485929553806,11.06272807308086
edge,435.0,35.024722554174446,36.36230280082659,11.38642541896831
edge,436.0,35.01294335871972,36.37058901213799,11.38473203239025
edge,437.0,34.9883390217094,36.37715780123346,11.667848739319755
edge,438.0,34.9985728142046,36.376778622165766,11.563672073768995
edge,439.0,34.97840902434352,36.36605166350553,11.585730742625678
edge,440.0,34.973990026805815,36.367449267200946,11.326923519394331
edge,441.0,34.96935703999563,36.36672557232703,11.363470519398584
edge,442.0,34.96764620127247,36.3705674737812,11.45998703525887
edge,443.0,34.97323480404743,36.37352416086089,10.711317200714397
edge,444.0,34.945572917372445,36.37117109474786,9.847628854082576
edge,445.0,34.92549379506333,36.372298195428485,9.722281548093527
edge,446.0,34.914694704709056,36.36744716732653,9.539074747522944
edge,447.0,34.89427897715587,36.36839586299677,9.001205351253883
edge,448.0,34.86124105584114,36.366665021461,8.922491876445799
edge,449.0,34.84050169504714,36.36067093589004,9.163197445272456
edge,450.0,34.82671684161881,36.3570683201681,8.474784997231048
edge,451.0,34.814353480234395,36.35488912504007,7.762564326126981
edge,452.0,34.80656228788743,36.35219435235191,8.21810511540684
edge,453.0,34.79425462907363,36.35000809079457,8.287342655121058
edge,454.0,34.77179786302837,36.35228824155124,7.528109153428289
edge,455.0,34.74834032470982,36.356268352116395,7.770154363848216
edge,456.0,34.741405182854365,36.35596575397527,8.007087104252754
edge,457.0,34.72640553199597,36.35264270967385,7.479805148651501
edge,458.0,34.7058070924199,36.345984745677725,7.378861008657465
edge,459.0,34.67643410751527,36.35279208098511,7.2313119064924924
edge,460.0,34.64690461857472,36.350897354058866,7.22289838891291
edge,461.0,34.63128020795785,36.34138861734262,6.984641841010688
edge,462.0,34.62360768010074,36.33791555356281,7.366091313777652
edge,463.0,34.61263630576629,36.34539766520979,6.799429901506581
edge,464.0,34.59991570347598,36.342135001977354,7.390260578103545
edge,465.0,34.58571186235814,36.34143593146135,7.19000935323379
edge,466.0,34.58348192715101,36.33961210609068,6.9898473702039965
edge,467.0,34.56661870166495,36.34446953157673,6.936229868517382
edge,468.0,34.54145592155518,36.358089444762015,6.590528217415779
edge,469.0,34.52464234206828,36.356052274137845,6.761534780032235
edge,470.0,34.5058879514077,36.357584090405986,6.847807202444596
edge,471.0,34.516574191123155,36.35498514670152,6.77765805760701
edge,472.0,34.539287351707515,36.355148996397816,6.659990763282776
edge,473.0,34.55311132305239,36.3543306430052,6.38544854349535
edge,474.0,34.564456148482364,36.35283507514375,6.87169901423251
edge,475.0,34.55363192678522,36.35212906177836,6.752169705989424
edge,476.0,34.56433477224567,36.35626322788191,7.2273111051145
edge,477.0,34.56129482269508,36.36144709620427,6.674204038421729
edge,478.0,34.55812490996228,36.361986351468,6.408037484235033
edge,479.0,34.5629429321457,36.36096553260047,6.40436565777455
edge,480.0,34.57710449671418,36.35640012631492,6.854475624582506
edge,481.0,34.589136562914575,36.36085217173383,6.542446333882732
edge,482.0,34.59590173459115,36.36345276844902,6.487178115666304
edge,483.0,34.6019871839192,36.368047769796895,6.31339297447911
edge,484.0,34.59039706585179,36.370851838116586,6.193631942352886
edge,485.0,34.582523012480245,36.377958077920475,6.200864469038679
edge,486.0,34.59531494461391,36.37881626669673,6.4240727583009285
edge,487.0,34.58746350235618,36.37414992041895,6.718376420781745
edge,488.0,34.598652403278685,36.375741142392876,6.647729624447251
edge,489.0,34.59508819788002,36.37528922961206,6.277046454021569
edge,490.0,34.59637977550006,36.37785808947229,6.276301711556173
edge,491.0,34.59565038323545,36.372026934471414,6.2930904944613015
edge,492.0,34.60657885031587,36.3717045357564,6.773928450990081
edge,493.0,34.59781946871196,36.37330103937801,6.165608157172587
edge,494.0,34.60108216553562,36.381504087218914,5.854138520410196
edge,495.0,34.60153051314788,36.381013145964026,6.463877766835279
edge,496.0,34.594478601255176,36.381442796299446,6.369953144758936
edge,497.0,34.601833752227215,36.38140372104332,6.406151014101333
edge,498.0,34.63345123483282,36.388458590903404,6.975276389939516
