traj_id,time,x1,x2,amoc_strength,label
1,1.0,34.666950579926564,36.35579305485691,10.151681159414188,on
1,2.0,34.74921616011489,36.36034866790919,9.716337577075379,on
1,3.0,34.83156418237487,36.38182526149075,9.262030701181917,on
1,4.0,34.90514887826841,36.38058237255235,8.743326898735255,on
1,5.0,34.93821425545173,36.36300653610158,8.551238234800401,on
1,6.0,34.965365607450515,36.358672682228026,8.641423044877827,on
1,7.0,34.987431803303245,36.36391515679266,8.896530970249758,on
1,8.0,34.997625778228446,36.357776515909954,8.776902539895719,on
1,9.0,34.99688401879922,36.35879678000773,9.227863974803366,on
1,10.0,35.01705536344425,36.3590099860103,10.184573012036854,on
1,11.0,35.05101567392848,36.35665297824848,10.05225146403765,on
1,12.0,35.05116805748122,36.35844229770886,10.033798064324001,on
1,13.0,35.047781717095276,36.357224330256706,10.498695671095245,on
1,14.0,35.068079470655114,36.35494974319268,11.07048287744436,on
1,15.0,35.09067746510132,36.35912231974066,11.174190302822051,on
1,16.0,35.1056225715175,36.367657196816346,11.12599902083793,on
1,17.0,35.090036261488926,36.369120503611526,11.058812263573063,on
1,18.0,35.08187507789526,36.381931343334635,11.8012454357157,on
1,19.0,35.09157763815608,36.376702931037435,12.207987911293785,on
1,20.0,35.096498528360456,36.374263469334444,13.12105578966027,on
1,21.0,35.12509688867008,36.370325899114114,13.903435789289283,on
1,22.0,35.15423073137404,36.35781800862175,14.277427274577803,on
1,23.0,35.156170959699196,36.36388305496475,14.028914187775962,on
1,24.0,35.17150817753925,36.356349486511284,14.261197335156249,on
1,25.0,35.17886859597397,36.34625072657015,13.910120747954503,on
1,26.0,35.1950833052517,36.34461432299451,14.222156465605865,on
1,27.0,35.17422806682509,36.36033643450653,14.233511751923736,on
1,28.0,35.170343425479345,36.360166669671244,14.82353577637066,on
1,29.0,35.15733387142582,36.36311160342009,14.85587810099403,on
1,30.0,35.148012972605976,36.36134880848835,14.365730290490307,on
1,31.0,35.14998635128593,36.36803609683994,13.890065430883336,on
1,32.0,35.13611515505427,36.36835614537875,13.584417127773627,on
1,33.0,35.126599142032745,36.36017812029408,13.553934229856047,on
1,34.0,35.09246882103592,36.36572432748723,13.225228593652911,on
1,35.0,35.07173681769065,36.370981020687886,12.84969634928137,on
1,36.0,35.05112981435644,36.37255035612087,12.505790917346577,on
1,37.0,35.042093887481975,36.37392028631283,13.507964732273754,on
1,38.0,35.04430530520068,36.381368307747586,13.257130652099578,on
1,39.0,35.06635832039061,36.38633991911984,12.095362394159476,on
1,40.0,35.085420390110784,36.3820425214959,12.458201082866399,on
1,41.0,35.084795766568156,36.3951925287535,12.221463007891465,on
1,42.0,35.07303114686088,36.39576255499963,11.924946147665235,on
1,43.0,35.08015265187166,36.3887390664644,11.789964586931454,on
1,44.0,35.06372016647383,36.38151952456121,11.722807404249787,on
1,45.0,35.07341647616346,36.37495798610245,11.884508928964738,on
1,46.0,35.08289952650269,36.37755497702666,12.133258321349627,on
1,47.0,35.09162462204005,36.37623277294619,11.355208115511086,on
1,48.0,35.11585011300569,36.377066353396174,11.483885142388386,on
1,49.0,35.105992722915694,36.38089154541798,11.996799020393272,on
1,50.0,35.105251879548284,36.3758902823097,11.813457580411114,on
1,51.0,35.091749266450016,36.369004177906696,11.891887673233342,on
1,52.0,35.081363632884084,36.37227508133742,11.512032841993394,on
1,53.0,35.07191770085209,36.374499153911266,12.689014668727356,on
1,54.0,35.11685862652214,36.36630268717583,13.289127439510324,on
1,55.0,35.13094097507735,36.36447673959861,12.813696905742397,on
1,56.0,35.12737237455169,36.36755830370879,13.649919709720669,on
1,57.0,35.127957288587474,36.369329632093255,13.10520805706101,on
1,58.0,35.124800249106634,36.366332702965934,13.214972864008782,on
1,59.0,35.1415776308995,36.360450024312456,12.84300008037684,on
1,60.0,35.12301081987453,36.34595484473932,13.144651096695606,on
1,61.0,35.11145478283075,36.33990639623207,13.716924311230596,on
1,62.0,35.11933086102021,36.34072842161763,14.14860129558133,on
1,63.0,35.11594630505867,36.34641983134368,14.455840786445751,on
1,64.0,35.12851897427504,36.35211121707654,14.435158686412915,on
1,65.0,35.16086374091224,36.342737702750824,14.171855212077084,on
1,66.0,35.17881344186922,36.32988837164774,13.329149175449848,on
1,67.0,35.18597063214108,36.33661036425873,13.24111541377315,on
1,68.0,35.1663540734647,36.34194517016854,13.534995745085162,on
1,69.0,35.150697052339865,36.35962840990452,13.899894977782587,on
1,70.0,35.140898041963226,36.36268269021975,14.36329003741839,on
1,71.0,35.15125640338012,36.35517188220417,14.65328847448009,on
1,72.0,35.14938204248367,36.349604742872245,14.815502512993314,on
1,73.0,35.15374758111594,36.34472462891741,15.290605860651096,on
1,74.0,35.170254825776304,36.33315733297591,14.608867567387492,on
1,75.0,35.1931148919695,36.33282419539672,14.947984560528393,on
1,76.0,35.19214305104162,36.33435872141278,14.661933466775858,on
1,77.0,35.19977067104253,36.33470354193504,14.492281363763468,on
1,78.0,35.18857079769646,36.336517087902806,14.501172997943605,on
1,79.0,35.18445659060336,36.33722013363056,15.221930169357083,on
1,80.0,35.19422915510743,36.32886116778518,14.525220811601312,on
1,81.0,35.19479224776561,36.32161995076552,13.740862947487642,on
1,82.0,35.172294179717134,36.32419701315724,14.58336730277492,on
1,83.0,35.1718788746778,36.33194152554609,14.497084012585528,on
1,84.0,35.180356254195246,36.33219150710459,14.950597242414926,on
1,85.0,35.16222578403348,36.340455668538524,15.98494878340546,on
1,86.0,35.14461553188904,36.349153138022395,15.58572381533156,on
1,87.0,35.15768147224952,36.344673067524354,16.13472052529169,on
1,88.0,35.17689237662824,36.338307364870325,16.93057009226389,on
1,89.0,35.194047321661394,36.343635845849974,17.22233708341802,on
1,90.0,35.20888886963853,36.35145937648607,17.0887586576142,on
1,91.0,35.23312069955785,36.35050338104459,17.798424767449617,on
1,92.0,35.245270744241054,36.35538878351054,16.1862170792822,on
1,93.0,35.2354025349378,36.35728087209628,16.143636836638137,on
1,94.0,35.22548765817489,36.35286300344982,17.417365724654047,on
1,95.0,35.241334292280065,36.34988090649887,16.74568911188949,on
1,96.0,35.23240917242545,36.354486057134615,16.73079446227583,on
1,97.0,35.23054115019628,36.34593456879299,17.84132822358113,on
1,98.0,35.21859552356441,36.346424843015,18.58691870238646,on
1,99.0,35.212243789618235,36.34304597303764,19.43384198539478,on
1,100.0,35.235438671020255,36.33968135699694,19.18177004928681,on
1,101.0,35.22805722501988,36.339336628059485,18.66210489850093,on
1,102.0,35.24420323392116,36.342670672272,17.020368478497442,on
1,103.0,35.248872696401996,36.33414670322279,16.491185211661744,on
1,104.0,35.22320255166629,36.32877558748202,16.297491424077897,on
1,105.0,35.195348458384494,36.33407959830465,16.682875300595022,on
1,106.0,35.194716489479156,36.32711723060007,16.711535780949916,on
1,107.0,35.20378521329213,36.315141625888316,16.87104129868492,on
1,108.0,35.20456793462357,36.31717553626096,16.707584690603113,on
1,109.0,35.206070932038024,36.30891941493357,17.300980201067663,on
1,110.0,35.21786263142881,36.301306238341276,19.374946371708837,on
1,111.0,35.21017201244158,36.294832294219624,18.718177924948144,on
1,112.0,35.217091140338475,36.30650502074316,18.18565120281628,on
1,113.0,35.2440271635514,36.305409685200715,16.453831872147113,on
1,114.0,35.224018405736494,36.304222473668496,16.547209493922345,on
1,115.0,35.220183401489216,36.30334452099381,16.795320860836178,on
1,116.0,35.20960980512214,36.30124895360877,17.48060525632362,on
1,117.0,35.195806182731516,36.30599200729953,15.819314218205712,on
1,118.0,35.16448126387744,36.30713156158164,16.25319883717405,on
1,119.0,35.174393677725945,36.316569975494836,16.417426315530278,on
1,120.0,35.18123178518273,36.31789828753439,16.12453971965386,on
1,121.0,35.197521787552745,36.31315811329961,16.19758373334863,on
1,122.0,35.215005861948285,36.3066752160968,16.339370754166662,on
1,123.0,35.22458791531044,36.30569096435298,15.92959928196812,on
1,124.0,35.240060074802486,36.30219126802426,16.692141261711868,on
1,125.0,35.24549600357801,36.29244647897105,17.098389677008228,on
1,126.0,35.231824484625854,36.28607349041888,17.40986282903244,on
1,127.0,35.2323036424356,36.29137812384927,15.834589442539178,on
1,128.0,35.212557698133224,36.297715883761896,16.454338586701635,on
1,129.0,35.1846720656375,36.2989291575914,16.76273502043604,on
1,130.0,35.20457339527397,36.30253061227579,16.65487489646443,on
1,131.0,35.21442696743159,36.29501792384426,16.900784947950775,on
1,132.0,35.213658133926536,36.29179951343038,16.716926178666462,on
1,133.0,35.22341935134802,36.298496939626226,16.57233687410794,on
1,134.0,35.22793502289184,36.30103496001464,16.12928722869971,on
1,135.0,35.211596574225716,36.29656313932788,16.980884300923044,on
1,136.0,35.23400426048384,36.29773422297321,17.13629142153634,on
1,137.0,35.22510381847897,36.301277254363086,17.948001959039033,on
1,138.0,35.209905598057325,36.29945443666485,19.363162898427262,on
1,139.0,35.217901463960466,36.3023550958376,17.680302660043274,on
1,140.0,35.223029701260856,36.29677336168104,17.282070002953947,on
1,141.0,35.239737313884184,36.305210143962434,17.010222396195516,on
1,142.0,35.24493155333163,36.313712898431916,16.247470834232885,on
1,143.0,35.24296409618795,36.309915887359615,16.137593403589364,on
1,144.0,35.26695335971342,36.30474861596356,15.85925886172685,on
1,145.0,35.24214272062751,36.30473014977404,16.05915379862056,on
1,146.0,35.22201365326315,36.30249842909538,17.683792016539737,on
1,147.0,35.218948655674744,36.29695843022254,18.03284302793056,on
1,148.0,35.216247748261154,36.29697809189023,19.198066892649496,on
1,149.0,35.23176378325813,36.29154685090127,19.035629418114087,on
1,150.0,35.249060054650286,36.2957954557204,16.916202346795316,on
1,151.0,35.21947523167234,36.29210653006216,16.771148015210535,on
1,152.0,35.19296910349841,36.29151130720282,17.887299272013635,on
1,153.0,35.19399103295565,36.28835804770641,16.885943900617864,on
1,154.0,35.16303571741442,36.27707503969529,18.37998319661405,on
1,155.0,35.175510968463115,36.26002753252165,18.732986380732953,on
1,156.0,35.180031093501654,36.262706192443304,18.725800956709,on
1,157.0,35.18704288671036,36.263788256855214,19.59399993799915,on
1,158.0,35.20010662480987,36.2462151674883,18.598450534276964,on
1,159.0,35.21149406886608,36.239368474804955,17.3798681904632,on
1,160.0,35.2021991117527,36.243748005984365,17.974019113909527,on
1,161.0,35.21373470469985,36.25159431214383,17.911997001402955,on
1,162.0,35.20020790526011,36.250828102043606,18.38209981836301,on
1,163.0,35.20405189348772,36.25222598817021,18.268664723474117,on
1,164.0,35.194789265934865,36.27000775021706,18.143357321794262,on
1,165.0,35.21422688741298,36.26483981934671,17.661735923594236,on
1,166.0,35.200353237473784,36.26362739666479,15.937374347086005,on
1,167.0,35.169320321724506,36.26499229609529,17.35520924820891,on
1,168.0,35.16303370144999,36.26597249018149,19.542839333081922,on
1,169.0,35.16006330334038,36.26485396495988,18.56786125954339,on
1,170.0,35.16396961618657,36.26517204106346,18.747301150767974,on
1,171.0,35.16544645657875,36.2675028617937,17.939900047752573,on
1,172.0,35.17820450181439,36.262773885783936,17.750401241176487,on
1,173.0,35.18998709989574,36.26959278991199,17.14951971580834,on
1,174.0,35.20128512883581,36.26902205854279,17.317857296414545,on
1,175.0,35.21582478432091,36.277153715741264,17.179479180191457,on
1,176.0,35.23556837235233,36.27335662929046,15.89461164974265,on
1,177.0,35.20924253424571,36.27739166705487,17.614365350434714,on
1,178.0,35.22700966466028,36.26807152376304,17.124936473374337,on
1,179.0,35.21476651852751,36.26292734604233,15.247511354020117,on
1,180.0,35.1846171980568,36.25110267782922,16.995285150705467,on
1,181.0,35.15917426298208,36.25806991665196,18.41273659541854,on
1,182.0,35.149870332257656,36.26981652190268,18.83896353923165,on
1,183.0,35.16841570568347,36.27172894890243,18.98675817895481,on
1,184.0,35.17361441484641,36.26740478878855,19.828640244816903,on
1,185.0,35.16930958109829,36.27675198801466,19.200129693415125,on
1,186.0,35.17704465667753,36.27954414942486,18.786644549362663,on
1,187.0,35.15151831831799,36.28150046593244,18.279883436873376,on
1,188.0,35.15559216564659,36.27854117929576,19.22430306545402,on
1,189.0,35.156586988235915,36.27938238932682,19.457932331652927,on
1,190.0,35.16873479713885,36.28453193108433,17.23222979965798,on
1,191.0,35.166695129743,36.281681866369865,17.11164213407909,on
1,192.0,35.13613345424969,36.297624498347204,17.705277311933315,on
1,193.0,35.14360831865443,36.29196946432908,16.546351555209057,on
1,194.0,35.13555051937434,36.2945310140013,16.026415321010727,on
1,195.0,35.12117953751839,36.31337121935208,17.59398794747345,on
1,196.0,35.130918643401934,36.318056458310494,17.683528251403352,on
1,197.0,35.145645987353475,36.311660056544945,17.201119422060934,on
1,198.0,35.15227165772676,36.307479489815854,16.600376774987176,on
1,199.0,35.14517402345842,36.296371105958045,16.931016511944357,on
1,200.0,35.16209305265308,36.28671690524361,16.34951921487811,on
1,201.0,35.1499743740473,36.287268433295104,16.822329504076038,on
1,202.0,35.149305574878134,36.292760421624735,17.93465494714003,on
1,203.0,35.139259400864596,36.304994975487084,18.073450242945135,on
1,204.0,35.14290952784667,36.300165753502505,16.87046316800322,on
1,205.0,35.142907766166054,36.29068932749669,16.30696655633036,on
1,206.0,35.1348149808239,36.27530288179456,16.31802034326763,on
1,207.0,35.157029249913286,36.269430507715015,15.744463602929226,on
1,208.0,35.12891510521974,36.28134850944298,15.336816487147384,on
1,209.0,35.10220211249872,36.29129150230132,15.183393596255248,on
1,210.0,35.085152454071306,36.27979315198456,16.38049659101847,on
1,211.0,35.08919947245459,36.26174523683163,15.303908778646708,on
1,212.0,35.10609222694219,36.25295152993045,16.824570098853478,on
1,213.0,35.09934545729642,36.25608842391902,15.892324262171774,on
1,214.0,35.097980768220324,36.27275705381318,16.340874201554456,on
1,215.0,35.10188471289266,36.275144897068415,15.730249793151987,on
1,216.0,35.11187522329563,36.27239647990721,15.427355047838999,on
1,217.0,35.09997454642591,36.276425357410176,16.12004598376189,on
1,218.0,35.103219422386594,36.27491010577119,17.102617059574865,on
1,219.0,35.125658730824114,36.26569329811198,15.506132936778812,on
1,220.0,35.14219132177671,36.25992729984411,15.376218732027155,on
1,221.0,35.13812928404111,36.27430494401481,15.226233637077641,on
1,222.0,35.12025247943541,36.281392910526606,15.057112639770946,on
1,223.0,35.11763882906234,36.272286229908836,15.281919058089123,on
1,224.0,35.12262127155255,36.26676622928707,15.22362408510202,on
1,225.0,35.110258306305056,36.27587974937356,15.51807908475283,on
1,226.0,35.11753022986625,36.273538889587556,15.981829870395506,on
1,227.0,35.13884029388128,36.27126201309293,16.52425920600035,on
1,228.0,35.139069350109054,36.279321350151,15.857733539618877,on
1,229.0,35.126999619533834,36.289442596551815,15.62463997581711,on
1,230.0,35.12079008091026,36.282947890845634,15.946536258000645,on
1,231.0,35.13376182548895,36.27999658090195,15.686752609305785,on
1,232.0,35.13275877990033,36.284875686678184,15.85813994334152,on
1,233.0,35.143038948589805,36.277686611492435,16.011350300620784,on
1,234.0,35.131275134794066,36.260026267262354,15.687039214349133,on
1,235.0,35.109770701831714,36.26017259607856,15.960601436948455,on
1,236.0,35.1002028228248,36.26088041543826,15.500334325430885,on
1,237.0,35.105050715082285,36.268703725508715,15.204886737657901,on
1,238.0,35.11635223906201,36.253528484372985,15.23518878075008,on
1,239.0,35.13741002145647,36.244752280892726,14.849279746813163,on
1,240.0,35.155900142971305,36.241883458728324,14.74572763457499,on
1,241.0,35.13508827242115,36.24057678007855,14.78385658225315,on
1,242.0,35.134441290679874,36.253752226801886,15.583002824461456,on
1,243.0,35.11883347751294,36.261420084532055,14.903088377466474,on
1,244.0,35.097622399666356,36.26835810109894,15.623256663987014,on
1,245.0,35.113411680784125,36.261870581095245,15.288254640602238,on
1,246.0,35.12091856348803,36.25845640330279,14.945703176622803,on
1,247.0,35.124263804549386,36.250870279405504,14.419226370084523,on
1,248.0,35.11750850840119,36.233043859780686,14.703309524117495,on
1,249.0,35.099409743632734,36.24411330093628,14.339486885735955,on
1,250.0,35.06982470196532,36.253004965794304,14.370221722817426,on
1,251.0,35.04598366907752,36.263767363630166,15.135403648820375,on
1,252.0,35.049669463200495,36.26719966128109,15.880428653847451,on
1,253.0,35.06007230654473,36.2748177775025,15.639858325570959,on
1,254.0,35.05449560817953,36.27680942239412,14.623538491594648,on
1,255.0,35.06529683656361,36.272804840522944,14.38581968195173,on
1,256.0,35.07176759010002,36.279638846087394,14.596039696732376,on
1,257.0,35.083286359613325,36.28194596427911,14.337025548422135,on
1,258.0,35.09186484224966,36.27730076576484,14.370031863526222,on
1,259.0,35.08465252694889,36.27358112391901,13.996100288327614,on
1,260.0,35.081364502843805,36.27111727602983,13.425820079059088,on
1,261.0,35.0668128200914,36.27827915452938,13.98615346335708,on
1,262.0,35.06179239890987,36.276762824165786,13.781721804127262,on
1,263.0,35.05537291258617,36.273803538684845,14.073588968122719,on
1,264.0,35.046949073513794,36.2751871499879,13.778491615725185,on
1,265.0,35.078029802594955,36.27221595929539,14.133113666368025,on
1,266.0,35.09857287875385,36.26640516754237,14.631817087820274,on
1,267.0,35.088951209270554,36.261743781222144,14.754683734069719,on
1,268.0,35.09731197487709,36.261527255364385,14.219011059304151,on
1,269.0,35.09536566232966,36.26797068333707,14.02573157903102,on
1,270.0,35.0747706205356,36.27217061916107,14.46486733004576,on
1,271.0,35.04718176660481,36.26731234722069,15.048411308585035,on
1,272.0,35.03708286635697,36.27076698066655,15.329012996610043,on
1,273.0,35.06681666824018,36.2639725791551,14.85756498272826,on
1,274.0,35.0729380832908,36.27135178971157,14.874371915645321,on
1,275.0,35.0779472129477,36.26661979006587,14.386803181748423,on
1,276.0,35.094409021068735,36.26049539165362,14.47813341479401,on
1,277.0,35.1126874374402,36.25687398245641,14.474814627198072,on
1,278.0,35.09795930728303,36.25552438141749,14.559400073934322,on
1,279.0,35.09374018120084,36.26335236628178,15.04440639216835,on
1,280.0,35.104647515669775,36.25473872901851,14.921048525547207,on
1,281.0,35.10996779737424,36.25045455981613,14.497445275302137,on
1,282.0,35.11743742310709,36.25305129554609,14.554208199020477,on
1,283.0,35.09696404816291,36.261564263432966,13.998892544213742,on
1,284.0,35.106920693674816,36.26481494654359,14.053705087292915,on
1,285.0,35.09575677924567,36.26484114703222,15.407595817147001,on
1,286.0,35.09776308873526,36.26647393466293,15.03186920927234,on
1,287.0,35.10665628433459,36.27861643220907,14.887129460149033,on
1,288.0,35.128177945062255,36.27530138883675,15.344350430960057,on
1,289.0,35.12561347366165,36.274138703804674,14.666419776627265,on
1,290.0,35.121469551343445,36.272571135568754,14.445735207661713,on
1,291.0,35.0992080020507,36.27944509893045,15.027708822611828,on
1,292.0,35.11376657090604,36.273469258458945,13.90998205013356,on
1,293.0,35.09446548507107,36.26481402731455,13.690395543929302,on
1,294.0,35.085498402284735,36.25951718514419,13.958626142470841,on
1,295.0,35.08349056634246,36.26614083069384,13.694292438668867,on
1,296.0,35.07345239988448,36.259967864781544,13.924736934441109,on
1,297.0,35.0817401464002,36.256499942395244,13.736245171216803,on
1,298.0,35.07078642163651,36.25416362860927,13.91842057416007,on
1,299.0,35.06556922477859,36.253285255969,14.336149099257858,on
1,300.0,35.06376999757615,36.25897146313825,14.929196375044246,on
1,301.0,35.05391523215563,36.25939447916291,14.939041735660691,on
1,302.0,35.05498539354249,36.25423642597713,15.201253785956155,on
1,303.0,35.05393324410499,36.24703706675742,14.46724466013487,on
1,304.0,35.03954313134056,36.24174334324547,13.489629376662958,on
1,305.0,35.032778416035534,36.24629159384609,14.394064132828612,on
1,306.0,35.05043638961798,36.24875596609273,14.482756800950064,on
1,307.0,35.05104966059668,36.26788306055841,14.243856772930998,on
1,308.0,35.06831276436294,36.27220271794915,14.46666582067012,on
1,309.0,35.05957390564436,36.26770224171616,14.408681015320056,on
1,310.0,35.063910368968045,36.2700659363811,15.060210968411328,on
1,311.0,35.05579030723021,36.27235726397239,13.996091537364093,on
1,312.0,35.05986352023345,36.28490064768024,13.750344596320526,on
1,313.0,35.07660740108399,36.282185629575714,14.101918280689677,on
1,314.0,35.0929938694886,36.2756007192368,13.56851173970589,on
1,315.0,35.07350257133358,36.28684443993888,13.466775409908905,on
1,316.0,35.08474283113041,36.28565935657924,13.238631905032596,on
1,317.0,35.08148853615648,36.273549735517825,13.752520373273486,on
1,318.0,35.09911816641639,36.271156145414466,12.788438292963468,on
1,319.0,35.09795892405546,36.266634753435966,12.99000752423583,on
1,320.0,35.07007529951532,36.26323117260494,12.9381847732412,on
1,321.0,35.04756882325653,36.25674190271252,13.377411883846488,on
1,322.0,35.03785550324624,36.24703945774415,13.762765160391531,on
1,323.0,35.034682021100195,36.25057272466655,14.238444714496369,on
1,324.0,35.03911324019754,36.252670308334935,14.743731685876844,on
1,325.0,35.04576766106766,36.26785915813332,14.549909082669089,on
1,326.0,35.04665300500244,36.267802016307634,14.303017263658866,on
1,327.0,35.0447907262032,36.265278267840635,15.37811235595741,on
1,328.0,35.07945975536167,36.25555984029824,14.861203345061709,on
1,329.0,35.092333156446,36.26050676189062,15.15696176265371,on
1,330.0,35.13178780094072,36.261717091018404,14.121824963570234,on
1,331.0,35.113412256919716,36.2599166774768,13.217605553776679,on
1,332.0,35.089621968816495,36.26771297841349,14.518864583402172,on
1,333.0,35.08446330759444,36.267484307501654,14.094609158896112,on
1,334.0,35.09428210363183,36.26591047813266,14.222831446994668,on
1,335.0,35.08329004562768,36.26554071035691,13.841420003459604,on
1,336.0,35.08959538366487,36.25678705259275,14.311663489571542,on
1,337.0,35.085967940713694,36.26264815701989,13.81740048343871,on
1,338.0,35.109987777566715,36.27084845430338,14.942056019696192,on
1,339.0,35.1193522524056,36.274515368601556,14.246952069001562,on
1,340.0,35.12485437689811,36.27494711117867,14.37302781881346,on
1,341.0,35.11180805040096,36.28065085694183,13.538984644900196,on
1,342.0,35.10843181724091,36.27707209907159,14.16078395912043,on
1,343.0,35.102923226972194,36.27065148534811,14.241163071757597,on
1,344.0,35.09752487984155,36.27090562431269,14.89661553910079,on
1,345.0,35.09669463585996,36.27339043941191,14.248635818328363,on
1,346.0,35.08292201391331,36.288329298207884,14.424905191855768,on
1,347.0,35.09720357189185,36.29182409511431,14.195266140004694,on
1,348.0,35.091940779862846,36.28048852291354,13.009292816728195,on
1,349.0,35.07634297912485,36.286821309641745,13.190555713133605,on
1,350.0,35.073121119960554,36.280508533189135,12.924695872346515,on
1,351.0,35.0843527890785,36.280531480205866,13.133008626542104,on
2,1.0,34.50673914375981,36.37641946870568,8.816068454097426,off
2,2.0,34.57838425512805,36.37175373336525,7.384701853682924,off
2,3.0,34.635376944624454,36.379632388655466,7.041565901458734,off
2,4.0,34.70296251623672,36.37699067527917,6.998436694284575,off
2,5.0,34.76344562542152,36.379466661717174,6.364821169626433,off
2,6.0,34.83690865527964,36.38827997768375,7.431419446236971,off
2,7.0,34.8722575356742,36.398090679977514,7.297229363002261,off
2,8.0,34.910972596942386,36.39832249915492,7.362298381085097,off
2,9.0,34.9474505456233,36.393059332207116,7.104718585515116,off
2,10.0,34.96089494936941,36.39291559011312,7.711408528732303,off
2,11.0,34.94995352928814,36.398524120080005,7.9141124389009185,off
2,12.0,34.938715136438866,36.38420057263472,7.812169992056955,off
2,13.0,34.93433628914153,36.372696422003735,7.998760837090387,off
2,14.0,34.94171147142909,36.37940420180816,7.690899742973266,off
2,15.0,34.9110447477592,36.384401638136715,7.451841328341441,off
2,16.0,34.87544697518874,36.374655387989606,7.014013098901225,off
2,17.0,34.846929387692086,36.38121760694352,7.058225535173899,off
2,18.0,34.81545208998939,36.38778698304127,6.465461380128198,off
2,19.0,34.819066889832264,36.37805513891537,6.582818026884821,off
2,20.0,34.81317636877729,36.372386968828195,5.963486951289175,off
2,21.0,34.797648455679784,36.378210328935836,5.504538602105063,off
2,22.0,34.762443628412186,36.37605988812349,5.708609481408828,off
2,23.0,34.712721888777494,36.383130429365394,5.477668207678883,off
2,24.0,34.69218229092499,36.386732402735454,5.520957303054383,off
2,25.0,34.67431259447637,36.377220309897226,5.061504470611323,off
2,26.0,34.63413501802615,36.36752846802744,4.946426435364334,off
2,27.0,34.60353976685635,36.36834296326526,4.853171434813319,off
2,28.0,34.55792416319376,36.37234346442884,4.421692990663239,off
2,29.0,34.50190772120919,36.380411252007576,3.6762470871080946,off
2,30.0,34.43576515368365,36.383002687039024,4.142865552070187,off
2,31.0,34.38227325227125,36.38967998459111,3.925144968649408,off
2,32.0,34.34578111742675,36.37547486027442,4.051212867837352,off
2,33.0,34.33010594267118,36.37376863330325,3.7494430758559307,off
2,34.0,34.28683471213292,36.3868366625824,3.7664432283335625,off
2,35.0,34.265782940444105,36.39887424253725,3.2907297392177037,off
2,36.0,34.239064202218515,36.398760182841194,3.189254285828988,off
2,37.0,34.19074640616831,36.39535363696318,2.9965513735844,off
2,38.0,34.150083464599746,36.394169612399175,2.7517638949317496,off
2,39.0,34.148033618538264,36.396106099564015,2.4841207145657496,off
2,40.0,34.13849555357385,36.40228734916539,3.0314059792911903,off
2,41.0,34.13670543616299,36.401764911564584,2.6898861939046093,off
2,42.0,34.12115553901591,36.41198596821756,2.612463626403948,off
2,43.0,34.101944079466534,36.42040433585389,2.4651769508122854,off
2,44.0,34.0837997904895,36.42369869120246,2.263570087273933,off
2,45.0,34.06921186536983,36.42830940451928,2.712579863637011,off
2,46.0,34.07188523605159,36.42925183772238,1.6361939744027572,off
2,47.0,34.06295983977753,36.42158298825779,1.7675534446041576,off
2,48.0,34.06999785953028,36.41670749191092,1.8399726087235924,off
2,49.0,34.096245939663575,36.426302979879,2.441405620793235,off
2,50.0,34.115230754705586,36.43066028752559,1.9727664422780091,off
2,51.0,34.11984459118025,36.44020170653452,1.6018228471812024,off
2,52.0,34.11165156304948,36.435849642051316,2.0247893590520905,off
2,53.0,34.1008309927387,36.43038307134712,1.8556319067577658,off
2,54.0,34.0955774367831,36.43314972156861,1.2198439785089548,off
2,55.0,34.090282034651075,36.43032791615053,1.49680306008088,off
2,56.0,34.08331365191123,36.43307048784464,1.6488572443397957,off
2,57.0,34.06928254543802,36.43746221797073,2.043309048935239,off
2,58.0,34.07151756477036,36.43159826407817,1.9857021260899155,off
2,59.0,34.08064451292346,36.43337088153239,1.8376122639018773,off
2,60.0,34.08583233844399,36.43039327434657,2.3086382425134158,off
2,61.0,34.090774032422544,36.440426186750614,1.3852270353456757,off
2,62.0,34.115858905447105,36.44235872727795,2.1106892205080374,off
2,63.0,34.11634773746382,36.437059955267195,1.709807418603223,off
2,64.0,34.12939792388747,36.426626732601584,1.550681156124044,off
2,65.0,34.16458663901048,36.43882881008297,2.5223696955525714,off
2,66.0,34.17283747180597,36.443108681551436,2.2369824749031633,off
2,67.0,34.167717489593805,36.45376582884588,2.01852870314051,off
2,68.0,34.16290824363983,36.44841523982503,1.5326252802828289,off
2,69.0,34.16622390414784,36.452063171313405,2.0023503289875353,off
2,70.0,34.17935274155372,36.45837849085469,1.5148823809858596,off
2,71.0,34.16149005214184,36.45619884646395,1.5613974692454016,off
2,72.0,34.156870901713106,36.45926311287502,1.5081234603273859,off
2,73.0,34.167912441944885,36.45867107465887,1.6215372960214434,off
2,74.0,34.178575493714305,36.45315188972949,2.3311409070060867,off
2,75.0,34.1893313118356,36.45287432223903,1.9699935241735191,off
2,76.0,34.214657123983805,36.452811636412164,2.4360352668118432,off
2,77.0,34.21935310412621,36.44748404790844,2.2382510321596785,off
2,78.0,34.21449304023216,36.44673864982696,1.9672366700573964,off
2,79.0,34.20854791637177,36.443276117127745,1.7017061357693664,off
2,80.0,34.21496374156835,36.446091018584966,1.682060137437197,off
2,81.0,34.22497808789053,36.44615041196286,2.4809047730701623,off
2,82.0,34.21905916646368,36.446921824433666,2.191472122494611,off
2,83.0,34.222561359555954,36.442905115217954,1.8210805747077161,off
2,84.0,34.20612032749176,36.43807051459871,1.582730420750746,off
2,85.0,34.19512753179811,36.43685537679991,3.1312826848208037,off
2,86.0,34.18564425213067,36.44183621120509,2.197413769225847,off
2,87.0,34.19967596732988,36.44861233968349,1.8630207266223462,off
2,88.0,34.20889020420356,36.43997022026859,2.2577493625080773,off
2,89.0,34.211695594078876,36.4466011579508,2.2060118703498315,off
2,90.0,34.22224304338276,36.44713988573092,1.9944045159173402,off
2,91.0,34.204003131427804,36.44911714877494,2.0404596143992415,off
2,92.0,34.197795841949535,36.449736187823035,2.017968194967215,off
2,93.0,34.184764794759225,36.4451732680843,2.577509160005598,off
2,94.0,34.174266713609924,36.434586072172635,2.258416138951035,off
2,95.0,34.17688366327491,36.43317527952058,1.9029737549529016,off
2,96.0,34.17510597585092,36.43381857796654,1.6348299645687903,off
2,97.0,34.167468904615404,36.445013197435316,1.1610432473460142,off
2,98.0,34.13965395362112,36.46206763076809,1.9835962921980645,off
2,99.0,34.14152418211992,36.464022047053156,2.6121502665681136,off
2,100.0,34.12949875587911,36.45844586439212,2.4078826744222814,off
2,101.0,34.126906944402286,36.448777593044845,2.6653051712238818,off
2,102.0,34.11584532451895,36.44494981437732,2.3294420791577766,off
2,103.0,34.118414639667115,36.460015251208716,1.5787046077358566,off
2,104.0,34.12518430848404,36.4630807411414,2.0674455828705147,off
2,105.0,34.111204933421945,36.459573846737754,1.5784207327191777,off
2,106.0,34.09547557194321,36.45158567524338,1.6688119238206243,off
2,107.0,34.07962426281485,36.462097724098804,1.751110381958176,off
2,108.0,34.07216347555993,36.46926670531739,1.988439728876552,off
2,109.0,34.07416284696604,36.46154163824696,2.1382056952443693,off
2,110.0,34.09397098333048,36.46805420637108,1.8926648249237588,off
2,111.0,34.10255925617951,36.468763603843286,2.0672775265204812,off
2,112.0,34.13114855577652,36.464744239073816,2.16957487443422,off
2,113.0,34.14124585175504,36.46357620644351,2.248488324530463,off
2,114.0,34.16076800278385,36.4748062823814,1.875166553246225,off
2,115.0,34.14899896979853,36.47513687541822,2.012328341549832,off
2,116.0,34.14790515434848,36.468721134600834,1.9720188881738148,off
2,117.0,34.14284154161172,36.46677695728233,2.0024829875533277,off
2,118.0,34.14877476778155,36.471579397007645,1.9573721084328022,off
2,119.0,34.15185488205044,36.48008536044062,1.7991043639267368,off
2,120.0,34.13995518955128,36.46968817672321,1.9663746511486908,off
2,121.0,34.1536759718238,36.4631622108669,2.1560422512872037,off
2,122.0,34.15624194366829,36.46078837715989,1.6696810779776978,off
2,123.0,34.148589261797675,36.4677832332485,1.898674646553411,off
2,124.0,34.121967283209166,36.46208059958547,1.10891633003032,off
2,125.0,34.11293016416861,36.456505935818385,1.1764084922768314,off
2,126.0,34.10396133818288,36.459002425767935,1.2548479813893831,off
2,127.0,34.094517065169605,36.45951275036896,1.6600791072312528,off
2,128.0,34.106717989290225,36.461813354765795,2.0491018110095522,off
2,129.0,34.114271371139225,36.45710541535202,1.9775064330711285,off
2,130.0,34.12952965806162,36.4489246009625,1.6398383551842846,off
2,131.0,34.13608892030528,36.45333992409828,1.4636927259786894,off
2,132.0,34.14926493286548,36.45532682024687,2.0073681503609553,off
2,133.0,34.14734411097941,36.46183619114168,2.2297723557368103,off
2,134.0,34.13724691786794,36.47523942617186,1.5059204189462179,off
2,135.0,34.13144646631388,36.486267355543276,1.6700814721567043,off
2,136.0,34.13946873528475,36.48466469219598,1.9905857647918808,off
2,137.0,34.1465252462174,36.477092022509495,2.228673307436943,off
2,138.0,34.14248189634157,36.46470754046476,2.5570654413508564,off
2,139.0,34.13200908964126,36.47029295164149,1.6730885789450727,off
2,140.0,34.1329014789858,36.46724019615834,2.0617651180058685,off
2,141.0,34.12742877143643,36.461365505295134,1.3152755297195404,off
2,142.0,34.100200169264994,36.454422613690966,2.4370672147576435,off
2,143.0,34.08952243797119,36.4547402183387,1.7521911476378365,off
2,144.0,34.090039762649205,36.46365741478625,2.145690820846828,off
2,145.0,34.09164679537959,36.473346681354656,1.981556235397102,off
2,146.0,34.07667102944263,36.475552572443895,1.2764260305001032,off
2,147.0,34.05229347021575,36.48006292962215,2.0575185269912932,off
2,148.0,34.03440949387416,36.48297337169884,2.0718832759370365,off
2,149.0,34.0264495439799,36.46590052905127,2.1852013465459903,off
2,150.0,34.03663280559944,36.46033441437213,1.4151958875216533,off
2,151.0,34.04650783176137,36.4610581673969,1.6820331459391133,off
2,152.0,34.03215658506148,36.46881189477742,1.629061621100692,off
2,153.0,34.03622156018214,36.463014586970836,1.338845193311051,off
2,154.0,34.036359502288946,36.47647175933664,1.4630975985940888,off
2,155.0,34.04360674903896,36.49250047328929,1.6494680105324027,off
2,156.0,34.02915287134722,36.496935812028475,1.1798876354936598,off
2,157.0,34.018118886875286,36.49087645112414,1.288920689681693,off
2,158.0,34.01540740104863,36.492450348446404,1.6132812265067433,off
2,159.0,34.00259302849188,36.50141284906885,1.4402810220297837,off
2,160.0,34.01747570525755,36.50559867312511,1.4041791473619492,off
2,161.0,34.01755382122673,36.499279207415654,1.0713976386880362,off
2,162.0,34.018461921027914,36.48642878300686,1.291032894921233,off
2,163.0,34.00938750945519,36.4855932693984,1.3155305135277264,off
2,164.0,34.014476057054104,36.48507118537112,1.4266490614360077,off
2,165.0,34.0129566435667,36.479333681692125,1.551948795858682,off
2,166.0,34.01894522960833,36.48004159441242,1.4324958704388833,off
2,167.0,34.0336488897949,36.472834869646775,1.6545237395360872,off
2,168.0,34.02844010473631,36.48211922390922,1.5375544375577102,off
2,169.0,34.0139022435394,36.494952185524845,1.5951483492425136,off
2,170.0,33.993669201567386,36.50469760071703,0.9581156156683637,off
2,171.0,33.98466642726445,36.510103559446584,1.2533067230466834,off
2,172.0,33.98710606683467,36.49497648838829,1.3360964874593322,off
2,173.0,33.987030525677966,36.489327574354235,1.7509172819696128,off
2,174.0,33.976351692078545,36.48248586871631,1.39600972328959,off
2,175.0,33.979457113965545,36.49826979269485,1.4208530320558972,off
2,176.0,33.956387596165044,36.49863423839776,1.5138163934244924,off
2,177.0,33.97689145981551,36.493724353647444,1.2065889612572946,off
2,178.0,33.98465239818844,36.49263128159316,1.0058636198373136,off
2,179.0,33.9925984392809,36.48228127297004,1.187549560319175,off
2,180.0,34.01221748900224,36.47351230050503,1.9099503416011636,off
2,181.0,34.04524312962889,36.470508000222715,1.5027565821263593,off
2,182.0,34.05345996163671,36.47163190203499,1.592074130739507,off
2,183.0,34.06496839179523,36.483773979913344,1.434008955640126,off
2,184.0,34.06076324118446,36.495738474569954,1.6082557997225575,off
2,185.0,34.04666599567691,36.5104272044745,1.6846136903010496,off
2,186.0,34.04161541418713,36.523595012169565,1.471317174227432,off
2,187.0,34.04544204733312,36.51932886052849,2.2470845719258716,off
2,188.0,34.04840636876251,36.51700704007686,1.6363252455133686,off
2,189.0,34.05055715996188,36.518393000986215,1.5657930923165189,off
2,190.0,34.04997369859291,36.505802705452034,1.3617414851580478,off
2,191.0,34.04653596710293,36.50184776973465,1.7792737072958293,off
2,192.0,34.07610556878951,36.50380838421249,1.9033911868460547,off
2,193.0,34.077602247435955,36.512958288494474,1.2092633342255596,off
2,194.0,34.054166716734464,36.523253499851144,1.4488200335934622,off
2,195.0,34.02461426073475,36.526766154995684,1.2450494769313676,off
2,196.0,33.98766494211824,36.53198314489446,1.1307303165539095,off
2,197.0,33.97381916192864,36.53614486782328,1.4629725638992608,off
2,198.0,33.96050942537334,36.53475798497406,1.1876035935582863,off
2,199.0,33.971464598888254,36.5299022472247,1.3865623792996233,off
2,200.0,33.97941299799375,36.52957552596221,1.018217405728421,off
2,201.0,33.96791207686596,36.52763059911603,1.2023517426610797,off
2,202.0,33.97015672683882,36.51947356806824,1.1442583925523717,off
2,203.0,33.978217647099534,36.513734053590674,1.474706400540966,off
2,204.0,33.97956499096914,36.50921744500991,1.518660183523458,off
2,205.0,33.98099143997329,36.52008187744913,1.4233596066716265,off
2,206.0,34.0021965399096,36.515441198822145,2.0866697552885363,off
2,207.0,33.996122087014335,36.50411845242236,1.3539272506440514,off
2,208.0,33.99099142797508,36.49889384514958,1.1521553202501846,off
2,209.0,33.97862264197936,36.48981685815818,1.8540965619397545,off
2,210.0,33.98062514693803,36.48862921713672,1.1243569859759188,off
2,211.0,33.96913530555843,36.488997411587384,1.4446983284135184,off
2,212.0,33.9613271768136,36.48419266672675,1.2558356399742316,off
2,213.0,33.95120970954936,36.48824591892919,1.36407050845455,off
2,214.0,33.92233032303187,36.48152926508816,1.3789720334997426,off
2,215.0,33.915538583330715,36.47050222509216,1.9056996736063354,off
2,216.0,33.919732447314516,36.4605615320685,1.6549704440733948,off
2,217.0,33.9152243592878,36.45442975539058,1.2867842525374114,off
2,218.0,33.93063084100641,36.47214724533974,1.4545124828885267,off
2,219.0,33.92867137868293,36.4792110144466,1.3360019304561317,off
2,220.0,33.94017424369082,36.47820843325534,1.3763832773033653,off
2,221.0,33.94669485399581,36.48490189404826,1.729738202464898,off
2,222.0,33.94837167950068,36.48096427704349,1.336941095149756,off
2,223.0,33.96414271578975,36.478878052145966,1.3193454327755136,off
2,224.0,33.96115138579389,36.49318374112564,1.3992701497733881,off
2,225.0,33.96660875377297,36.513818637740265,1.6216739669899254,off
2,226.0,33.97607946161955,36.51688029152304,1.42577628494355,off
2,227.0,33.98063322248437,36.51872736849061,1.8054239293988243,off
2,228.0,33.981447208203676,36.52296002056011,2.126137932824933,off
2,229.0,33.98875123644873,36.51872113266193,1.6454923973693534,off
2,230.0,34.01316168001004,36.518730027838494,2.0019228490244863,off
2,231.0,34.02017615840815,36.51419304434448,1.5311317127253405,off
2,232.0,34.03604757556059,36.510080856603814,1.603506166387789,off
2,233.0,34.048427167960156,36.505882838056365,2.086300239740314,off
2,234.0,34.05691218659301,36.49019363058035,2.0755238785886876,off
2,235.0,34.05885178974772,36.49584898475907,1.8941387265493093,off
2,236.0,34.0640455850106,36.49744622111514,1.3898301615220845,off
2,237.0,34.05762138519281,36.49405444096965,1.5758710519322983,off
2,238.0,34.04071819792801,36.5007812491283,2.3600444805716383,off
2,239.0,34.02913859699957,36.50639058840016,2.0094868213980353,off
2,240.0,34.02963256316566,36.5168084327847,1.743791402851404,off
2,241.0,34.048290827938594,36.50818531298516,1.6591507970740538,off
2,242.0,34.0439352518278,36.50174528478375,1.7578124755687794,off
2,243.0,34.03603420401739,36.50333350499426,2.0299364098712256,off
2,244.0,34.04778232237512,36.50883155035349,1.882900767084396,off
2,245.0,34.05331726596412,36.505466058186165,1.7918862787413112,off
2,246.0,34.068861591432416,36.49424461080417,1.802298808718981,off
2,247.0,34.05824433049003,36.49461989754156,1.5370814421776764,off
2,248.0,34.06555302672756,36.495818203085356,1.9819142605950548,off
2,249.0,34.053066226635444,36.495285874975266,1.6228887293555154,off
2,250.0,34.04527031995538,36.50338963763536,1.9511296345628364,off
2,251.0,34.04597713677165,36.503585642641426,1.7681743652792237,off
2,252.0,34.06072437591117,36.49483027640265,2.0382545029661574,off
2,253.0,34.070115429283504,36.49849592585084,1.9788631731566642,off
2,254.0,34.07721877730361,36.494952044319774,2.4199068148641896,off
2,255.0,34.09648108637324,36.501609090473586,1.6686206234345788,off
2,256.0,34.088642835897076,36.504420882253456,1.913832313887074,off
2,257.0,34.07950761368624,36.50164606895251,1.678792043092475,off
2,258.0,34.068327763073725,36.503572848761614,1.6143635712987119,off
2,259.0,34.05010463788938,36.5141279636794,1.7566512443702247,off
2,260.0,34.05884994361664,36.514365755977394,1.7457555784917438,off
2,261.0,34.038060135105226,36.51511083385239,2.2708261676110384,off
2,262.0,34.021310862602256,36.504854198533735,1.732368339257441,off
2,263.0,34.02431711630628,36.50332172427732,1.5549525285517185,off
2,264.0,34.008609893011005,36.5057875208173,1.333774498026486,off
2,265.0,33.99523955750521,36.50394503508601,1.7494037976690158,off
2,266.0,33.98549939130077,36.50297272812971,1.3016609434036708,off
2,267.0,33.98080063491876,36.48699762434584,1.7158244729167944,off
2,268.0,33.9678249712944,36.486203439353936,1.204056684290332,off
2,269.0,33.94706767826584,36.49000555947536,1.5405251140392457,off
2,270.0,33.92657650955055,36.49323537237123,1.5250633892211531,off
2,271.0,33.908814875644076,36.497747945453604,1.8966261423632667,off
2,272.0,33.9120170437651,36.49628160774679,1.244931504446812,off
2,273.0,33.916922034588985,36.49700885130912,1.16741689824006,off
2,274.0,33.897522775648326,36.49559370303813,2.3780125524800013,off
2,275.0,33.90270513924454,36.501369460302215,1.9177488286760482,off
2,276.0,33.89948595211101,36.52046827186624,1.9321410840952873,off
2,277.0,33.87699126747669,36.526444157811035,1.222671969857167,off
2,278.0,33.850111236399634,36.5321322710805,1.509391834773725,off
2,279.0,33.82619623279745,36.52456313540792,1.823834737532375,off
2,280.0,33.8024003173123,36.51294364098976,1.1755301678056198,off
2,281.0,33.79645976668661,36.51000959309337,1.6584655860983826,off
2,282.0,33.778667837342375,36.50548849750204,1.0175606025980732,off
2,283.0,33.77491015714455,36.50514271828145,0.8957797789862311,off
2,284.0,33.76336036651574,36.49875192865973,1.2329681908786085,off
2,285.0,33.74397934433742,36.48899233471985,1.991772283484897,off
2,286.0,33.73396614590896,36.49093224662809,1.0784003135492122,off
2,287.0,33.725248648688364,36.505798449638746,1.2207706494160337,off
2,288.0,33.710415499288274,36.5096576221824,1.3326134075465048,off
2,289.0,33.69474514773543,36.518241945350624,1.5455860698484036,off
2,290.0,33.68697178694829,36.51520066764376,1.1734367685625373,off
2,291.0,33.6921062758276,36.507151400763114,1.2294648062162303,off
2,292.0,33.68868949303661,36.50494034709871,0.6711894248399699,off
2,293.0,33.680604861915356,36.49948818046756,0.8341134321107281,off
2,294.0,33.677929447047255,36.49799916717711,0.693871636748846,off
2,295.0,33.68531263542189,36.49655955162244,1.1400745096110592,off
2,296.0,33.69174092101635,36.49662300761526,1.1385532777071972,off
2,297.0,33.6978220120684,36.486704317109684,1.353163173047408,off
2,298.0,33.681518094499594,36.493068243612605,1.4764079731358364,off
2,299.0,33.66051927178827,36.50173728361227,1.839517550737165,off
2,300.0,33.65065057631863,36.502462070765056,1.3900086778216525,off
2,301.0,33.65823970716593,36.49732644444744,0.9234547571028167,off
2,302.0,33.65480222148186,36.49016518139712,1.5758524528804894,off
2,303.0,33.653089456200725,36.49372939068228,1.5084971634351216,off
2,304.0,33.654834085952814,36.4995928990735,0.9152687638705431,off
2,305.0,33.65724235502639,36.495175347784006,1.4983744359322018,off
2,306.0,33.65311985970272,36.489640675436476,1.1029374211319793,off
2,307.0,33.652438623461094,36.49281838945029,1.748732718064793,off
2,308.0,33.65629565867479,36.49620578627993,2.0063606506355196,off
2,309.0,33.64845688885655,36.4981065684795,1.7263302015564832,off
2,310.0,33.624727116932625,36.4973030104927,1.3999586681539755,off
2,311.0,33.62042756261986,36.50332049326677,1.2785246225059277,off
2,312.0,33.62456492165621,36.5093919207815,1.234012380068151,off
2,313.0,33.60302893624684,36.51109758018621,1.1772755077168964,off
2,314.0,33.590233540145874,36.507260201314296,1.4232126006257482,off
2,315.0,33.56809648151741,36.507701187126756,0.6681548125375905,off
2,316.0,33.5709979938258,36.5080422608914,1.8511570889087459,off
2,317.0,33.560277660994615,36.514613306906185,1.4358070578362092,off
2,318.0,33.56956800950641,36.50712778819012,0.9462452510962429,off
2,319.0,33.563587562406816,36.513105689769006,1.537590599129151,off
2,320.0,33.54957272739342,36.524368805430235,1.8804906217977333,off
2,321.0,33.55668978075998,36.522322533148206,1.3008445794630994,off
2,322.0,33.55012091529429,36.50615959796601,1.1981849327561738,off
2,323.0,33.57144802478439,36.49226225578559,1.5021154107236772,off
2,324.0,33.59921201095744,36.49326159707097,1.1528515967871305,off
2,325.0,33.60882943615798,36.502384806144605,1.2546897693627772,off
2,326.0,33.599171728799135,36.50739384336662,1.8571954005376385,off
2,327.0,33.59452702245374,36.50663770365675,1.220087081547992,off
2,328.0,33.570038008603554,36.51108223848833,1.241575483934549,off
2,329.0,33.551891607613705,36.516786242374984,0.5073644450346568,off
2,330.0,33.545440169116446,36.51569956000817,1.0840885666489786,off
2,331.0,33.52715597018217,36.52131713439533,0.9945584719161371,off
2,332.0,33.512699154081254,36.52919498517728,1.1475211880159621,off
2,333.0,33.484923008209435,36.53474567263856,1.1852610790364317,off
2,334.0,33.46801651328112,36.526214666929604,2.0951706042377998,off
2,335.0,33.47870610905378,36.513417635383114,1.3846459004475808,off
2,336.0,33.474907848942465,36.51034454027374,1.3935103052066458,off
2,337.0,33.48130200491908,36.50723540314533,1.0176047529218981,off
2,338.0,33.47158752102481,36.496553872717044,1.1790027251102326,off
2,339.0,33.45812237148756,36.503454111086086,1.539838870135473,off
2,340.0,33.436265619373195,36.51266003149197,1.0602559917216126,off
2,341.0,33.43590651237051,36.50828211973817,1.0999784548928424,off
2,342.0,33.42980630350332,36.49043038461416,1.3101651546005122,off
2,343.0,33.436409403319665,36.49190163840781,1.8261162558436221,off
2,344.0,33.42846565134689,36.50153513921988,1.3949118711910167,off
2,345.0,33.431299694279055,36.50429981996969,1.2512367890853664,off
2,346.0,33.42079394729395,36.50917768914226,2.041010979597958,off
2,347.0,33.410344558454874,36.50160664078559,1.7651386957922006,off
2,348.0,33.4175035254136,36.498424805060516,1.3388099204034107,off
2,349.0,33.41862132918882,36.4998683117361,2.162679719246952,off
2,350.0,33.40813931337179,36.505966208720615,1.5836881521878463,off
2,351.0,33.41501018726675,36.50881488111595,1.6871687859646842,off
3,1.0,34.77749622353461,36.37614975289912,8.565970500133343,on
3,2.0,34.84294267392012,36.37997243721141,8.807191888700364,on
3,3.0,34.90072884450413,36.37736455488811,8.993292600790998,on
3,4.0,34.93887195631379,36.37669521240552,8.84651726922619,on
3,5.0,34.98141125662794,36.36887765967316,9.16266938070623,on
3,6.0,35.011525886849775,36.3665667442643,9.451267590517055,on
3,7.0,35.03895177854755,36.36547198532566,9.948069272616923,on
3,8.0,35.069549564847186,36.3687126552224,10.635696195213283,on
3,9.0,35.112977601930886,36.36847178277126,10.903001279507013,on
3,10.0,35.10894841522474,36.371532726536195,10.938200178267588,on
3,11.0,35.109668446141676,36.374525967224365,11.634044566675852,on
3,12.0,35.105273585121395,36.37408917174042,11.437398574171027,on
3,13.0,35.10907638134008,36.378931948582824,12.04567258261921,on
3,14.0,35.11010642548314,36.37977775401826,11.878563637451258,on
3,15.0,35.10936776440967,36.37842242741817,12.53747601356395,on
3,16.0,35.144413175568815,36.376009852801964,11.800094151464744,on
3,17.0,35.14526950132903,36.365193215579346,12.513496280467418,on
3,18.0,35.1402745349703,36.36891365267636,12.620913919785538,on
3,19.0,35.14115049829318,36.36635206840246,12.126463012963107,on
3,20.0,35.12339002013734,36.34997752491639,12.42529509399037,on
3,21.0,35.123081303438674,36.34902575289062,12.162828415007182,on
3,22.0,35.1336831110196,36.345870477999235,12.808311448802385,on
3,23.0,35.10030414956676,36.356313029591284,11.658944727346258,on
3,24.0,35.07362868693816,36.36398564396793,12.043033532875377,on
3,25.0,35.05373353141322,36.36867766542639,12.369225543221432,on
3,26.0,35.048163805627446,36.37168465135214,12.018798650765714,on
3,27.0,35.04894614116652,36.36860598927797,11.97875908954796,on
3,28.0,35.02533532538671,36.36849780958706,12.169021225886464,on
3,29.0,35.00683849717387,36.376489976036595,11.885827729443237,on
3,30.0,35.00510884447673,36.38023078011772,11.931189154199714,on
3,31.0,35.01056320191454,36.376742060034886,11.834069187718475,on
3,32.0,35.01995234787561,36.37749516514209,11.748418794501141,on
3,33.0,35.040048614001186,36.369318974315576,11.304056514476198,on
3,34.0,35.035040927050666,36.363065935018334,11.019048703598202,on
3,35.0,35.011041715493725,36.3727271196393,10.497772951734062,on
3,36.0,35.010485623846144,36.365232990096814,10.741150030115204,on
3,37.0,35.02158270387363,36.35628129988948,10.774063536959407,on
3,38.0,35.02056825954586,36.36417481764045,10.198497733313069,on
3,39.0,35.019748590610156,36.364595284146695,10.643006723145174,on
3,40.0,35.00924471162941,36.36406669040838,10.54085254672782,on
3,41.0,35.031125106352754,36.36475251289816,10.405074805784656,on
3,42.0,35.02167108245851,36.367477051967946,10.347007604821563,on
3,43.0,35.016177314151165,36.37272114047994,10.86074048984695,on
3,44.0,35.00205396602628,36.38073587960099,10.253347633705722,on
3,45.0,34.99635157808882,36.38048391199977,10.37663120669081,on
3,46.0,35.00237440076728,36.37014973358745,10.351017995026442,on
3,47.0,35.00767565108855,36.375774728330946,10.026575162433288,on
3,48.0,35.01831279606039,36.38723768421318,11.073046013822907,on
3,49.0,35.02932441912235,36.387365158895385,10.556860763597522,on
3,50.0,35.01253978314936,36.388893315504376,10.90098052553282,on
3,51.0,35.02319399131062,36.388456078870405,11.369081657239214,on
3,52.0,35.0571095191477,36.372891669676555,10.956449289946438,on
3,53.0,35.07433211790893,36.34599874387755,11.08719790539535,on
3,54.0,35.07480359757215,36.333320023962024,10.796952849974826,on
3,55.0,35.06111576692772,36.33997275374893,11.01492126764042,on
3,56.0,35.0590334808648,36.35045589210821,11.523920826212972,on
3,57.0,35.08094514230159,36.35754456959062,12.07119526765946,on
3,58.0,35.09828928746765,36.358911810403896,11.184026194510555,on
3,59.0,35.09217309121411,36.36511591560497,11.77605396931685,on
3,60.0,35.066819950130856,36.36240398347303,11.772273640976042,on
3,61.0,35.08948931460162,36.355559852741436,12.39538602644231,on
3,62.0,35.11534358983116,36.351192547652964,11.38187526027506,on
3,63.0,35.124443679995444,36.35020905898638,11.41762836598323,on
3,64.0,35.10002281016295,36.35236185572827,11.50778032541354,on
3,65.0,35.09561469229054,36.35683913886036,12.234907737306933,on
3,66.0,35.0976452741832,36.36254955032433,12.238501787985154,on
3,67.0,35.09344952651616,36.36454102708727,11.936210817865915,on
3,68.0,35.10653313662073,36.362575491408734,12.414293074020836,on
3,69.0,35.10757551422467,36.357392529127516,12.804576566965292,on
3,70.0,35.11253839860257,36.356399026186615,12.036426876216765,on
3,71.0,35.1216976970215,36.34621928259464,12.474907058685368,on
3,72.0,35.122515063481806,36.3442031831181,12.4115552245046,on
3,73.0,35.124767351398255,36.34823782187688,12.623395540881862,on
3,74.0,35.16360364410959,36.35216013767912,13.00710171124391,on
3,75.0,35.191235852874556,36.341157867926604,12.696368152570354,on
3,76.0,35.18274208610575,36.341611533715884,12.37005948716861,on
3,77.0,35.157865591755275,36.345797067304304,13.290394964042127,on
3,78.0,35.14925926797231,36.35293326352097,13.3088442255953,on
3,79.0,35.14730452792108,36.36706468266575,14.963060883185918,on
3,80.0,35.14824745195886,36.36862171320128,15.731583400876588,on
3,81.0,35.15622852165658,36.363439850689225,16.538563382301014,on
3,82.0,35.17641915715268,36.3572710854818,15.613451453065924,on
3,83.0,35.18962761721139,36.35459259583295,15.011367840159657,on
3,84.0,35.1889416128752,36.36005581353905,15.539308419170315,on
3,85.0,35.17673257814043,36.36957988443672,16.036268989957865,on
3,86.0,35.19507598562625,36.359273957077875,15.903082145618516,on
3,87.0,35.1966762525291,36.352910633756466,15.615962814933386,on
3,88.0,35.215212887839996,36.34862550790651,16.771521004450506,on
3,89.0,35.23377663973768,36.34149178569022,15.660299292229931,on
3,90.0,35.22907627395712,36.33939817362723,17.0441938705958,on
3,91.0,35.24278230763111,36.34465061485685,17.266642599034228,on
3,92.0,35.253973120578635,36.33860648421206,17.153817655664426,on
3,93.0,35.273358857694845,36.34278181282994,17.348712506798414,on
3,94.0,35.26876859524379,36.34215146497565,17.427144697601673,on
3,95.0,35.25083408922256,36.3383900618615,17.107351843243123,on
3,96.0,35.275823655320636,36.333143613403834,17.67227389418133,on
3,97.0,35.28081381135577,36.33190755718581,16.12744057949996,on
3,98.0,35.261435952363776,36.332623768113756,17.48465676025471,on
3,99.0,35.237821791175705,36.343225677886,18.03339832985928,on
3,100.0,35.24753102903423,36.3489506792343,18.319597697614675,on
3,101.0,35.25361385992573,36.3474869439221,17.101072064433257,on
3,102.0,35.236995916454596,36.33554616182038,17.16254375911859,on
3,103.0,35.22657260348446,36.32389648522881,17.395766905853808,on
3,104.0,35.20362999124996,36.32473944641992,18.99393040858523,on
3,105.0,35.232679272223216,36.315497774350206,18.97813720298799,on
3,106.0,35.25459829969942,36.30730209483844,18.392455706029686,on
3,107.0,35.239125075583615,36.30589122085977,18.258907036644857,on
3,108.0,35.23785014122194,36.304857528281374,18.435483081837788,on
3,109.0,35.26526243827961,36.30648587823683,17.743405697497828,on
3,110.0,35.256557886575166,36.30436760903606,18.59502358334438,on
3,111.0,35.263103057064434,36.310908011404464,19.564826526323458,on
3,112.0,35.26021846731244,36.3102360136315,18.092190736891748,on
3,113.0,35.23039307831756,36.31847163842755,19.370041831999306,on
3,114.0,35.21679793242478,36.32358886467233,19.596946010848217,on
3,115.0,35.20693463519132,36.31571072297934,19.989308360791092,on
3,116.0,35.22003875805621,36.31470937365352,19.50806609959177,on
3,117.0,35.24290999291464,36.314654562727306,18.826103463730476,on
3,118.0,35.26273584135626,36.306110381388606,18.984900078790382,on
3,119.0,35.291679077868075,36.29275114826566,18.957250340075596,on
3,120.0,35.29731442872911,36.297629899360864,18.68178692371471,on
3,121.0,35.285704777687315,36.28851314192655,18.495638236293615,on
3,122.0,35.27617812012346,36.276639546012035,18.188303963127524,on
3,123.0,35.27185394659241,36.2849114276329,18.66055474476198,on
3,124.0,35.26064410137573,36.290122075474564,18.14104323618242,on
3,125.0,35.241005755422144,36.29091440373833,19.2767389859154,on
3,126.0,35.25078905367644,36.296060908357894,18.777148940261824,on
3,127.0,35.2440409346365,36.291699535187504,18.964926890149002,on
3,128.0,35.260188954644256,36.29009077278201,18.905708601438548,on
3,129.0,35.25071917289773,36.29761823836004,18.563689950278857,on
3,130.0,35.23507585619169,36.31281260656661,19.244691207162084,on
3,131.0,35.22423686724835,36.31654725570142,19.080517838763527,on
3,132.0,35.237340195218145,36.32831799620475,19.92884125037704,on
3,133.0,35.25790094012482,36.32370038879798,19.228904462174707,on
3,134.0,35.275948615392124,36.311540536815585,18.11242428690914,on
3,135.0,35.27943754867038,36.298864981330624,18.59284750631833,on
3,136.0,35.265092366974685,36.31508484680258,17.739829681648814,on
3,137.0,35.25792913106687,36.31422644266072,17.658097555830135,on
3,138.0,35.2622573225869,36.29755721434031,17.53779232414808,on
3,139.0,35.27832518121428,36.292595218390225,16.978796499408794,on
3,140.0,35.276578141188224,36.2923586369397,17.411834577413885,on
3,141.0,35.264019759941284,36.29070400855151,17.201422738756932,on
3,142.0,35.256032413092015,36.2959039515982,18.06099860809436,on
3,143.0,35.25692139317247,36.293901566464754,18.469782029932464,on
3,144.0,35.24131591473391,36.295002608459306,18.320692742080983,on
3,145.0,35.226826460352356,36.2869721155146,20.56559395743522,on
3,146.0,35.21422447081402,36.2873028016645,19.403496899622958,on
3,147.0,35.19557701117405,36.29129322583105,19.748619207906074,on
3,148.0,35.18552802411893,36.287645575337024,19.192454496030926,on
3,149.0,35.18728350051682,36.28282724300531,20.58692693088095,on
3,150.0,35.22402112059654,36.28082576564601,19.50351966385112,on
3,151.0,35.2482290973037,36.29272504749788,19.0736053631443,on
3,152.0,35.2614117918027,36.29214579823828,18.522548882750968,on
3,153.0,35.265088025394505,36.28876261349784,18.608465816039903,on
3,154.0,35.269678576309154,36.277688018315935,19.29468006326082,on
3,155.0,35.28171566532096,36.27525475340644,17.745097059134793,on
3,156.0,35.26152591670921,36.27189916871008,19.047030252875267,on
3,157.0,35.247003388571066,36.27076522143924,19.70194771428823,on
3,158.0,35.25514601124872,36.269802595809416,18.36578477990385,on
3,159.0,35.240778781436866,36.276248574805315,17.613180317073976,on
3,160.0,35.22737874339983,36.28835200863574,20.09901034753208,on
3,161.0,35.211693477301424,36.29301877381923,20.902780450232516,on
3,162.0,35.20185845318474,36.30595452249974,20.44820770277115,on
3,163.0,35.18366678867187,36.31715812609992,20.732642666345974,on
3,164.0,35.18412410250759,36.319311991496406,20.612411470079806,on
3,165.0,35.19449700592695,36.331378946609476,21.679949765772136,on
3,166.0,35.207483418001765,36.32795517144947,19.080325313968665,on
3,167.0,35.20855465875862,36.32772784378893,19.8201248725453,on
3,168.0,35.21868683922221,36.326046003674584,18.658583431647365,on
3,169.0,35.23380887881392,36.321412921602686,18.24036574934604,on
3,170.0,35.2493778322195,36.31764967200252,19.479973003874754,on
3,171.0,35.24718480375152,36.31106598903115,19.376101320438266,on
3,172.0,35.2467093528186,36.30448867530458,19.40597126872668,on
3,173.0,35.24204817353214,36.32335616710599,20.7373743711288,on
3,174.0,35.235690124690635,36.32489241613593,19.91420769905478,on
3,175.0,35.22472043636379,36.32086904434774,19.896960786635244,on
3,176.0,35.236960503641654,36.31238765723486,18.935414023147935,on
3,177.0,35.27244993597735,36.29500155023348,16.784174127589438,on
3,178.0,35.24969333844562,36.284729996250185,17.409635943156946,on
3,179.0,35.24902633544434,36.29035344474399,18.41734467339067,on
3,180.0,35.22877453833801,36.306754012610426,19.72413987658414,on
3,181.0,35.24528937568653,36.3078804375696,20.840498699413438,on
3,182.0,35.23474792936619,36.30910382627448,20.18503589915354,on
3,183.0,35.21830187726591,36.304612790306614,20.471359169065174,on
3,184.0,35.22137893890208,36.306132162849345,20.97957611216065,on
3,185.0,35.222351337935585,36.29926510823536,19.778091198352378,on
3,186.0,35.20824780908638,36.296072664285155,19.85237556278956,on
3,187.0,35.20039959336093,36.29243714249523,19.217634056871404,on
3,188.0,35.18790279982736,36.29393383537892,17.913838283948017,on
3,189.0,35.1739734968201,36.28132679093929,19.39735603385475,on
3,190.0,35.17464938135388,36.27964965957138,19.07634293623266,on
3,191.0,35.17060334932933,36.27144778563281,18.537953197562295,on
3,192.0,35.16336430573681,36.27454620113004,18.731513616337082,on
3,193.0,35.167100616965946,36.27919600426115,18.35005923457703,on
3,194.0,35.178353722124506,36.28143453743424,19.085207625061244,on
3,195.0,35.156571857639136,36.28517638343626,20.063971377220938,on
3,196.0,35.15057629134038,36.285755798017384,20.623876468695904,on
3,197.0,35.15050840365235,36.28551454752667,19.632247483825083,on
3,198.0,35.15835337939652,36.28839775935174,18.85574070855869,on
3,199.0,35.18528110760025,36.293360322941524,17.444640829462934,on
3,200.0,35.184631057693124,36.2955963654459,18.373207361227998,on
3,201.0,35.17477510659027,36.2977079386134,19.131997067943324,on
3,202.0,35.167843786332625,36.295604474895455,19.895696970222858,on
3,203.0,35.17837061380817,36.29775845785232,19.706200667939072,on
3,204.0,35.18257615023493,36.28989857667872,17.096445478993047,on
3,205.0,35.19011987115203,36.276651604874395,18.524358953036568,on
3,206.0,35.193656742207196,36.276419248676554,17.930969993224593,on
3,207.0,35.19356345356592,36.27811664485929,18.065256484979713,on
3,208.0,35.16746531619137,36.2746502411198,16.94864745013283,on
3,209.0,35.151204789952104,36.26629739051442,18.081194125117303,on
3,210.0,35.160589646237796,36.26313817834534,16.63242068506041,on
3,211.0,35.131333324967216,36.24647037409112,16.687994683048462,on
3,212.0,35.12409847077687,36.24103795963384,16.554936940421022,on
3,213.0,35.107760813236474,36.251795483704704,16.19974366741139,on
3,214.0,35.10544631170678,36.26177668276671,16.543289142621283,on
3,215.0,35.083461957163195,36.272232525346084,17.131692539959694,on
3,216.0,35.097739921316546,36.27807779545035,16.771826969382488,on
3,217.0,35.08190105229243,36.26440985713426,17.217559813401515,on
3,218.0,35.08307675581445,36.25473389040557,17.37156189298699,on
3,219.0,35.10300677575448,36.2588180110999,17.686376831737967,on
3,220.0,35.130554233546334,36.25051633247925,16.901966740645467,on
3,221.0,35.140440138461905,36.251808656372965,16.195208156876113,on
3,222.0,35.133025053486335,36.255696639258275,16.726603880424946,on
3,223.0,35.12653666527691,36.24461965017621,16.438396426756782,on
3,224.0,35.106219665334265,36.24234898853257,15.367277210564158,on
3,225.0,35.10567853085754,36.242692337304355,15.684757395658359,on
3,226.0,35.10442972236295,36.25693772571085,15.182506511651702,on
3,227.0,35.11900939514616,36.263672858487695,14.877143159039948,on
3,228.0,35.10398306604901,36.268050890253775,14.459165987581173,on
3,229.0,35.096963938198556,36.266488482576754,14.924527714808153,on
3,230.0,35.09508629662411,36.26696399453787,15.337384427127025,on
3,231.0,35.08630130631114,36.271644500454975,15.22190738803696,on
3,232.0,35.08469499530983,36.27690004276321,15.57009023790642,on
3,233.0,35.100665877149304,36.28573806331438,16.59177421833837,on
3,234.0,35.11185708810999,36.279951774990785,15.501401580667835,on
3,235.0,35.11592934424102,36.27778461726716,15.516934493474608,on
3,236.0,35.108470477829066,36.27435656722062,16.274730924149594,on
3,237.0,35.11075030074333,36.27959299930812,15.273257289748695,on
3,238.0,35.10995950095324,36.288937445721565,15.477230825522138,on
3,239.0,35.11924787446534,36.28605844037692,15.177055312155312,on
3,240.0,35.116502645445244,36.28839780016639,15.203044909265138,on
3,241.0,35.12112781685057,36.27452027443444,15.449260817617642,on
3,242.0,35.111631155316715,36.276393248415566,14.469982032049064,on
3,243.0,35.11829526597867,36.28417940210278,14.994978196998371,on
3,244.0,35.12066296482008,36.277196314304135,15.507392407048059,on
3,245.0,35.11338824864356,36.275666175904846,14.566735961855915,on
3,246.0,35.10792968413036,36.26267208276407,14.840348442560572,on
3,247.0,35.108388765329906,36.25377488930775,14.65040147994705,on
3,248.0,35.1307769623462,36.24526004015353,14.980416054382491,on
3,249.0,35.12577614314754,36.24835788366395,13.776266614159494,on
3,250.0,35.09944357711301,36.25718151006338,13.755358709526021,on
3,251.0,35.097353145347896,36.25393407528701,13.740930832092765,on
5,1.0,35.01033577613891,36.382313151936394,10.188038959334218,on
5,2.0,35.039118024341725,36.376492379710456,10.637703638441602,on
5,3.0,35.061849485500275,36.37758981149707,10.912523000551316,on
5,4.0,35.097674835765936,36.38442115818332,10.61720998813887,on
5,5.0,35.140171520892586,36.39067385769855,10.791577900557499,on
5,6.0,35.136220496779735,36.38243297157638,10.295078029859681,on
5,7.0,35.16194403358442,36.381776437854825,10.37465199579924,on
5,8.0,35.152817037444194,36.383184528902106,10.741053327044739,on
5,9.0,35.12965022298788,36.384713325028365,10.596764255385809,on
5,10.0,35.10112325018902,36.379429564687086,11.496251852342164,on
5,11.0,35.09477416891987,36.36835740542279,11.729585060891948,on
5,12.0,35.091573498464804,36.353320263951446,12.000382257068402,on
5,13.0,35.09822394370723,36.348470969018564,12.248311017904834,on
5,14.0,35.093119059815045,36.34578582527504,11.584973074747921,on
5,15.0,35.08071273633118,36.36422628041106,12.362453418743621,on
5,16.0,35.080078595908326,36.366824603364016,11.803851512394886,on
5,17.0,35.05522537658267,36.36321093549224,12.564549257474948,on
5,18.0,35.04620269569173,36.360295592786535,12.033229709224994,on
5,19.0,35.025687015676716,36.3579915657663,12.120016060938115,on
5,20.0,35.03627520596358,36.359783973402955,12.628555498170353,on
5,21.0,35.02786995836244,36.34888705740836,12.139310741431444,on
5,22.0,35.00882725867731,36.34237462670351,12.21161882877825,on
5,23.0,35.02230509796015,36.347950885410604,12.487087312020702,on
5,24.0,35.02803723605706,36.358616742204156,11.851154038411417,on
5,25.0,35.03296709763176,36.36143482673316,11.975345500354571,on
5,26.0,35.04891630183819,36.359479874436886,11.114598432337248,on
5,27.0,35.04792929342251,36.36012612063079,10.865992197570034,on
5,28.0,35.01953943570848,36.35822341312601,10.813705192252591,on
5,29.0,35.001216220617295,36.353813400660364,11.327700161333091,on
5,30.0,35.00256533783886,36.35888769478547,11.868717240016663,on
5,31.0,35.02523476663189,36.355583542129615,11.578627405796539,on
5,32.0,35.02650549190807,36.3644579424043,11.66249857552263,on
5,33.0,35.052602451858974,36.35996582690302,11.2111865642141,on
5,34.0,35.070844514868725,36.34586928825636,10.700844452153655,on
5,35.0,35.064728005291585,36.34228499591758,10.624960294734265,on
5,36.0,35.0625104716014,36.348078113831704,10.58060029477103,on
5,37.0,35.049348782453016,36.346482250927316,10.56848278277283,on
5,38.0,35.059162189979936,36.34180867856554,11.580482023819869,on
5,39.0,35.07764470975329,36.33865670415981,11.075290163681641,on
5,40.0,35.06771157453571,36.33899561839266,10.963184057319872,on
5,41.0,35.0678801586605,36.34770467636448,11.861190063483473,on
5,42.0,35.03452860801499,36.353554186807116,11.484872986148126,on
5,43.0,35.03351211159886,36.34361900200467,12.089209213096712,on
5,44.0,35.02571325043366,36.34141249379278,11.985391641497248,on
5,45.0,35.00323474559471,36.345541031330384,11.24404457676092,on
5,46.0,34.99327058698146,36.34330402517097,11.733696295658163,on
5,47.0,35.01924483159379,36.345976334455365,11.891534617347983,on
5,48.0,35.02440092975771,36.35736379604194,12.297777080137887,on
5,49.0,35.01684858995059,36.36050273194569,11.530573955113427,on
5,50.0,35.04215750619892,36.370552960108405,11.35281450956301,on
5,51.0,35.05162827793692,36.37789378598364,11.331972195378093,on
5,52.0,35.05720402680024,36.37913714755441,11.494390642188208,on
5,53.0,35.07493845986919,36.368981455294445,12.148332675711856,on
5,54.0,35.115620637389554,36.36494694123565,12.130061958274986,on
5,55.0,35.12245435103237,36.36504746069504,12.603043716580993,on
5,56.0,35.12782950521776,36.365072167132276,13.041008397443584,on
5,57.0,35.14083951021456,36.37281321139081,13.371602150970745,on
5,58.0,35.175831636464096,36.36745937154342,13.66183792790834,on
5,59.0,35.17037317458971,36.35280219887138,13.54880769807923,on
5,60.0,35.181715750058636,36.35884836421346,14.204476682565744,on
5,61.0,35.18874516355067,36.3547593680379,13.474822233797932,on
5,62.0,35.16298246002143,36.34210062342591,14.173001552652238,on
5,63.0,35.14320689944721,36.3569810152207,15.406047575870494,on
5,64.0,35.12639430014923,36.35045654459957,14.799124235142562,on
5,65.0,35.12186331716384,36.34302130250927,15.280057521350052,on
5,66.0,35.14341307896859,36.345800509496506,14.721046259070562,on
5,67.0,35.144437366545695,36.34695172282113,15.127614961985916,on
5,68.0,35.15890337608238,36.34809594622845,14.843938755573602,on
5,69.0,35.20781353928849,36.33533106295466,15.112766198982625,on
5,70.0,35.222869957828074,36.32784787242763,15.023826535266249,on
5,71.0,35.22592591651788,36.32022855179196,14.942040623338777,on
5,72.0,35.21721052059259,36.31688371149483,15.459825469950827,on
5,73.0,35.212283768918965,36.334923205131325,15.020427685792283,on
5,74.0,35.19731713906987,36.34387461342405,15.635974616807795,on
5,75.0,35.20365722342367,36.346283140559734,15.309128979953067,on
5,76.0,35.18958004683997,36.352863195382284,14.83989039042688,on
5,77.0,35.17697110018094,36.3548605606797,15.742371780336656,on
5,78.0,35.20908194793885,36.359455485952125,15.135554332566464,on
5,79.0,35.19775189952722,36.35685220702674,15.01195240568169,on
5,80.0,35.19269941939662,36.35174987316061,15.465184715499653,on
5,81.0,35.20001574462734,36.34736770410911,15.398035774914653,on
5,82.0,35.18332644935417,36.35187269124862,15.518339102881857,on
5,83.0,35.17422186571559,36.345968304840184,15.986949606853099,on
5,84.0,35.16885566133996,36.34673358912792,16.393210283013183,on
5,85.0,35.179699129534,36.341654242845316,16.281367087897628,on
5,86.0,35.21141478480647,36.33455716006478,16.402142878886444,on
5,87.0,35.226414559484205,36.32977656230033,16.448284278812153,on
5,88.0,35.22589604695649,36.33414599626995,16.407351066216975,on
5,89.0,35.23050083600609,36.33650549341249,16.442177567564553,on
5,90.0,35.26000569916072,36.32985791984753,16.097974926236066,on
5,91.0,35.25201363456553,36.331888471861035,15.108075867391268,on
5,92.0,35.23475254948277,36.322493285282505,14.853468234082559,on
5,93.0,35.21733379232519,36.32063320834265,15.70389328142231,on
5,94.0,35.184726942237205,36.32629160697362,15.474215118994167,on
5,95.0,35.184332082071535,36.3236633420331,15.739459586981884,on
5,96.0,35.17297500192797,36.32991456557732,16.482310901691463,on
5,97.0,35.17605720871471,36.33710658950239,16.299432572591456,on
5,98.0,35.176658250793565,36.33699945264823,15.672981348107696,on
5,99.0,35.201476280824544,36.3384812219499,16.215329300838775,on
5,100.0,35.20966523787174,36.336219490076004,15.639037149243553,on
5,101.0,35.208120650182,36.33177006943172,16.827827553418565,on
5,102.0,35.2251795151142,36.33560287782186,16.336864005523374,on
5,103.0,35.21340037209061,36.3338098827702,16.022853149194425,on
5,104.0,35.244636310740376,36.326825217119286,15.909228938043366,on
5,105.0,35.234386698669965,36.318333198725135,16.198514796966187,on
5,106.0,35.231842298594735,36.31939866397982,15.81069095286012,on
5,107.0,35.24036727717079,36.32799606959965,16.28970522311797,on
5,108.0,35.23954128027394,36.331721667219384,17.52945586608911,on
5,109.0,35.22794638542075,36.334187292269945,18.824426139967088,on
5,110.0,35.22552368875736,36.32812550807067,20.732407409396323,on
5,111.0,35.24924594226636,36.317951961323836,18.375341965394114,on
5,112.0,35.28280818246555,36.306945799197145,18.598164150791362,on
5,113.0,35.30630049319605,36.29241211212852,16.96471269474055,on
5,114.0,35.2815359776606,36.29493425756287,17.166213723176135,on
5,115.0,35.27052130729131,36.28106303057931,18.127587765064433,on
5,116.0,35.256898047711005,36.286307646372805,18.50184908027198,on
5,117.0,35.26551342830655,36.283973288312126,17.750273966259336,on
5,118.0,35.22953429680443,36.282518038358106,18.642981659481006,on
5,119.0,35.227148861529066,36.28022780834893,19.21818594727189,on
5,120.0,35.22653314775518,36.28259800684925,19.10767022350897,on
5,121.0,35.22458117066114,36.28284598964128,19.017474713174025,on
5,122.0,35.21831751901955,36.299648828781436,18.066696563281138,on
5,123.0,35.23144890102641,36.30131312275102,17.949804248011443,on
5,124.0,35.225268765494285,36.29693368421642,17.344963889547486,on
5,125.0,35.23965133082414,36.29296416460498,17.33669495903124,on
5,126.0,35.220622753275016,36.29938891751718,17.760335201772214,on
5,127.0,35.184547115053135,36.310712636389034,20.691472522874353,on
5,128.0,35.20037878679996,36.29314989204409,19.877076549608933,on
5,129.0,35.22903566878915,36.28715639529108,16.94708645851457,on
5,130.0,35.249928328430514,36.27387413261496,16.472761497401873,on
5,131.0,35.23931574344505,36.28158232348271,16.729266758655292,on
5,132.0,35.237997435241056,36.283617126936406,16.604823910259334,on
5,133.0,35.21976899456159,36.27743565116891,16.47984085031438,on
5,134.0,35.2037982280916,36.28276861461446,17.813126276997686,on
5,135.0,35.212169377131566,36.287458275261365,16.951468366242292,on
5,136.0,35.21813014320203,36.29165324904009,17.935955621447924,on
5,137.0,35.20832464818953,36.296489791028726,15.585091436362251,on
5,138.0,35.19855799202903,36.29725959863842,16.49021415217164,on
5,139.0,35.177757059980124,36.30325093404015,17.007813857257595,on
5,140.0,35.14773380054748,36.30663443212699,17.979008456998088,on
5,141.0,35.151373030315696,36.299991065526264,16.915644881411335,on
5,142.0,35.173076218462334,36.29229412234773,17.30887798154221,on
5,143.0,35.172185759011704,36.29489883652767,17.17489914642941,on
5,144.0,35.18047018957454,36.29427437347393,16.90943078310893,on
5,145.0,35.1802297976602,36.29034213609485,18.455153500701364,on
5,146.0,35.20073371659053,36.29089118828192,17.416857922770635,on
5,147.0,35.21756527732949,36.28919672027712,18.651257704677896,on
5,148.0,35.246865810740516,36.28007692508659,17.868083922399006,on
5,149.0,35.24266632505124,36.28445670739252,17.524889278653777,on
5,150.0,35.219001404534154,36.28147939579516,18.26937227178898,on
5,151.0,35.19848223746307,36.277253444064115,17.970175164296883,on
5,152.0,35.17426525623943,36.28613045438204,18.166391013529385,on
5,153.0,35.157129908184885,36.29412570289673,17.864143298111717,on
5,154.0,35.18456750403652,36.289823604606006,16.69310514809413,on
5,155.0,35.18982062995117,36.28311640153045,15.752373203863812,on
5,156.0,35.18805743302694,36.28328572454887,17.19903408995509,on
5,157.0,35.15802076472287,36.280887340198184,18.588011383120985,on
5,158.0,35.164352194595885,36.281347398217,17.998153125181368,on
5,159.0,35.132502655310375,36.28431888576833,18.736522540548364,on
5,160.0,35.1348632442668,36.29135045779619,16.714005340038355,on
5,161.0,35.12383617256123,36.30158286093566,18.184394349657744,on
5,162.0,35.1431130003045,36.301141018236535,17.410914181327243,on
5,163.0,35.151164727926194,36.30257097036302,17.78660193015883,on
5,164.0,35.147873370965314,36.30820310075951,18.597914280272732,on
5,165.0,35.1500063513301,36.30711794827438,19.07546240394574,on
5,166.0,35.159598648868965,36.31075109571927,16.36762520320672,on
5,167.0,35.15520235880809,36.30841728116829,17.06694711286861,on
5,168.0,35.14140340041829,36.32022640667182,17.902596107312203,on
5,169.0,35.143951506491014,36.32933382505171,17.61962992141771,on
5,170.0,35.170171877423726,36.33012885594462,16.502908312354645,on
5,171.0,35.182899446367,36.329975405270886,15.50171056425756,on
5,172.0,35.154989414001356,36.339978916931194,17.05910254328672,on
5,173.0,35.12623434973383,36.33419172562338,18.275945366386694,on
5,174.0,35.115732638069105,36.33010986173164,18.061016852020465,on
5,175.0,35.11472670590637,36.322118674932256,16.226773298094663,on
5,176.0,35.09296500046371,36.322017682587685,17.59384081342919,on
5,177.0,35.092370530430095,36.32170174080922,16.864836816640437,on
5,178.0,35.06792581183279,36.323867204728124,18.46982681259978,on
5,179.0,35.082831599273575,36.32019962654625,17.31849422047435,on
5,180.0,35.083561336357135,36.31723504238773,17.92875507204129,on
5,181.0,35.11372522496482,36.32267062904142,17.68385039452817,on
5,182.0,35.140050139408906,36.31653345005096,16.86708470580099,on
5,183.0,35.154205343511876,36.30673902453835,15.860996776279562,on
5,184.0,35.1356795603627,36.29803484976916,17.247137098489887,on
5,185.0,35.161391355573684,36.29188443698576,15.739691171718519,on
5,186.0,35.15367729414281,36.287023002477966,16.312384933659217,on
5,187.0,35.14628050596429,36.2990934425073,15.925725708423911,on
5,188.0,35.13436298804207,36.3148362762367,16.341487690128872,on
5,189.0,35.14495725132566,36.32551201664016,15.364085780656243,on
5,190.0,35.13361322276081,36.32056917806402,15.416545969190494,on
5,191.0,35.11143192344491,36.31432129448529,15.548706539869064,on
5,192.0,35.10169239456669,36.29554348832717,16.102417062623626,on
5,193.0,35.091813034066256,36.28956402958703,15.717321834698971,on
5,194.0,35.07984257319638,36.28253850192509,16.569054849144038,on
5,195.0,35.08910975916989,36.276355396015326,16.265969656014313,on
5,196.0,35.07978063233014,36.27506990958214,16.631754731250254,on
5,197.0,35.07517396726297,36.273114270449774,17.01972649938171,on
5,198.0,35.086128441498396,36.272232667027616,16.056599844805564,on
5,199.0,35.11329774251891,36.274746629330366,15.538463824158196,on
5,200.0,35.11688836057208,36.27102108845828,15.48920786205661,on
5,201.0,35.11468033364102,36.273348742764966,15.470375377198042,on
7,1.0,35.00626692342592,36.37608393602865,10.831529018076383,on
7,2.0,34.99425548539489,36.375911190283276,10.307755200073906,on
7,3.0,34.98625929932045,36.38383686296559,10.748812474597507,on
7,4.0,35.00785468957317,36.38495960532177,10.69076602352862,on
7,5.0,35.00938728139284,36.37513258785229,9.445756359404635,on
7,6.0,34.99247828419652,36.36818375344861,9.789791119864407,on
7,7.0,34.99859940024729,36.35923387653033,9.795023699385709,on
7,8.0,34.978265227004485,36.35636242468475,9.623123931033003,on
7,9.0,34.980277599312906,36.35144022750087,9.036774755984688,on
7,10.0,34.94608857309834,36.35824533520937,8.717521381117797,on
7,11.0,34.92163949832659,36.36075521207994,9.805745805482124,on
7,12.0,34.91590393986069,36.358157035278275,9.257911917432022,on
7,13.0,34.92352800054149,36.362216042992976,8.710448123113537,on
7,14.0,34.90579905114844,36.36633600211757,9.082158143870988,on
7,15.0,34.89789737006451,36.385167976756236,8.913948261909304,on
7,16.0,34.909564490832466,36.38578935824113,9.102902913777868,on
7,17.0,34.91618578936328,36.395602982822474,9.521373655738,on
7,18.0,34.92538247423567,36.391266362581376,9.742114599086504,on
7,19.0,34.936136231386406,36.38528188812217,8.865346836856695,on
7,20.0,34.92612178445961,36.38970313130966,9.291214657409363,on
7,21.0,34.938193125972845,36.38938562730026,9.653910811603161,on
7,22.0,34.962018519511076,36.40134479710919,9.272004415594722,on
7,23.0,34.954603940728134,36.409535664343366,8.307352505201559,on
7,24.0,34.95657065688348,36.411801872653996,8.727986452072278,on
7,25.0,34.9512975909856,36.410942728944704,9.455688090205474,on
7,26.0,34.94730929572248,36.40457156418361,9.737803958925717,on
7,27.0,34.974632641907604,36.40530864486812,10.387194337891138,on
7,28.0,34.9985989384905,36.40109245047338,9.652797987578747,on
7,29.0,35.03353136269858,36.397095482136365,10.061821390787447,on
7,30.0,35.03727917731979,36.396745514863504,10.762564760863079,on
7,31.0,35.03653683328864,36.393258156159085,10.121770470070114,on
7,32.0,35.03692870061264,36.38323196563539,10.39223813697302,on
7,33.0,35.047511369160695,36.37920616620191,10.881801857420049,on
7,34.0,35.0893385464626,36.38248417737519,10.984081700061395,on
7,35.0,35.09778141138924,36.38556411625317,10.073131340376301,on
7,36.0,35.10569199002913,36.38331296470326,10.159205225974338,on
7,37.0,35.119473756127455,36.38262707697836,10.906673128964105,on
7,38.0,35.11304146676973,36.38247196694352,11.064027380757746,on
7,39.0,35.10518695854861,36.38042386430732,12.056174255137531,on
7,40.0,35.11605206562723,36.37457310651492,13.048411890468369,on
7,41.0,35.134013447604815,36.37862975748812,13.143846498595837,on
7,42.0,35.13707152676949,36.385236490131625,14.401192072494936,on
7,43.0,35.15048182621952,36.376224744049686,14.632221230470826,on
7,44.0,35.14937088426187,36.37890361486879,15.028951616718224,on
7,45.0,35.16825997066884,36.37642313832428,14.96868462853259,on
7,46.0,35.20687144751952,36.37263836683488,15.61449380678479,on
7,47.0,35.22940602540918,36.361380749559224,14.774749215583704,on
7,48.0,35.23122004313596,36.345743323600466,14.142931667202935,on
7,49.0,35.19648317959868,36.341737109918185,16.018370547318305,on
7,50.0,35.16992692803853,36.34895832999437,15.272461004803448,on
7,51.0,35.146275758158964,36.354471624139784,15.769513012925444,on
7,52.0,35.1331406381191,36.34949003432756,15.77436123325902,on
7,53.0,35.145226076268045,36.3533138583722,16.118385914111506,on
7,54.0,35.151458828901724,36.355429071848675,16.62886888044251,on
7,55.0,35.173984607809444,36.359969763780384,16.20949126713803,on
7,56.0,35.18000768095236,36.35365286031437,16.360333791512726,on
7,57.0,35.17644859983988,36.3672124994923,16.57008617079513,on
7,58.0,35.19343209951401,36.364871336358846,15.849077836042998,on
7,59.0,35.20440107216268,36.362036681203676,16.617385455043838,on
7,60.0,35.21177508118207,36.36213709874048,16.592151323879023,on
7,61.0,35.21013214157865,36.359533378493474,15.886021867006521,on
7,62.0,35.213163516108004,36.345440876754566,16.187549776170947,on
7,63.0,35.229736118364045,36.3428495872453,16.129195707224653,on
7,64.0,35.221704511361104,36.348684585895796,15.696651981213687,on
7,65.0,35.22598714495984,36.35727432785456,15.570738257301056,on
7,66.0,35.22852239169037,36.3516630557269,16.287556482504495,on
7,67.0,35.24030315741902,36.337048625922215,16.70263087379447,on
7,68.0,35.25519304055576,36.33149499565677,15.855509716386614,on
7,69.0,35.26675495556883,36.31770477605841,15.728272798090305,on
7,70.0,35.247644809260834,36.32093078026064,15.355099244023865,on
7,71.0,35.23025455330916,36.32761099486656,15.53564488700216,on
7,72.0,35.199334077968686,36.32842829373184,16.577630627202858,on
7,73.0,35.1739103027332,36.32871000591247,16.32104756429124,on
7,74.0,35.17520857586106,36.33229310010902,16.81595620906476,on
7,75.0,35.17846488326735,36.34273252966519,17.426124810325717,on
7,76.0,35.18637402158378,36.34717395111673,17.75180759297946,on
7,77.0,35.189065392146624,36.33984004033089,17.895021122995338,on
7,78.0,35.18762387179303,36.33169062396375,19.10730171082098,on
7,79.0,35.23643739649912,36.32466164763516,18.576807151859665,on
7,80.0,35.258659643369406,36.31681501958304,16.808060522897087,on
7,81.0,35.24661415543316,36.30739093437699,16.44845963389498,on
7,82.0,35.230692945263826,36.30796799468805,16.232358955266378,on
7,83.0,35.204519891171046,36.313296065720046,16.740585388340325,on
7,84.0,35.17982802356249,36.321045550331206,15.552053145093819,on
7,85.0,35.16203421775916,36.32242221164973,16.699896159687057,on
7,86.0,35.179484826298804,36.31788152886136,17.12888225706903,on
7,87.0,35.19506792160338,36.312627339855666,16.305037892740884,on
7,88.0,35.191771934981105,36.321184876124214,17.047925649143608,on
7,89.0,35.187311148567474,36.32818316762798,16.79731611430765,on
7,90.0,35.19624512078543,36.318530094869395,16.89904178586972,on
7,91.0,35.20120539630641,36.33220144771191,16.876018632816617,on
7,92.0,35.189861881511526,36.33801161944203,15.681202546259744,on
7,93.0,35.19463461669805,36.341851661894935,15.982658844271246,on
7,94.0,35.20292458950542,36.34215643215795,16.381878045125863,on
7,95.0,35.219700997974435,36.34124309381894,16.216806394376903,on
7,96.0,35.22206369142447,36.3474890082682,16.71785988097617,on
7,97.0,35.24190441020153,36.34433637333301,16.273172550165434,on
7,98.0,35.24745306637035,36.3324902378209,15.50581705430254,on
7,99.0,35.23027141436774,36.32676245506123,15.869019412714525,on
7,100.0,35.22926677890786,36.31847308091543,16.17519817330561,on
7,101.0,35.24917041757897,36.31333219722271,15.370230360610535,on
7,102.0,35.24439851303278,36.3164091108305,15.349728523452635,on
7,103.0,35.233830968948645,36.31983877585845,16.18678096103958,on
7,104.0,35.22311856060297,36.31210451121446,16.25749630744184,on
7,105.0,35.21232752898783,36.31090216012572,17.106227413377447,on
7,106.0,35.21023453896784,36.307003251712494,17.320812209974633,on
7,107.0,35.240885030228306,36.299022522105,16.661812865997504,on
7,108.0,35.257518123171934,36.305313700984506,17.179731591168107,on
7,109.0,35.251531522299466,36.31691672079366,17.512982060223234,on
7,110.0,35.238897522673845,36.31474175641089,17.592625007256856,on
7,111.0,35.227119023009195,36.316568985449045,18.027908185826206,on
7,112.0,35.2118502772552,36.32440401301646,17.853331242803186,on
7,113.0,35.21022454189672,36.32096852050455,18.072578013704835,on
7,114.0,35.22449621644366,36.31441074816666,17.844586448786373,on
7,115.0,35.22340902589158,36.29491052391461,18.025275664045118,on
7,116.0,35.2283518584819,36.291849219487105,17.53483883846653,on
7,117.0,35.23136436798861,36.295390584179444,17.97146938233259,on
7,118.0,35.225767128618735,36.30078960542711,18.036046594609232,on
7,119.0,35.24395737463155,36.31385126251243,16.905555199926376,on
7,120.0,35.22339339269227,36.29726134530448,18.318017322206448,on
7,121.0,35.21998989649325,36.29375112457953,19.42825824105035,on
7,122.0,35.22914734757877,36.28408707546474,18.122924613971477,on
7,123.0,35.21948437458961,36.28554732501424,18.98038830531415,on
7,124.0,35.23122103932623,36.300721386248696,18.47673787282513,on
7,125.0,35.23207481954864,36.30227682742166,18.280490958035863,on
7,126.0,35.21840949857441,36.30140749221551,18.1466088698472,on
7,127.0,35.22160997523227,36.29434666476706,18.29709705676519,on
7,128.0,35.206682924212906,36.29334704628908,18.435266281406037,on
7,129.0,35.19816390926223,36.294882141750556,20.767584968301726,on
7,130.0,35.1843320064562,36.29931800469036,20.490638379528434,on
7,131.0,35.174418677715224,36.29933856835556,17.838623192351307,on
7,132.0,35.1833519034181,36.28910740757121,17.964226919257044,on
7,133.0,35.201507175006846,36.286717446271666,18.22254293822546,on
7,134.0,35.195012244788025,36.28613214967481,17.722777228670175,on
7,135.0,35.190673542164355,36.28143296453421,16.999864844450542,on
7,136.0,35.166685556028945,36.28709091601621,17.774135096155767,on
7,137.0,35.15586883327718,36.28013224897499,17.820685089044577,on
7,138.0,35.160727272253936,36.27688583057294,17.017516267425627,on
7,139.0,35.18278540606706,36.25841825138995,18.975359408452682,on
7,140.0,35.18051048384763,36.255567600295194,19.103649199496957,on
7,141.0,35.16802971182548,36.25917688061505,18.554001128389494,on
7,142.0,35.14862403645031,36.261093400759364,18.347332088484244,on
7,143.0,35.132088773189054,36.265093144205224,18.941737686003847,on
7,144.0,35.142384845619745,36.26718510446171,18.4718542042162,on
7,145.0,35.17295988459582,36.26214841293525,17.50035921393588,on
7,146.0,35.1872328373067,36.26003472207671,17.909844199403572,on
7,147.0,35.21059598064132,36.27208696811424,17.39697278079675,on
7,148.0,35.20665656317208,36.27437017241395,17.635733855483863,on
7,149.0,35.19332269610877,36.26972747094275,17.07111852143676,on
7,150.0,35.17240100421502,36.273795262162054,17.339424909923167,on
7,151.0,35.16460252497062,36.27475103983634,17.39592470332621,on
7,152.0,35.17181034848096,36.27554079335034,18.494028535933747,on
7,153.0,35.17679972331958,36.271382081382505,17.339455291592607,on
7,154.0,35.17762052399216,36.262130088106495,18.12256875723553,on
7,155.0,35.17581387628475,36.258927674511874,17.230618068714584,on
7,156.0,35.16518938593504,36.26229467236142,17.53507984313355,on
7,157.0,35.15412745778595,36.26121884827004,18.49416240938268,on
7,158.0,35.15916892716722,36.267443634233395,18.167079770864778,on
7,159.0,35.147006726298855,36.27639360416098,18.29703754766595,on
7,160.0,35.156844900316955,36.274051176967305,19.259407651687873,on
7,161.0,35.17991760003068,36.27614853971309,17.177449152430018,on
7,162.0,35.177976017961385,36.26872700196217,17.27588768345843,on
7,163.0,35.1773186788451,36.26383816284867,17.472531129984684,on
7,164.0,35.17673407667157,36.26349814002272,16.409425510121565,on
7,165.0,35.16926111672106,36.26543987228975,17.038997887726346,on
7,166.0,35.185310772919834,36.261130072625605,16.700212758053993,on
7,167.0,35.196391895899914,36.2608019220507,15.391976378334686,on
7,168.0,35.19386754097864,36.26451521880102,17.2072487310218,on
7,169.0,35.18843448800702,36.266032413199234,16.949547303800976,on
7,170.0,35.17082727855064,36.26443511489873,17.41260363747459,on
7,171.0,35.17911798310632,36.26749197786061,17.421364036538897,on
7,172.0,35.16033802039486,36.27531056745409,16.53681710176273,on
7,173.0,35.13528211484962,36.27675998838221,17.910403427731346,on
7,174.0,35.12430598758199,36.276626148526454,18.786700688578303,on
7,175.0,35.12029923699413,36.28100983416708,17.069453434928164,on
7,176.0,35.130708066760945,36.28258381602943,15.875146876043221,on
7,177.0,35.1183617461775,36.28510191186285,15.735811255736092,on
7,178.0,35.09887529586909,36.28184702847134,15.39607704510398,on
7,179.0,35.06592708621927,36.278502883903734,16.03843828712111,on
7,180.0,35.06532672520145,36.26656020796197,15.932390681396644,on
7,181.0,35.05538671376607,36.26410311776837,15.496225263003494,on
7,182.0,35.056149752991374,36.274454087188175,16.051538915481977,on
7,183.0,35.0513125768172,36.26881050529584,16.19783267348189,on
7,184.0,35.040400182762504,36.26678469306382,15.980396581281944,on
7,185.0,35.05124124220693,36.266370390793476,16.03396127159507,on
7,186.0,35.057636636431916,36.26138385205993,15.867042764050183,on
7,187.0,35.06707030981607,36.25096238431583,16.368272160737785,on
7,188.0,35.09753921354095,36.25507767581759,15.970511506390283,on
7,189.0,35.10941502783313,36.25470027075552,15.89504596012863,on
7,190.0,35.12592501857655,36.2418181807653,14.777115924897561,on
7,191.0,35.11473105651767,36.233137328268185,14.267949382855676,on
7,192.0,35.083451825929515,36.24032166118895,13.796568937405855,on
7,193.0,35.064065343474915,36.232551297620105,14.29882379869886,on
7,194.0,35.058394758162166,36.24053218340147,14.982608110572876,on
7,195.0,35.067032935721706,36.237254441595134,15.310262546380482,on
7,196.0,35.094649037439105,36.23426287272035,15.616398743278687,on
7,197.0,35.108540704646934,36.23462395515531,14.8404822169231,on
7,198.0,35.10744950571631,36.244741577675335,14.960348414673886,on
7,199.0,35.11255339644928,36.254060794280676,14.427753370802364,on
7,200.0,35.13176390744427,36.256066543028126,15.273158604413949,on
7,201.0,35.143886087986445,36.25874163508822,14.297096764583626,on
11,1.0,34.90750605149,36.375718768176974,7.63576437777118,on
11,2.0,34.89679091574551,36.37232810738821,7.794553755986038,on
11,3.0,34.87749384939938,36.38115993634941,7.495674499930047,on
11,4.0,34.86275782522881,36.38932935795903,7.7475514112898,on
11,5.0,34.84147063840444,36.385940043345315,7.275831986683249,on
11,6.0,34.82562088489216,36.375378969764135,7.224622130055961,on
11,7.0,34.8276120442547,36.362331725907545,6.7686024025395675,on
11,8.0,34.83157589924179,36.37050851810167,7.840848054974021,on
11,9.0,34.8363761156193,36.38147754843624,7.7315059440765905,on
11,10.0,34.847789051549206,36.384526198073175,7.1174756839929305,on
11,11.0,34.869237640291566,36.39019930960671,7.033401654911446,on
11,12.0,34.891074796382384,36.384153007542835,7.284373150219492,on
11,13.0,34.89903021118971,36.36959396724252,7.704219679004741,on
11,14.0,34.904195781276364,36.369173063404276,7.436680616892148,on
11,15.0,34.90469686921168,36.38107661287034,7.383515444558899,on
11,16.0,34.93749659167792,36.373451795593276,7.982383489414444,on
11,17.0,34.95971294692262,36.37043895500789,7.6969174384502494,on
11,18.0,34.940995828051776,36.371204269581085,7.624967321680736,on
11,19.0,34.97397288485188,36.379861569476574,8.404080919354145,on
11,20.0,34.97474094507304,36.38195091176875,7.955374413246744,on
11,21.0,34.97569876712724,36.37675545776475,8.314374209102791,on
11,22.0,34.98729614049344,36.36494932629053,9.130655055634207,on
11,23.0,35.006488767596124,36.36679469264113,9.10503111116205,on
11,24.0,35.02294782627434,36.36163230439615,9.49361065410288,on
11,25.0,35.01641724057213,36.35690538998002,8.947794545320676,on
11,26.0,35.02343976614803,36.359073116782156,8.793821749718855,on
11,27.0,35.01973183847313,36.36590110614978,8.549764657649774,on
11,28.0,34.99978335731947,36.378942191050456,8.982016000858117,on
11,29.0,35.01102997557974,36.375422741619694,10.201041741459113,on
11,30.0,35.0542061707281,36.38154512612118,10.636803263128693,on
11,31.0,35.08634736778979,36.373707612415195,10.51848119092108,on
11,32.0,35.11421803809976,36.36329503119261,9.845530959508435,on
11,33.0,35.10416274449519,36.37034181264732,10.438201798505911,on
11,34.0,35.09904056170682,36.37786931413279,11.550171611519117,on
11,35.0,35.13268578653476,36.384893636574915,11.636853485931915,on
11,36.0,35.14772961861573,36.38499758888293,11.270809715590733,on
11,37.0,35.167245435083586,36.38489245826547,11.718029780942839,on
11,38.0,35.17472931371026,36.38442389111557,11.80923997898449,on
11,39.0,35.162152791343644,36.38107050634094,12.531330990353963,on
11,40.0,35.1662257082247,36.385752941890885,14.28878578147173,on
11,41.0,35.1944415894876,36.38240337029663,13.261969999135875,on
11,42.0,35.19323948692674,36.3776670231163,14.218701276498368,on
11,43.0,35.19724132824493,36.377953592333746,13.969339215353141,on
11,44.0,35.21168687119701,36.36730406862324,14.11828340626168,on
11,45.0,35.22906235185608,36.35864008492209,15.030543775955366,on
11,46.0,35.21658198492348,36.36571541541323,13.543476775264576,on
11,47.0,35.20419748569964,36.36925794421357,14.424036410866794,on
11,48.0,35.210926866070906,36.37597246004312,14.48457213800997,on
11,49.0,35.226641820766744,36.37247492089429,14.226017024261534,on
11,50.0,35.21167484633213,36.372035873282925,16.4868091112451,on
11,51.0,35.201556377853855,36.377316161012445,15.110209763628506,on
11,52.0,35.18361568925007,36.37751558353002,15.408949137630373,on
11,53.0,35.19019443024863,36.385922050709524,15.672382975820856,on
11,54.0,35.224023746722615,36.38733188334435,15.237184017139334,on
11,55.0,35.21870556432907,36.38210739316898,14.762384213446598,on
11,56.0,35.215811560373716,36.38229541165601,15.425517140576709,on
11,57.0,35.20146984731502,36.3923969205167,14.701030861859849,on
11,58.0,35.21356348583015,36.385367148314444,14.786730361689564,on
11,59.0,35.21872872122548,36.386745622201744,15.753862195850143,on
11,60.0,35.213138553620944,36.39438628300138,15.539080060870841,on
11,61.0,35.21532290000735,36.39367589283396,15.491695254953395,on
11,62.0,35.206588769478664,36.39920671309758,16.10200386123756,on
11,63.0,35.22813647424864,36.392560562305476,16.73841600225852,on
11,64.0,35.24647007529928,36.39474826061596,16.445083312327277,on
11,65.0,35.23643250938309,36.40028909686465,17.004825209399044,on
11,66.0,35.23556834886214,36.40278844564757,17.02082580257914,on
11,67.0,35.25534055972385,36.4043640807816,18.095568941528978,on
11,68.0,35.263224468925635,36.40462357482994,17.628523240123116,on
11,69.0,35.27326499662773,36.398851470996576,17.711902277281233,on
11,70.0,35.28805577933826,36.38855213618619,16.525532109348518,on
11,71.0,35.24850613464056,36.39342350452703,18.80206348757087,on
11,72.0,35.232718710903335,36.38944377476567,18.3117651739243,on
11,73.0,35.23334987878131,36.38336739585584,19.526192997249858,on
11,74.0,35.23336055267552,36.383010812096806,17.66411527521054,on
11,75.0,35.243254937239634,36.37895271067566,18.230080813184713,on
11,76.0,35.24349845684667,36.382062225132294,18.577023579771257,on
11,77.0,35.27692395012271,36.37362205604196,18.447623617729587,on
11,78.0,35.2686413318097,36.37248526114287,18.300985467477055,on
11,79.0,35.2757070205109,36.3767764900138,17.2564470342045,on
11,80.0,35.2769562947692,36.364380813129735,16.77943881079093,on
11,81.0,35.26392011950373,36.360404288106594,17.07207333882036,on
11,82.0,35.26502196009679,36.357593284285976,17.596468295196058,on
11,83.0,35.27913042557754,36.35613393551392,17.957146865847186,on
11,84.0,35.275559372061394,36.354984482964426,17.538981847197398,on
11,85.0,35.263559620970504,36.363329922822196,18.09302934115866,on
11,86.0,35.252120773937975,36.358449685373216,19.537374983441154,on
11,87.0,35.28565418347737,36.34327882930608,18.811591134372748,on
11,88.0,35.27402582142983,36.33720861427618,17.992508821150466,on
11,89.0,35.25835519905953,36.34821748380487,19.06483727124746,on
11,90.0,35.230569535540795,36.34520184067202,19.8269446794476,on
11,91.0,35.23588861309266,36.344230147340376,20.695734112221707,on
11,92.0,35.2378604320898,36.3480089278929,19.687406306832273,on
11,93.0,35.24533725443004,36.35117040169593,19.949164862746706,on
11,94.0,35.26332760750774,36.35298289722757,19.872359472674397,on
11,95.0,35.29522227489641,36.34771518867419,19.07650709864232,on
11,96.0,35.292121218956616,36.33713721071242,19.05755032877517,on
11,97.0,35.304585793477244,36.33206269472918,20.10702497520608,on
11,98.0,35.30954992460774,36.3246020070992,18.846737524633483,on
11,99.0,35.29779475675558,36.3218196896611,19.204366802157217,on
11,100.0,35.26956465454906,36.330968603225976,19.81721738314974,on
11,101.0,35.26543925985626,36.33634165797,19.150997083330008,on
11,102.0,35.27491638603187,36.334713157699625,20.064860624848308,on
11,103.0,35.28107078742412,36.3319234070335,20.73285914376645,on
11,104.0,35.27187026956034,36.33591675565826,19.82580366959914,on
11,105.0,35.28303395609197,36.32512780968249,18.871936673724353,on
11,106.0,35.30854154828856,36.323408022767026,18.385834847059925,on
11,107.0,35.313281464910084,36.317136508096446,19.096089714720243,on
11,108.0,35.31902613430323,36.31419144627413,19.264112036394724,on
11,109.0,35.31068894818405,36.320028656357955,19.495658905488266,on
11,110.0,35.29352206774415,36.32134719028896,19.851556929432512,on
11,111.0,35.282751335858315,36.31005383084443,19.937646947663495,on
11,112.0,35.29234158696521,36.306587633173685,17.67826598440911,on
11,113.0,35.305275896552075,36.310545940063605,18.060310106573613,on
11,114.0,35.282058971875436,36.31285918974605,19.904040349194126,on
11,115.0,35.281247620633955,36.31030374992357,20.44764716949011,on
11,116.0,35.26441067759899,36.30516538774156,21.704007579239875,on
11,117.0,35.26162650185926,36.30293868868013,20.79176400402151,on
11,118.0,35.27052309026517,36.2959875993385,18.48860183451603,on
11,119.0,35.269421466249845,36.2945764624121,19.061245587181634,on
11,120.0,35.24652469004999,36.29858352158133,20.860146505943725,on
11,121.0,35.25571850956572,36.29220782313313,19.85776184293962,on
11,122.0,35.253802691150156,36.28415624452933,19.139546283804865,on
11,123.0,35.268972043018046,36.28435376560662,19.396140619627428,on
11,124.0,35.28372674384748,36.284646906883324,19.473107265163016,on
11,125.0,35.27816327408552,36.284649354394325,19.58661455399627,on
11,126.0,35.259091080887494,36.29373224114865,19.84275172483516,on
11,127.0,35.26522110349443,36.29747223599883,19.81690072481291,on
11,128.0,35.259825536861186,36.298634842060984,18.458732680923934,on
11,129.0,35.231291396752766,36.301933583177394,19.771216168067,on
11,130.0,35.21915115523096,36.299900494609595,20.498676635361917,on
11,131.0,35.23804033234709,36.29472720557317,20.434031511402452,on
11,132.0,35.2478852587676,36.28740909853622,19.856315779658757,on
11,133.0,35.24148175637409,36.28396268078119,20.79975417290202,on
11,134.0,35.25019860723505,36.29289928806319,21.054943042862458,on
11,135.0,35.272729102938285,36.29981575127989,18.895267800727407,on
11,136.0,35.28043196481743,36.288019457690616,19.78776690045016,on
11,137.0,35.26631879258106,36.28092149162872,19.656222495988878,on
11,138.0,35.269992350413396,36.28425556814244,19.484129800263574,on
11,139.0,35.28225569277298,36.28380886193832,20.915917597652932,on
11,140.0,35.268520501195304,36.28574932134809,19.545647311627217,on
11,141.0,35.270596812923564,36.28411180839889,20.475413751559817,on
11,142.0,35.27994370767534,36.275420172349506,18.947094955292545,on
11,143.0,35.24751415520247,36.27736256422841,19.653706118918322,on
11,144.0,35.21988391160756,36.27944255605243,18.676123581528053,on
11,145.0,35.205406687665594,36.27344287063625,18.815920522866527,on
11,146.0,35.19244992424927,36.28234517974483,17.826509089847747,on
11,147.0,35.16857259649389,36.2741221713677,20.42627434646547,on
11,148.0,35.18429107432514,36.264452882281844,20.308971069323455,on
11,149.0,35.16804430697774,36.2660065143398,21.85778568811217,on
11,150.0,35.19935141080163,36.26719680182068,19.641130383356703,on
11,151.0,35.190874072210754,36.2671917713004,18.116146268230285,on
21,1.0,34.895786956164834,36.37508075318403,8.020078021597474,on
21,2.0,34.88496730377713,36.391713976823134,7.912888124220335,on
21,3.0,34.90640824577349,36.40199275439485,7.928577911747823,on
21,4.0,34.918713756691886,36.40063198838067,8.843781075010986,on
21,5.0,34.936465480062395,36.396585950182924,8.519907723489325,on
21,6.0,34.97250951941841,36.393877816522824,8.178943786452958,on
21,7.0,34.98777646568772,36.3968878283377,8.592861189141889,on
21,8.0,34.99960202637604,36.40441456744276,8.715739527094534,on
21,9.0,35.00241060111615,36.40669898625113,7.9837515103551695,on
21,10.0,34.97892197052469,36.413781705535,8.175425534574927,on
21,11.0,34.989317447607625,36.41102410517316,9.45363369995536,on
21,12.0,34.98115918689689,36.403047957800325,9.091157654942513,on
21,13.0,34.98780717229856,36.41495588245316,8.983342641884319,on
21,14.0,35.01365851605601,36.4156001571977,9.160368776460484,on
21,15.0,35.03364125643659,36.412171719863046,8.734504787237988,on
21,16.0,35.061577898022385,36.402286716145646,9.838281690894654,on
21,17.0,35.08717318624171,36.39810973355133,10.354826784251422,on
21,18.0,35.11313268398622,36.39567480223754,10.197981230834579,on
21,19.0,35.118325803288876,36.393261170854544,11.132361497060497,on
21,20.0,35.15739382740676,36.38621346137142,10.81079920770096,on
21,21.0,35.15526632379212,36.3799363302139,10.440752479156782,on
21,22.0,35.14243109417182,36.37549966063846,10.42357074186049,on
21,23.0,35.139615159488294,36.36999855264691,11.398011318652312,on
21,24.0,35.14122845046932,36.37491387817417,11.297944152788368,on
21,25.0,35.14136196616404,36.379597665043775,11.62567442052989,on
21,26.0,35.15237092184961,36.37473158106804,11.538338701627362,on
21,27.0,35.15693354492151,36.3639723862325,12.468200873387161,on
21,28.0,35.16171583499312,36.360773104486164,12.078499968879964,on
21,29.0,35.16344045802129,36.363176200113045,11.969014901766686,on
21,30.0,35.15275739814723,36.35228084938875,12.720852297012433,on
21,31.0,35.16209324618859,36.35559707993267,12.512478670258353,on
21,32.0,35.16361655945219,36.353508462368175,12.745065650791451,on
21,33.0,35.17889942655937,36.34820800389179,13.09837310257258,on
21,34.0,35.20164439378383,36.340388507362995,12.793235190007898,on
21,35.0,35.21471102089359,36.3455371765201,13.543881086214444,on
21,36.0,35.20993219707313,36.36128264485901,12.48175801075075,on
21,37.0,35.213212733847314,36.36068621133696,12.923126131839627,on
21,38.0,35.199626772107926,36.36696805053357,12.18476823355995,on
21,39.0,35.17099623941956,36.36836562472432,12.325274123527194,on
21,40.0,35.14233599136873,36.36791068455295,13.047333461328344,on
21,41.0,35.151302136039334,36.37014090815095,14.112406338322852,on
21,42.0,35.14643986243977,36.36721367228868,13.55231978865741,on
21,43.0,35.1503597194954,36.367654440770266,14.16258483238962,on
21,44.0,35.142699852027214,36.37147041646788,13.778944694416833,on
21,45.0,35.14036027331369,36.36678240790504,13.738134832589314,on
21,46.0,35.16563379480639,36.359651981030694,13.87331656661286,on
21,47.0,35.185168620476404,36.35928898223283,14.188189007998059,on
21,48.0,35.18369328511091,36.37193526259561,14.09576220922336,on
21,49.0,35.1946163772629,36.371392927549614,14.108306580257292,on
21,50.0,35.19064428211384,36.36711926546276,13.725489296148499,on
21,51.0,35.180456108135644,36.36936674185955,14.513829458187072,on
21,52.0,35.222032529041094,36.36821511450475,15.10908979643277,on
21,53.0,35.23625310955184,36.36403725236351,13.873983310166793,on
21,54.0,35.245608466176925,36.36520835176127,14.076975862347537,on
21,55.0,35.23108551174065,36.35709335188248,14.040505758966,on
21,56.0,35.229986482249885,36.365121549720705,14.329741736825682,on
21,57.0,35.233687108197415,36.366799558701445,14.438448596340288,on
21,58.0,35.24699598731647,36.374691943874154,15.123788663095203,on
21,59.0,35.267891995192386,36.37760696590628,15.100086442029315,on
21,60.0,35.29020021130203,36.36390097832599,15.536287393612724,on
21,61.0,35.28755287438113,36.36172786586261,15.093690296264825,on
21,62.0,35.273838135643196,36.34950310749807,15.419428885169928,on
21,63.0,35.27236169266461,36.347326013436934,16.007509269174236,on
21,64.0,35.27973359394018,36.34123625822701,16.90853707193513,on
21,65.0,35.26632195907636,36.34042341578737,16.892429201300548,on
21,66.0,35.23719470583837,36.348856980721536,17.401416390849363,on
21,67.0,35.23647267520392,36.353392860618186,17.917851695660445,on
21,68.0,35.23232778721036,36.35646277907739,17.86130780089902,on
21,69.0,35.26752648442712,36.34608899966829,17.984505440230855,on
21,70.0,35.27110416375438,36.34237005188641,17.59956096331488,on
21,71.0,35.27056938970241,36.342549966639204,18.05274508629899,on
21,72.0,35.28747496407747,36.341798856202075,17.53777880819495,on
21,73.0,35.315822959115195,36.34025582113667,17.92744611792414,on
21,74.0,35.29127089043046,36.344492139697465,17.4428941022843,on
21,75.0,35.29089048794634,36.363004800326856,19.23830214805852,on
21,76.0,35.27511950878444,36.37496063062381,19.20600787719325,on
21,77.0,35.2873819700806,36.37747376490664,18.997815786927426,on
21,78.0,35.27954271731763,36.37484016478085,19.068537054007283,on
21,79.0,35.2739086342002,36.37045822303268,20.3921873144771,on
21,80.0,35.29373008120188,36.37375481094528,19.89643656011772,on
21,81.0,35.330161515812556,36.37323675995519,18.432426282407427,on
21,82.0,35.31730638974408,36.36349773458633,19.295598887625452,on
21,83.0,35.30151520207397,36.362356379626924,20.677488121201698,on
21,84.0,35.317962248804044,36.359660283668696,20.3875469144675,on
21,85.0,35.326810831822826,36.35304194188583,19.564642547983688,on
21,86.0,35.314690275843205,36.34838700587848,21.054197225854566,on
21,87.0,35.31589143027346,36.35110826383239,21.156645095922606,on
21,88.0,35.30955923776859,36.34945347731357,21.015021955091285,on
21,89.0,35.306628050362846,36.34895609504177,21.50045902358464,on
21,90.0,35.33594869672095,36.3503182703125,21.46328232724655,on
21,91.0,35.344579529488946,36.330270670129345,19.044603111088175,on
21,92.0,35.340142035344314,36.321880551043456,19.76038212443325,on
21,93.0,35.3305343368579,36.327254213205904,20.69439273174938,on
21,94.0,35.32160981206815,36.32129864001595,21.288409717452737,on
21,95.0,35.316746337284194,36.322921033321556,21.273249760954492,on
21,96.0,35.30401989989368,36.32496573853418,21.079056709585608,on
21,97.0,35.284793994751354,36.32305848903893,21.905582564217745,on
21,98.0,35.288547454598536,36.31390984946082,21.641552826077508,on
21,99.0,35.29539942277076,36.30310286699709,21.79364250639283,on
21,100.0,35.29812235354253,36.29585510121254,21.05897511048591,on
21,101.0,35.291132878650686,36.29374607081195,22.730826329419713,on
21,102.0,35.29065086312262,36.30532785728043,23.864761546396128,on
21,103.0,35.319966264266284,36.29638416727197,21.65776601099934,on
21,104.0,35.307717684366196,36.27958051341939,21.558313415196615,on
21,105.0,35.33007661719175,36.273387100152995,20.317350485684102,on
21,106.0,35.320663101306856,36.27320080618401,20.594189542858427,on
21,107.0,35.33633801828821,36.27509777180575,22.070378656498885,on
21,108.0,35.311834663087794,36.273285430346,21.29411454991341,on
21,109.0,35.29863716511165,36.273053523483775,21.189603254035468,on
21,110.0,35.30064062293773,36.25638227221297,22.023114035874855,on
21,111.0,35.278845965230175,36.25227175127021,20.64610184844855,on
21,112.0,35.25926773994146,36.261329623254724,22.157869292546323,on
21,113.0,35.268824557622416,36.26821448959982,22.354391940584147,on
21,114.0,35.280624129164586,36.284638520194264,21.248058750666637,on
21,115.0,35.284391617749236,36.29405896133254,20.087310340378103,on
21,116.0,35.288843381668094,36.29620345545599,21.57252811872594,on
21,117.0,35.31595009665657,36.294100138383335,20.074895523623724,on
21,118.0,35.311878643700744,36.29190140407025,21.73648190906534,on
21,119.0,35.32710701145851,36.28690412961268,20.74670480338848,on
21,120.0,35.32218529378619,36.29097242613876,21.83303754445099,on
21,121.0,35.31258501429741,36.290298733638856,22.732643998283592,on
21,122.0,35.30684969141477,36.297474624425675,22.383198201793853,on
21,123.0,35.30150707519033,36.29142441554728,20.884297107906825,on
21,124.0,35.303850792627706,36.28406683128197,20.26105519172302,on
21,125.0,35.29969776916752,36.2740369593217,22.66314722208663,on
21,126.0,35.317825628028544,36.25166845565128,20.223983309142334,on
21,127.0,35.3132809479741,36.245210034880685,19.812902659023287,on
21,128.0,35.302359980511746,36.2461096348216,20.92102156283099,on
21,129.0,35.28428794497655,36.25444127619729,21.84768740296868,on
21,130.0,35.29109017126385,36.25087437806445,20.173274761945542,on
21,131.0,35.30587180906574,36.24678946061833,19.324117679303853,on
21,132.0,35.30268147114191,36.24561224683847,18.75074276089091,on
21,133.0,35.27788572899735,36.24834811726912,18.752202046956597,on
21,134.0,35.26478670331081,36.248450594047036,20.870356244515577,on
21,135.0,35.252681229056684,36.2427598414745,21.051474586187428,on
21,136.0,35.23064450208638,36.24471849166108,21.54878764972125,on
21,137.0,35.21316945349098,36.24956051909735,21.32470951762909,on
21,138.0,35.194574794662415,36.24943695029631,20.283543014739635,on
21,139.0,35.16886878164403,36.24865985496195,22.92566818233557,on
21,140.0,35.18710687106796,36.260337027830815,22.13634896897031,on
21,141.0,35.177208494152104,36.27583507190541,22.84433883710085,on
21,142.0,35.18223941721579,36.29587713373743,22.262282542687398,on
21,143.0,35.19296861327951,36.289198389051556,20.960264001985664,on
21,144.0,35.20907621972152,36.27740240931781,20.332389874303168,on
21,145.0,35.20963067384858,36.28204078479942,20.028716052453106,on
21,146.0,35.196250980543034,36.28975356717504,19.99065701265669,on
21,147.0,35.20365165193014,36.291968419040145,21.369403842590522,on
21,148.0,35.20238437802979,36.287157259023815,20.724701980557107,on
21,149.0,35.192775604350075,36.28513576289109,20.983578296969792,on
21,150.0,35.173836981061044,36.289843438165654,20.819890967161527,on
21,151.0,35.14387711022398,36.28651039465557,22.505724205360124,on
73,1.0,34.63596987036986,36.38444243143743,7.885821219274357,on
73,2.0,34.658575718981304,36.382443020954874,7.919672407532842,on
73,3.0,34.70787601388905,36.38136812777032,9.335894576976525,on
73,4.0,34.75181822295144,36.386693175233944,8.728452267193896,on
73,5.0,34.791735103491206,36.38161053065259,8.103586286176904,on
73,6.0,34.84791523159541,36.37093834016064,7.297123069985405,on
73,7.0,34.87854821138396,36.3682904543471,7.1999761561037765,on
73,8.0,34.87435682082827,36.37415542825283,7.506962001298616,on
73,9.0,34.87332866357461,36.374683333624816,8.111745315098595,on
73,10.0,34.891470509609285,36.36674701995532,9.078059896714937,on
73,11.0,34.89349936807072,36.36649608846328,8.06739565059241,on
73,12.0,34.93162632423301,36.357186690249804,8.35257189423492,on
73,13.0,34.94073038245487,36.36206562582952,7.84205866913328,on
73,14.0,34.95854340662343,36.37197063915261,8.589358430384276,on
73,15.0,34.94339682940241,36.371876386300016,9.454591282408915,on
73,16.0,34.94810892644408,36.367498200010544,10.401204101156628,on
73,17.0,34.96304172124593,36.361898018010876,10.715007466782737,on
73,18.0,34.97908385658912,36.35979739240337,10.902879047200408,on
73,19.0,35.005842992372095,36.3646411723794,11.016091888560531,on
73,20.0,35.035160561300415,36.37247882756752,11.105265752315244,on
73,21.0,35.03866326233832,36.377978739985586,11.53610483636883,on
73,22.0,35.072236652396285,36.38685220451046,12.694563715559289,on
73,23.0,35.11529780181798,36.390309776816245,11.690145961343115,on
73,24.0,35.162140380519155,36.390447510979584,11.743410679691946,on
73,25.0,35.17498739868239,36.388831367941386,12.379569585983164,on
73,26.0,35.20502794615869,36.38716715837157,12.46915658071838,on
73,27.0,35.22748999738573,36.37863229261287,13.437180004274538,on
73,28.0,35.23075156238887,36.38067209025229,13.022448467004981,on
73,29.0,35.24313980382054,36.38657653358463,14.692528738021899,on
73,30.0,35.26846271227027,36.38380211733206,13.892624457723144,on
73,31.0,35.27415965368509,36.383836113261346,13.82805210105499,on
73,32.0,35.262686546986124,36.3768103708191,14.3048338259016,on
73,33.0,35.2490773795279,36.37251042321859,14.408555589920109,on
73,34.0,35.246185244518635,36.36409528569336,14.385437760960787,on
73,35.0,35.24706598411355,36.36719050855495,15.63518132195395,on
73,36.0,35.28896866519871,36.360242956854975,14.855451419208434,on
73,37.0,35.29421101164289,36.35527544808508,14.724221558007558,on
73,38.0,35.27353765579907,36.357899385507395,14.975691763992334,on
73,39.0,35.25240842455168,36.371911898407724,16.017684792696162,on
73,40.0,35.24953579897145,36.37349791101226,15.971772282402561,on
73,41.0,35.25563714794844,36.36706386970082,16.360751118576484,on
73,42.0,35.24011987710377,36.36778509884902,16.407012755196142,on
73,43.0,35.23486138847596,36.36052491063107,16.05197809072032,on
73,44.0,35.2264972500283,36.36677567923436,15.32276192573524,on
73,45.0,35.22300009231394,36.37452171510919,16.278252779848795,on
73,46.0,35.22345130324976,36.38575338512143,15.826123382916162,on
73,47.0,35.220043678809034,36.39212658950544,15.609638750012849,on
73,48.0,35.20544511111802,36.38356430916451,16.560762317312772,on
73,49.0,35.22198651161997,36.38114433836682,15.929149747710852,on
73,50.0,35.22122252335181,36.37791990377266,15.982731512270139,on
73,51.0,35.264799075166536,36.35737421156678,15.99434477619614,on
73,52.0,35.26265205295989,36.350462555626606,15.595439428834322,on
73,53.0,35.24757997779631,36.35946980885808,15.780754708350305,on
73,54.0,35.246943405444455,36.35682079448624,16.032940812226713,on
73,55.0,35.250812639076834,36.34733212662037,15.419974874547812,on
73,56.0,35.27190518240286,36.33552045774231,15.204503494522342,on
73,57.0,35.24553457633293,36.332794573637585,15.303071406971114,on
73,58.0,35.2372401952788,36.33413057209279,16.058262865565666,on
73,59.0,35.24526884766208,36.33207410931063,16.197835271691517,on
73,60.0,35.22836173531687,36.33460190907492,16.620526658770274,on
73,61.0,35.230660418681275,36.32928149960701,16.47092117766534,on
73,62.0,35.23089777595471,36.33964894266094,16.95851826923745,on
73,63.0,35.26538369661903,36.34402876755189,16.85245445812998,on
73,64.0,35.2641024019926,36.34897522236004,16.728819676420937,on
73,65.0,35.273635707955805,36.34093413002466,16.937073066775906,on
73,66.0,35.26573554694112,36.33368558615795,16.404093183611987,on
73,67.0,35.2596278087684,36.320662472068626,16.518845645099706,on
73,68.0,35.24792017859962,36.318334692922946,17.826202628205724,on
73,69.0,35.25980677690139,36.320003672301844,17.580609746731955,on
73,70.0,35.27234047537893,36.3127641560035,16.99647419668172,on
73,71.0,35.26806610400395,36.31000141445343,17.030738093285134,on
73,72.0,35.25607850430387,36.31686697733369,16.64242179819951,on
73,73.0,35.27229876181574,36.31895650024489,17.847560952945265,on
73,74.0,35.28348529133912,36.323744820161615,16.552098971634177,on
73,75.0,35.26478241139073,36.33843699655881,17.258937114555508,on
73,76.0,35.260089081114295,36.34819278892223,18.501542693544657,on
73,77.0,35.24077870857986,36.345912480854544,19.277026228411692,on
73,78.0,35.24728986358204,36.33898855303233,18.16563122504649,on
73,79.0,35.23760095021009,36.33972517459004,18.664882349333638,on
73,80.0,35.23638900893036,36.33714492091769,19.09721992277249,on
73,81.0,35.255985331665,36.334065627805174,18.33025954761807,on
73,82.0,35.26992249563031,36.323805706976295,18.347131671592106,on
73,83.0,35.26642129359507,36.3218454729791,19.576231089384947,on
73,84.0,35.286121000487206,36.32753783786547,19.69183789412476,on
73,85.0,35.30292490587149,36.32049257173591,19.868412322673002,on
73,86.0,35.307740306681644,36.31459903195814,19.13404215013758,on
73,87.0,35.32505018232863,36.317407338997164,18.00884694019564,on
73,88.0,35.31457844093771,36.31179546682644,18.015756031680667,on
73,89.0,35.31059973713377,36.30983900460385,18.705979988957573,on
73,90.0,35.298754849712395,36.31106679543653,19.308844169914657,on
73,91.0,35.29648835569602,36.30949166000802,19.64758841189274,on
73,92.0,35.29074355218266,36.311743144968055,19.396955195862894,on
73,93.0,35.25600146378078,36.31479900585637,20.655486818377106,on
73,94.0,35.22479873129676,36.318023885790375,21.044698226878754,on
73,95.0,35.24400817201545,36.31507311030583,21.12880065907192,on
73,96.0,35.262885294977394,36.31792198133121,21.40814006475631,on
73,97.0,35.24388070033749,36.30301800459153,21.263807996410605,on
73,98.0,35.247386331911976,36.30297464618802,21.38932029864157,on
73,99.0,35.25363309196626,36.30683725624865,20.289257354690477,on
73,100.0,35.260158989290176,36.310369376962505,20.847375127576626,on
73,101.0,35.249355131578675,36.31236008373893,20.78356866762337,on
73,102.0,35.27089906181155,36.31070930306998,20.937930029408555,on
73,103.0,35.29794025834641,36.30164288496703,18.46453391553821,on
73,104.0,35.31477937610955,36.29510600947562,18.22920715233052,on
73,105.0,35.29925918026191,36.29937781951046,19.439678423342528,on
73,106.0,35.30300790364282,36.299686933243905,19.685491081676403,on
73,107.0,35.31905485350259,36.30118685487737,17.927863580787943,on
73,108.0,35.303902991941314,36.29798967379715,18.74807469151009,on
73,109.0,35.29225613598139,36.28870591350576,19.096328473155015,on
73,110.0,35.272019078733656,36.28713356266459,20.316336336355974,on
73,111.0,35.2776358724935,36.29225963129254,19.920232333432914,on
73,112.0,35.268090171875365,36.282293123425774,20.858694046124057,on
73,113.0,35.25398129331855,36.281636815532806,21.723451264666735,on
73,114.0,35.244406854803536,36.280355722625046,22.341587309980284,on
73,115.0,35.25634008047467,36.29222746912548,21.9170661641132,on
73,116.0,35.25208080958119,36.294890102193214,21.825927876271038,on
73,117.0,35.26423435951017,36.30070434387832,21.114676941795352,on
73,118.0,35.27208404601396,36.2859022897103,21.52238189063361,on
73,119.0,35.2680304157876,36.289118190852825,21.529035284416423,on
73,120.0,35.277603453883145,36.2903191536066,19.26233898664267,on
73,121.0,35.275635010229834,36.2887003665563,20.853028506951865,on
73,122.0,35.27986335382767,36.29519872785417,21.4567259503212,on
73,123.0,35.273907343683746,36.29132685903951,21.62502634388941,on
73,124.0,35.287687080289054,36.28352170919785,20.454921782912322,on
73,125.0,35.28280516379352,36.27581256915479,20.822423206586578,on
73,126.0,35.2712828265781,36.28207895158952,20.449916411913044,on
73,127.0,35.24818467645556,36.280532379310195,22.219008218144477,on
73,128.0,35.250180023379755,36.275257879092756,20.763826093086756,on
73,129.0,35.233262056799155,36.283357672460774,19.578989395352096,on
73,130.0,35.23717193668627,36.285721793931366,19.92505784395236,on
73,131.0,35.2326373805933,36.27863646320591,19.793769440741798,on
73,132.0,35.230391448358056,36.28424567042239,19.878383713956104,on
73,133.0,35.23946722293317,36.27283985419015,20.527657279117655,on
73,134.0,35.25179719906708,36.274389734347,21.114320377652845,on
73,135.0,35.25663927850792,36.27872234485804,20.64512005934121,on
73,136.0,35.22919279915472,36.28283699462391,21.782948034043358,on
73,137.0,35.21989231691609,36.283818192998794,20.803257325597833,on
73,138.0,35.210633014271494,36.29199673936668,20.71965271070809,on
73,139.0,35.202659550402764,36.29347318729165,19.695978885316993,on
73,140.0,35.20491413638684,36.28393838480743,18.681845087295436,on
73,141.0,35.207473981757886,36.28189018739562,19.265486800244076,on
73,142.0,35.189389613004174,36.278550440261725,20.635182471984084,on
73,143.0,35.187254510894526,36.286147927054095,21.66415233183935,on
73,144.0,35.18792370454525,36.29094082321528,21.758441974625768,on
73,145.0,35.181554305962315,36.289958100089166,21.918009765429844,on
73,146.0,35.18976729749475,36.295555903238814,21.428254605723694,on
73,147.0,35.20057714957511,36.293302171383836,21.185965920205675,on
73,148.0,35.2057279647015,36.294117983111335,20.531317506569764,on
73,149.0,35.206064294398864,36.29376969795286,20.64317698886535,on
73,150.0,35.227970188119045,36.28364953228837,19.54822088463287,on
73,151.0,35.21914752812263,36.2805354277067,17.341166883048317,on
73,152.0,35.201559102525174,36.27282083146684,19.05020351357607,on
73,153.0,35.192294769514035,36.27587962072922,19.97171054891143,on
73,154.0,35.178724452847604,36.269413565749026,20.47763228109138,on
73,155.0,35.166096919328744,36.261525338127804,19.632529295039397,on
73,156.0,35.13674689811907,36.277042137619596,20.24567034714478,on
73,157.0,35.125211396789354,36.2810573168425,18.719269789309354,on
73,158.0,35.11519430429279,36.286779110630164,19.057405681860118,on
73,159.0,35.10317266704207,36.299756002973744,20.30498476365587,on
73,160.0,35.09638485307876,36.30524705472372,21.195036725623027,on
73,161.0,35.10440138521189,36.30204773218616,18.995296062985766,on
73,162.0,35.10676948199638,36.30139384606516,18.341428891669583,on
73,163.0,35.104296157191285,36.30087659518038,18.41331465662511,on
73,164.0,35.10599053958997,36.30248960971652,18.387000404580903,on
73,165.0,35.11696057646729,36.30020927832701,17.877281574390192,on
73,166.0,35.117919221540845,36.29288545897976,17.551385388496485,on
73,167.0,35.13424120672854,36.294485981631276,17.577870444274904,on
73,168.0,35.11094622381565,36.30918687010947,17.478117992678115,on
73,169.0,35.08675681661485,36.30304581149512,17.652818880429088,on
73,170.0,35.072462069994586,36.29346757587897,16.793478901026344,on
73,171.0,35.05702359160635,36.28856890782525,15.180024188862415,on
73,172.0,35.019057111286486,36.29413342952226,15.943911194366205,on
73,173.0,34.99039280693332,36.29227097124002,18.2744069569832,on
73,174.0,34.98078595089735,36.28549839472002,17.124469519288404,on
73,175.0,34.97975610208685,36.284125621498696,16.914705360126668,on
73,176.0,34.99391728036041,36.2808438458663,17.197782038582666,on
73,177.0,34.99864141695952,36.273861407714506,17.058453754677924,on
73,178.0,35.01485491404469,36.26964520782132,15.766063038735734,on
73,179.0,35.02004567203074,36.27488776915097,15.772619709207731,on
73,180.0,35.017278567794655,36.27856961410809,15.005934922183009,on
73,181.0,34.99570246232081,36.283758503882595,15.623290961734142,on
73,182.0,35.01348095084451,36.276389715862145,15.099344022749055,on
73,183.0,35.01336369918981,36.271606417939964,15.183426819986408,on
73,184.0,35.01322697302149,36.2775095419558,14.960525154997946,on
73,185.0,35.01125658607511,36.29167347454426,14.469218714903407,on
73,186.0,34.98562497899532,36.29950049960008,15.176003863933262,on
73,187.0,34.967864400775646,36.29429328955909,14.817064075043426,on
73,188.0,34.98001170626793,36.29080680453287,15.29750339479558,on
73,189.0,34.985411259158,36.288660951906685,14.83829641917146,on
73,190.0,34.97976117750261,36.28876794777411,15.101684427985589,on
73,191.0,34.98784699826244,36.30083072629615,14.893553756657942,on
73,192.0,35.00071895140172,36.29687909098392,15.82690786394447,on
73,193.0,35.01074667823933,36.30550556521578,15.453498065803945,on
73,194.0,35.02869492121546,36.314672999013766,14.85658344346908,on
73,195.0,35.038073067024385,36.31163715338856,14.839705038358815,on
73,196.0,35.05675422713635,36.30875201398838,14.794521546821946,on
73,197.0,35.071502019883944,36.31652004746388,14.539115609208775,on
73,198.0,35.077339375396726,36.3093813118281,13.822937908149004,on
73,199.0,35.08325373624381,36.30465572906788,14.174391336212782,on
73,200.0,35.091962727364034,36.300508949815516,14.293098834828985,on
73,201.0,35.07909130822767,36.29491138904519,14.131249129027687,on
